ts,game_id,listing_id,event,price,prev_price,section,row,seat,sold_delta
2026-09-25T20:09:15+00:00,730,de83e429b,existing,34.0,,33,30,8,
2026-09-25T20:09:15+00:00,730,7983ddf4f,existing,34.97,,28,42,18,
2026-09-25T20:09:15+00:00,730,d783dcf3b,existing,34.98,,26,34,3,
2026-09-25T20:09:15+00:00,730,7083dbe46,existing,34.99,,30,36,8,
2026-09-25T20:09:15+00:00,730,a983defb8,existing,35.0,,28,7,1,
2026-09-25T20:09:15+00:00,730,1683e62da,existing,35.0,,30,82,29,
2026-09-25T20:09:15+00:00,730,d782aebef,existing,35.0,,27,93,25,
2026-09-25T20:09:15+00:00,730,387f862f4,existing,36.0,,28,83,11,
2026-09-25T20:09:15+00:00,730,0270668bb,existing,37.0,,32,67,30,
2026-09-25T20:09:15+00:00,730,0183b199a,existing,37.0,,27,84,12,
2026-09-25T20:09:15+00:00,730,087e7aca5,existing,38.0,,29,40,6,
2026-09-25T20:09:15+00:00,730,eb83e83c5,existing,38.0,,31,36,16,
2026-09-25T20:09:15+00:00,730,6e8395d5d,existing,39.75,,34,37,29,
2026-09-25T20:09:15+00:00,730,a783e93ca,existing,39.95,,30,37,23,
2026-09-25T20:09:15+00:00,730,3d83bef78,existing,39.98,,27,22,16,
2026-09-25T20:09:15+00:00,730,fa7cc49de,existing,39.99,,32,84,1,
2026-09-25T20:09:15+00:00,730,f3837543c,existing,39.99,,25,23,3,
2026-09-25T20:09:15+00:00,730,ec7d6ad80,existing,40.0,,30,81,1,
2026-09-25T20:09:15+00:00,730,2983ae884,existing,40.0,,25,93,3,
2026-09-25T20:09:15+00:00,730,0d83ad847,existing,40.0,,28,79,22,
2026-09-25T20:09:15+00:00,730,3a83b0926,existing,40.0,,31,64,26,
2026-09-25T20:09:15+00:00,730,b180bb5c9,existing,40.0,,26,14,25,
2026-09-25T20:09:15+00:00,730,417f4d827,existing,40.0,,26,95,2,
2026-09-25T20:09:15+00:00,730,3c80b41d6,existing,40.0,,32,62,21,
2026-09-25T20:09:15+00:00,730,3f83b8ce6,existing,40.0,,31,88,42,
2026-09-25T20:09:15+00:00,730,78832f293,existing,40.0,,28,89,32,
2026-09-25T20:09:15+00:00,730,898350797,existing,40.0,,30,36,5,
2026-09-25T20:09:15+00:00,730,ea83d7c18,existing,40.0,,25,86,8,
2026-09-25T20:09:15+00:00,730,6e815da86,existing,40.0,,30,85,30,
2026-09-25T20:09:15+00:00,730,998367dea,existing,40.0,,30,77,22,
2026-09-25T20:09:15+00:00,730,0e82b1c68,existing,40.0,,26,53,15,
2026-09-25T20:09:15+00:00,730,6683e0088,existing,40.0,,27,37,5,
2026-09-25T20:09:15+00:00,730,6783e20aa,existing,40.0,,26,22,13,
2026-09-25T20:09:15+00:00,730,3183733d8,existing,40.0,,30,36,12,
2026-09-25T20:09:15+00:00,730,9482e681a,existing,40.0,,31,65,16,
2026-09-25T20:09:15+00:00,730,ad82285cc,existing,40.0,,27,70,12,
2026-09-25T20:09:15+00:00,730,3382d62e7,existing,40.0,,27,87,33,
2026-09-25T20:09:15+00:00,730,c98342556,existing,41.99,,28,43,24,
2026-09-25T20:09:15+00:00,730,d982e44c2,existing,42.0,,32,95,4,
2026-09-25T20:09:15+00:00,730,a883a21ee,existing,42.0,,32,47,21,
2026-09-25T20:09:15+00:00,730,a3830b1c7,existing,42.0,,28,66,32,
2026-09-25T20:09:15+00:00,730,b28339446,existing,42.0,,26,21,17,
2026-09-25T20:09:15+00:00,730,aa83a5336,existing,42.0,,31,11,28,
2026-09-25T20:09:15+00:00,730,2e83c211f,existing,42.0,,34,83,14,
2026-09-25T20:09:15+00:00,730,468321bf6,existing,42.49,,34,65,27,
2026-09-25T20:09:15+00:00,730,628362c79,existing,43.0,,32,39,16,
2026-09-25T20:09:15+00:00,730,f783764e7,existing,43.0,,31,17,16,
2026-09-25T20:09:15+00:00,730,7c7d7e7f3,existing,44.0,,27,30,16,
2026-09-25T20:09:15+00:00,730,dd825f17e,existing,44.0,,28,13,1,
2026-09-25T20:09:15+00:00,730,d68399e47,existing,44.0,,27,87,3,
2026-09-25T20:09:15+00:00,730,af82ed7af,existing,44.5,,32,22,14,
2026-09-25T20:09:15+00:00,730,cf83a8442,existing,44.99,,27,83,37,
2026-09-25T20:09:15+00:00,730,5983807ec,existing,44.99,,31,17,8,
2026-09-25T20:09:15+00:00,730,9682b7007,existing,45.0,,32,83,7,
2026-09-25T20:09:15+00:00,730,9382b8008,existing,45.0,,32,83,3,
2026-09-25T20:09:15+00:00,730,9782d41f1,existing,45.0,,34,60,29,
2026-09-25T20:09:15+00:00,730,5d6426227,existing,45.0,,32,27,1,
2026-09-25T20:09:15+00:00,730,858010a50,existing,45.0,,31,43,3,
2026-09-25T20:09:15+00:00,730,b181fdffe,existing,45.0,,31,51,12,
2026-09-25T20:09:15+00:00,730,3a4fe60ee,existing,45.0,,26,46,27,
2026-09-25T20:09:15+00:00,730,f57e14719,existing,45.0,,27,91,5,
2026-09-25T20:09:15+00:00,730,61678d9e2,existing,45.0,,34,43,19,
2026-09-25T20:09:15+00:00,730,e98308054,existing,45.0,,32,48,19,
2026-09-25T20:09:15+00:00,730,9477782c1,existing,45.0,,31,20,46,
2026-09-25T20:09:15+00:00,730,2c713e8a2,existing,45.0,,26,21,8,
2026-09-25T20:09:15+00:00,730,e7708ab04,existing,45.0,,34,50,26,
2026-09-25T20:09:15+00:00,730,f48265463,existing,45.0,,28,35,13,
2026-09-25T20:09:15+00:00,730,808264418,existing,45.0,,32,86,1,
2026-09-25T20:09:15+00:00,730,6683144f9,existing,45.0,,33,56,26,
2026-09-25T20:09:15+00:00,730,70839e020,existing,45.0,,30,42,1,
2026-09-25T20:09:15+00:00,730,e6826ca94,existing,45.0,,30,89,7,
2026-09-25T20:09:15+00:00,730,548235c69,existing,45.0,,25,75,12,
2026-09-25T20:09:15+00:00,730,c4839dfe8,existing,45.0,,34,65,29,
2026-09-25T20:09:15+00:00,730,9381737ec,existing,45.0,,32,93,13,
2026-09-25T20:09:15+00:00,730,e77684851,existing,45.0,,32,84,15,
2026-09-25T20:09:15+00:00,730,8e827b4c9,existing,45.0,,32,78,7,
2026-09-25T20:09:15+00:00,730,f383b5c32,existing,45.0,,29,83,21,
2026-09-25T20:09:15+00:00,730,ba6215fbb,existing,45.0,,34,86,23,
2026-09-25T20:09:15+00:00,730,e782d1ef7,existing,45.0,,33,36,15,
2026-09-25T20:09:15+00:00,730,d4832e1e5,existing,45.0,,28,89,10,
2026-09-25T20:09:15+00:00,730,e283bdf6e,existing,45.0,,28,83,23,
2026-09-25T20:09:15+00:00,730,cc83302e1,existing,45.0,,33,74,10,
2026-09-25T20:09:15+00:00,730,bc83353db,existing,45.0,,28,77,34,
2026-09-25T20:09:15+00:00,730,fb8283be8,existing,45.0,,33,36,24,
2026-09-25T20:09:15+00:00,730,418000117,existing,45.0,,26,44,4,
2026-09-25T20:09:15+00:00,730,38833f50b,existing,45.0,,29,54,7,
2026-09-25T20:09:15+00:00,730,0a828bebe,existing,45.0,,34,49,23,
2026-09-25T20:09:15+00:00,730,488346621,existing,45.0,,25,78,6,
2026-09-25T20:09:15+00:00,730,ba8352861,existing,45.0,,30,96,27,
2026-09-25T20:09:15+00:00,730,6f835cb53,existing,45.0,,33,48,29,
2026-09-25T20:09:15+00:00,730,517d32b5a,existing,45.0,,33,13,7,
2026-09-25T20:09:15+00:00,730,268296784,existing,45.0,,26,85,6,
2026-09-25T20:09:15+00:00,730,aa8365d97,existing,45.0,,28,86,41,
2026-09-25T20:09:15+00:00,730,b28295734,existing,45.0,,30,66,4,
2026-09-25T20:09:15+00:00,730,0380fd7b2,existing,45.0,,30,87,34,
2026-09-25T20:09:15+00:00,730,207e20f49,existing,45.0,,32,85,30,
2026-09-25T20:09:15+00:00,730,e2836f0af,existing,45.0,,30,51,19,
2026-09-25T20:09:15+00:00,730,d683cd67a,existing,45.0,,34,88,27,
2026-09-25T20:09:15+00:00,730,bc83e3247,existing,45.0,,33,79,8,
2026-09-25T20:09:15+00:00,730,0d838893f,existing,45.0,,33,54,14,
2026-09-25T20:09:15+00:00,730,3d8126b8e,existing,45.0,,30,41,1,
2026-09-25T20:09:15+00:00,730,ad82505fd,existing,46.0,,29,95,19,
2026-09-25T20:09:15+00:00,730,8b7f702b9,existing,46.39,,31,85,1,
2026-09-25T20:09:15+00:00,730,0a7f38822,existing,47.0,,33,28,29,
2026-09-25T20:09:15+00:00,730,01817059c,existing,47.0,,33,37,22,
2026-09-25T20:09:15+00:00,730,1f8397e0e,existing,47.0,,33,74,8,
2026-09-25T20:09:15+00:00,730,357790a72,existing,47.0,,25,49,11,
2026-09-25T20:09:15+00:00,730,737b96d81,existing,47.0,,25,53,7,
2026-09-25T20:09:15+00:00,730,5881e86ca,existing,47.0,,28,48,2,
2026-09-25T20:09:15+00:00,730,ff831eadb,existing,47.0,,28,95,9,
2026-09-25T20:09:15+00:00,730,348273f97,existing,47.0,,28,72,36,
2026-09-25T20:09:15+00:00,730,a0827a35b,existing,47.0,,27,24,1,
2026-09-25T20:09:15+00:00,730,388050c5c,existing,47.0,,32,56,28,
2026-09-25T20:09:15+00:00,730,4f814e6fe,existing,47.0,,30,58,16,
2026-09-25T20:09:15+00:00,730,b08372361,existing,47.0,,25,26,4,
2026-09-25T20:09:15+00:00,730,b382b9058,existing,48.0,,26,68,23,
2026-09-25T20:09:15+00:00,730,a682c54dc,existing,48.0,,34,60,18,
2026-09-25T20:09:15+00:00,730,e1802fb50,existing,48.0,,27,87,35,
2026-09-25T20:09:15+00:00,730,da80b8488,existing,48.0,,28,62,22,
2026-09-25T20:09:15+00:00,730,7a7e4bacb,existing,48.0,,26,79,8,
2026-09-25T20:09:15+00:00,730,b080e7894,existing,48.0,,30,87,27,
2026-09-25T20:09:15+00:00,730,a783c846a,existing,48.0,,32,89,6,
2026-09-25T20:09:15+00:00,730,f480581b4,existing,48.0,,31,4,14,
2026-09-25T20:09:15+00:00,730,2b7e9e312,existing,48.99,,33,A,14,
2026-09-25T20:09:15+00:00,730,aa7df7740,existing,49.0,,31,91,30,
2026-09-25T20:09:15+00:00,730,54807c797,existing,49.0,,34,75,25,
2026-09-25T20:09:15+00:00,730,787bfe984,existing,49.0,,32,43,4,
2026-09-25T20:09:15+00:00,730,8080fa564,existing,49.0,,33,6,5,
2026-09-25T20:09:15+00:00,730,a57fdd86a,existing,49.49,,33,40,25,
2026-09-25T20:09:15+00:00,730,466f0bab4,existing,49.5,,29,49,18,
2026-09-25T20:09:15+00:00,730,75816e387,existing,49.99,,27,91,38,
2026-09-25T20:09:15+00:00,730,897dcbf89,existing,49.99,,30,85,20,
2026-09-25T20:09:15+00:00,730,5c822c768,existing,49.99,,34,64,20,
2026-09-25T20:09:15+00:00,730,6082a61e9,existing,50.0,,27,83,10,
2026-09-25T20:09:15+00:00,730,53814c6de,existing,50.0,,31,78,1,
2026-09-25T20:09:15+00:00,730,897fcb325,existing,50.0,,30,85,2,
2026-09-25T20:09:15+00:00,730,337d26d34,existing,50.0,,29,26,6,
2026-09-25T20:09:15+00:00,730,c87fdc7e7,existing,50.0,,31,35,19,
2026-09-25T20:09:15+00:00,730,ca82ca9cd,existing,50.0,,31,80,33,
2026-09-25T20:09:15+00:00,730,2682d20f8,existing,50.0,,27,39,10,
2026-09-25T20:09:15+00:00,730,aa6f8dcb0,existing,50.0,,31,26,14,
2026-09-25T20:09:15+00:00,730,f681f5bee,existing,50.0,,29,21,6,
2026-09-25T20:09:15+00:00,730,62817bc1d,existing,50.0,,28,49,19,
2026-09-25T20:09:15+00:00,730,4282f25f3,existing,50.0,,33,17,10,
2026-09-25T20:09:15+00:00,730,e6526f617,existing,50.0,,29,65,31,
2026-09-25T20:09:15+00:00,730,36746cb73,existing,50.0,,34,43,24,
2026-09-25T20:09:15+00:00,730,ae7c47ee3,existing,50.0,,31,79,4,
2026-09-25T20:09:15+00:00,730,cc8185958,existing,50.0,,25,42,11,
2026-09-25T20:09:15+00:00,730,4a8392cb2,existing,50.0,,28,25,5,
2026-09-25T20:09:15+00:00,730,a57a34fd4,existing,50.0,,27,34,14,
2026-09-25T20:09:15+00:00,730,d682f5ce6,existing,50.0,,29,74,26,
2026-09-25T20:09:15+00:00,730,888090423,existing,50.0,,29,78,23,
2026-09-25T20:09:15+00:00,730,7c80b73f3,existing,50.0,,25,70,6,
2026-09-25T20:09:15+00:00,730,f67c03afe,existing,50.0,,28,19,15,
2026-09-25T20:09:15+00:00,730,687e179f9,existing,50.0,,32,83,6,
2026-09-25T20:09:15+00:00,730,177fa39a9,existing,50.0,,30,21,4,
2026-09-25T20:09:15+00:00,730,127f6d251,existing,50.0,,28,61,6,
2026-09-25T20:09:15+00:00,730,fd81a495a,existing,50.0,,32,21,3,
2026-09-25T20:09:15+00:00,730,7a7f9b48b,existing,50.0,,30,52,1,
2026-09-25T20:09:15+00:00,730,e47fa8f73,existing,50.0,,27,33,20,
2026-09-25T20:09:15+00:00,730,c77f57e7d,existing,50.0,,26,68,24,
2026-09-25T20:09:15+00:00,730,397dce001,existing,50.0,,30,35,1,
2026-09-25T20:09:15+00:00,730,ca839bea6,existing,50.0,,27,66,32,
2026-09-25T20:09:15+00:00,730,7a804b9b2,existing,50.0,,25,25,9,
2026-09-25T20:09:15+00:00,730,88804fc53,existing,50.0,,28,86,17,
2026-09-25T20:09:15+00:00,730,e47f885b0,existing,50.0,,31,93,23,
2026-09-25T20:09:15+00:00,730,89826232a,existing,50.0,,28,24,8,
2026-09-25T20:09:15+00:00,730,5b8263349,existing,50.0,,28,41,4,
2026-09-25T20:09:15+00:00,730,618299b35,existing,50.0,,25,23,1,
2026-09-25T20:09:15+00:00,730,307e747ff,existing,50.0,,33,33,20,
2026-09-25T20:09:15+00:00,730,09824b2aa,existing,50.0,,27,34,17,
2026-09-25T20:09:15+00:00,730,c381b953d,existing,50.0,,32,81,25,
2026-09-25T20:09:15+00:00,730,9d8312463,existing,50.0,,26,86,3,
2026-09-25T20:09:15+00:00,730,a28268668,existing,50.0,,27,27,2,
2026-09-25T20:09:15+00:00,730,3d81c99f2,existing,50.0,,28,8,12,
2026-09-25T20:09:15+00:00,730,1b8211c21,existing,50.0,,28,39,8,
2026-09-25T20:09:15+00:00,730,828213d01,existing,50.0,,32,84,7,
2026-09-25T20:09:15+00:00,730,bd8257aea,existing,50.0,,26,33,11,
2026-09-25T20:09:15+00:00,730,6a8316560,existing,50.0,,31,63,9,
2026-09-25T20:09:15+00:00,730,af7f2c52a,existing,50.0,,32,91,19,
2026-09-25T20:09:15+00:00,730,41822128e,existing,50.0,,26,28,12,
2026-09-25T20:09:15+00:00,730,7b826a99f,existing,50.0,,26,19,23,
2026-09-25T20:09:15+00:00,730,7983196a5,existing,50.0,,26,15,20,
2026-09-25T20:09:15+00:00,730,1782234c6,existing,50.0,,31,b,2,
2026-09-25T20:09:15+00:00,730,f7826dbb8,existing,50.0,,30,95,9,
2026-09-25T20:09:15+00:00,730,3a829dda6,existing,50.0,,33,4,22,
2026-09-25T20:09:15+00:00,730,2081e7687,existing,50.0,,31,28,19,
2026-09-25T20:09:15+00:00,730,c782a3e56,existing,50.0,,26,81,20,
2026-09-25T20:09:15+00:00,730,0c8237cf6,existing,50.0,,31,87,40,
2026-09-25T20:09:15+00:00,730,5f8271edd,existing,50.0,,27,79,10,
2026-09-25T20:09:15+00:00,730,018272efa,existing,50.0,,29,67,18,
2026-09-25T20:09:15+00:00,730,0982988f1,existing,50.0,,34,96,24,
2026-09-25T20:09:15+00:00,730,a1827628c,existing,50.0,,33,11,28,
2026-09-25T20:09:15+00:00,730,8680c3cf7,existing,50.0,,29,40,19,
2026-09-25T20:09:15+00:00,730,128329ec7,existing,50.0,,28,67,5,
2026-09-25T20:09:15+00:00,730,cd832b102,existing,50.0,,25,35,12,
2026-09-25T20:09:15+00:00,730,168334394,existing,50.0,,25,9,6,
2026-09-25T20:09:15+00:00,730,fc7ecbeeb,existing,50.0,,32,63,15,
2026-09-25T20:09:15+00:00,730,9f80dd2da,existing,50.0,,32,90,20,
2026-09-25T20:09:15+00:00,730,de833d4d8,existing,50.0,,33,92,10,
2026-09-25T20:09:15+00:00,730,8583558c9,existing,50.0,,29,62,4,
2026-09-25T20:09:15+00:00,730,d98374420,existing,50.0,,27,34,4,
2026-09-25T20:09:15+00:00,730,b583ce6db,existing,50.0,,28,67,31,
2026-09-25T20:09:15+00:00,730,868118126,existing,50.0,,27,85,37,
2026-09-25T20:09:15+00:00,730,82811f52d,existing,50.0,,26,61,10,
2026-09-25T20:09:15+00:00,730,2f81216a1,existing,50.0,,29,49,16,
2026-09-25T20:09:15+00:00,730,ef837e740,existing,50.0,,26,46,17,
2026-09-25T20:09:15+00:00,730,698123973,existing,50.0,,25,22,3,
2026-09-25T20:09:15+00:00,730,d681249f5,existing,50.0,,25,5,8,
2026-09-25T20:09:15+00:00,730,bf8389a42,existing,50.0,,28,70,22,
2026-09-25T20:09:15+00:00,730,357c1df87,existing,50.99,,28,12,7,
2026-09-25T20:09:15+00:00,730,2e82a737b,existing,51.29,,33,33,5,
2026-09-25T20:09:15+00:00,730,e27d23979,existing,52.0,,33,20,7,
2026-09-25T20:09:15+00:00,730,307fbcab6,existing,52.0,,31,14,11,
2026-09-25T20:09:15+00:00,730,7680274a4,existing,52.0,,31,54,14,
2026-09-25T20:09:15+00:00,730,567f8309f,existing,52.0,,32,61,28,
2026-09-25T20:09:15+00:00,730,1481c16f9,existing,52.0,,32,44,8,
2026-09-25T20:09:15+00:00,730,1b7f59eef,existing,52.5,,26,68,19,
2026-09-25T20:09:15+00:00,730,8c821c108,existing,53.0,,34,86,25,
2026-09-25T20:09:15+00:00,730,647a3f721,existing,54.0,,33,42,3,
2026-09-25T20:09:15+00:00,730,c48094534,existing,54.2,,28,64,7,
2026-09-25T20:09:15+00:00,730,2d7cb7d6b,existing,54.5,,28,50,25,
2026-09-25T20:09:15+00:00,730,267d3a225,existing,54.98,,34,95,21,
2026-09-25T20:09:15+00:00,730,a28347629,existing,54.99,,32,96,39,
2026-09-25T20:09:15+00:00,730,56807756e,existing,55.0,,26,43,7,
2026-09-25T20:09:15+00:00,730,c082ba174,existing,55.0,,32,54,1,
2026-09-25T20:09:15+00:00,730,cc82c33da,existing,55.0,,27,95,20,
2026-09-25T20:09:15+00:00,730,d37eace35,existing,55.0,,25,21,9,
2026-09-25T20:09:15+00:00,730,277fda4c0,existing,55.0,,32,91,15,
2026-09-25T20:09:15+00:00,730,267fe1f7c,existing,55.0,,28,28,8,
2026-09-25T20:09:15+00:00,730,cd7dfc8ed,existing,55.0,,31,91,32,
2026-09-25T20:09:15+00:00,730,777da1d80,existing,55.0,,27,52,10,
2026-09-25T20:09:15+00:00,730,8f70f05a0,existing,55.0,,29,90,18,
2026-09-25T20:09:15+00:00,730,9e77ff099,existing,55.0,,30,84,40,
2026-09-25T20:09:15+00:00,730,c27e080d5,existing,55.0,,33,8,19,
2026-09-25T20:09:15+00:00,730,517e0f3e7,existing,55.0,,26,41,11,
2026-09-25T20:09:15+00:00,730,dc7bd13bc,existing,55.0,,33,40,11,
2026-09-25T20:09:15+00:00,730,077e2724c,existing,55.0,,30,83,21,
2026-09-25T20:09:15+00:00,730,227e2e46c,existing,55.0,,26,55,8,
2026-09-25T20:09:15+00:00,730,7b7f153d2,existing,55.0,,29,46,22,
2026-09-25T20:09:15+00:00,730,e5830a19c,existing,55.0,,31,90,32,
2026-09-25T20:09:15+00:00,730,e87f5e3ad,existing,55.0,,27,93,7,
2026-09-25T20:09:15+00:00,730,ec829fdc3,existing,55.0,,33,9,10,
2026-09-25T20:09:15+00:00,730,b18281af9,existing,55.0,,32,94,18,
2026-09-25T20:09:15+00:00,730,43828cf9f,existing,55.0,,27,90,27,
2026-09-25T20:09:15+00:00,730,c98356923,existing,55.0,,32,44,7,
2026-09-25T20:09:15+00:00,730,348294629,existing,55.0,,31,80,17,
2026-09-25T20:09:15+00:00,730,318363d55,existing,55.0,,30,85,34,
2026-09-25T20:09:15+00:00,730,148105b3c,existing,55.0,,32,43,2,
2026-09-25T20:09:15+00:00,730,3f7c90eab,existing,57.99,,29,47,1,
2026-09-25T20:09:15+00:00,730,f67e89df0,existing,58.0,,27,65,11,
2026-09-25T20:09:15+00:00,730,bd77bf044,existing,58.0,,33,18,13,
2026-09-25T20:09:15+00:00,730,d47d946c4,existing,58.0,,29,43,22,
2026-09-25T20:09:15+00:00,730,3e7db68d5,existing,58.0,,29,33,4,
2026-09-25T20:09:15+00:00,730,717c953f8,existing,58.0,,27,52,1,
2026-09-25T20:09:15+00:00,730,e97e66dc0,existing,58.0,,31,93,32,
2026-09-25T20:09:15+00:00,730,9980c5f84,existing,58.0,,29,86,33,
2026-09-25T20:09:15+00:00,730,c5836af29,existing,58.0,,32,83,10,
2026-09-25T20:09:15+00:00,730,ef742166b,existing,59.0,,34,61,20,
2026-09-25T20:09:15+00:00,730,5c7f4e90f,existing,59.99,,28,89,25,
2026-09-25T20:09:15+00:00,730,da83e52a8,existing,59.99,,26,80,9,
2026-09-25T20:09:15+00:00,730,3977a98e0,existing,60.0,,26,46,22,
2026-09-25T20:09:15+00:00,730,2180764ed,existing,60.0,,31,34,7,
2026-09-25T20:09:15+00:00,730,2d7d27dd5,existing,60.0,,30,79,34,
2026-09-25T20:09:15+00:00,730,fd75d752f,existing,60.0,,33,39,12,
2026-09-25T20:09:15+00:00,730,11814f70c,existing,60.0,,27,92,19,
2026-09-25T20:09:15+00:00,730,e5721e4cb,existing,60.0,,33,35,7,
2026-09-25T20:09:15+00:00,730,fa7c323da,existing,60.0,,26,B,22,
2026-09-25T20:09:15+00:00,730,3182b5f34,existing,60.0,,29,89,5,
2026-09-25T20:09:15+00:00,730,f572e06f0,existing,60.0,,33,95,5,
2026-09-25T20:09:15+00:00,730,457b29e2e,existing,60.0,,32,22,15,
2026-09-25T20:09:15+00:00,730,637ed23cf,existing,60.0,,28,2,5,
2026-09-25T20:09:15+00:00,730,967c5c91b,existing,60.0,,27,27,13,
2026-09-25T20:09:15+00:00,730,9f805a25d,existing,60.0,,29,33,21,
2026-09-25T20:09:15+00:00,730,107da5eeb,existing,60.0,,29,78,31,
2026-09-25T20:09:15+00:00,730,0e75b8579,existing,60.0,,30,89,35,
2026-09-25T20:09:15+00:00,730,1e768db85,existing,60.0,,26,75,5,
2026-09-25T20:09:15+00:00,730,c68030b7a,existing,60.0,,26,51,22,
2026-09-25T20:09:15+00:00,730,657bbb1ca,existing,60.0,,31,83,3,
2026-09-25T20:09:15+00:00,730,597dd4192,existing,60.0,,34,57,26,
2026-09-25T20:09:15+00:00,730,d8819d63b,existing,60.0,,32,35,7,
2026-09-25T20:09:15+00:00,730,09718c24b,existing,60.0,,30,43,10,
2026-09-25T20:09:15+00:00,730,ae68eb6c7,existing,60.0,,29,55,5,
2026-09-25T20:09:15+00:00,730,fa7c6323b,existing,60.0,,26,10,18,
2026-09-25T20:09:15+00:00,730,4a80e355f,existing,60.0,,30,91,37,
2026-09-25T20:09:15+00:00,730,698364d5d,existing,60.0,,28,29,1,
2026-09-25T20:09:15+00:00,730,567354ae8,existing,60.75,,28,37,2,
2026-09-25T20:09:15+00:00,730,a67ed76f5,existing,62.0,,29,95,32,
2026-09-25T20:09:15+00:00,730,3874525bd,existing,62.0,,33,96,20,
2026-09-25T20:09:15+00:00,730,0881a0724,existing,63.0,,28,29,8,
2026-09-25T20:09:15+00:00,730,da720d3b8,existing,64.0,,28,31,15,
2026-09-25T20:09:15+00:00,730,1076d9931,existing,65.0,,28,17,20,
2026-09-25T20:09:15+00:00,730,537a08e2d,existing,65.0,,29,82,38,
2026-09-25T20:09:15+00:00,730,6c7942597,existing,65.0,,31,6,5,
2026-09-25T20:09:15+00:00,730,1b595de38,existing,65.0,,32,45,11,
2026-09-25T20:09:15+00:00,730,3d81fae7f,existing,65.0,,29,78,27,
2026-09-25T20:09:15+00:00,730,747a6c53f,existing,65.0,,26,59,26,
2026-09-25T20:09:15+00:00,730,bf755ac68,existing,65.0,,34,81,10,
2026-09-25T20:09:15+00:00,730,cf6a8e7d5,existing,66.0,,31,55,18,
2026-09-25T20:09:15+00:00,730,3f6f7c407,existing,69.95,,28,96,34,
2026-09-25T20:09:15+00:00,730,aa7c60de8,existing,70.0,,28,77,5,
2026-09-25T20:09:15+00:00,730,f173793e9,existing,70.0,,29,64,14,
2026-09-25T20:09:15+00:00,730,5c50b8f49,existing,70.0,,29,49,17,
2026-09-25T20:09:15+00:00,730,747bedddf,existing,70.0,,33,82,2,
2026-09-25T20:09:15+00:00,730,6d7f6e276,existing,70.0,,31,85,4,
2026-09-25T20:09:15+00:00,730,7874a9008,existing,70.0,,27,29,13,
2026-09-25T20:09:15+00:00,730,bb824c397,existing,70.0,,26,94,5,
2026-09-25T20:09:15+00:00,730,d18218edc,existing,70.0,,29,83,22,
2026-09-25T20:09:15+00:00,730,7f838aa61,existing,70.0,,31,74,3,
2026-09-25T20:09:15+00:00,730,e57c5a52d,existing,75.0,,25,19,8,
2026-09-25T20:09:15+00:00,730,9582bf301,existing,75.0,,32,54,8,
2026-09-25T20:09:15+00:00,730,6277c5260,existing,75.0,,29,94,28,
2026-09-25T20:09:15+00:00,730,94537c165,existing,76.5,,29,94,22,
2026-09-25T20:09:15+00:00,730,be8142115,existing,80.0,,31,13,25,
2026-09-25T20:09:15+00:00,730,3051dfa04,existing,80.0,,29,82,3,
2026-09-25T20:09:15+00:00,730,87822b6e2,existing,80.0,,27,70,6,
2026-09-25T20:09:15+00:00,730,596280731,existing,89.0,,30,48,21,
2026-09-25T20:09:15+00:00,730,3b8127be0,existing,91.0,,27,22,17,
2026-09-25T20:09:15+00:00,730,68515aa4c,existing,92.25,,28,59,16,
2026-09-25T20:09:15+00:00,730,784f806ea,existing,92.25,,28,49,25,
2026-09-25T20:09:15+00:00,730,ff4fb44cb,existing,97.5,,32,78,23,
2026-09-25T20:09:15+00:00,730,e750097a5,existing,99.59,,29,82,4,
2026-09-25T20:09:15+00:00,730,7063fab51,existing,100.0,,32,63,3,
2026-09-25T20:09:15+00:00,730,f975be6f6,existing,100.0,,31,51,3,
2026-09-25T20:09:15+00:00,730,9e5854d02,existing,100.0,,29,85,42,
2026-09-25T20:09:15+00:00,730,3080a561f,existing,100.0,,33,66,8,
2026-09-25T20:09:15+00:00,730,ab5095105,existing,108.0,,30,42,8,
2026-09-25T20:09:15+00:00,730,147007ebe,existing,115.0,,33,7,29,
2026-09-25T20:09:15+00:00,730,7650e52f5,existing,160.5,,30,58,24,
2026-09-25T20:09:15+00:00,730,5a7ceead9,existing,400.0,,34,90,26,
2026-09-25T20:09:15+00:00,730,1962358c1,existing,553.0,,31,85,11,
2026-09-25T20:09:15+00:00,731,6683cc5bf,existing,34.5,,28,88,16,
2026-09-25T20:09:15+00:00,731,54838eb29,existing,35.0,,29,80,4,
2026-09-25T20:09:15+00:00,731,1357d31c9,existing,38.0,,30,65,28,
2026-09-25T20:09:15+00:00,731,2e7fef2aa,existing,39.99,,32,89,38,
2026-09-25T20:09:15+00:00,731,4255296c8,existing,40.0,,28,63,4,
2026-09-25T20:09:15+00:00,731,636fedfdf,existing,40.0,,32,24,3,
2026-09-25T20:09:15+00:00,731,b16aa5e40,existing,40.0,,25,50,1,
2026-09-25T20:09:15+00:00,731,e153e6b28,existing,40.0,,30,65,18,
2026-09-25T20:09:15+00:00,731,8181d5e5d,existing,40.0,,30,90,24,
2026-09-25T20:09:15+00:00,731,c880d6dd3,existing,40.0,,28,18,15,
2026-09-25T20:09:15+00:00,731,1766282ad,existing,40.0,,30,66,27,
2026-09-25T20:09:15+00:00,731,39834a6bc,existing,40.0,,26,54,6,
2026-09-25T20:09:15+00:00,731,557397243,existing,40.0,,29,81,18,
2026-09-25T20:09:15+00:00,731,a6821e15d,existing,42.0,,33,93,10,
2026-09-25T20:09:15+00:00,731,b1723c49c,existing,42.5,,31,34,20,
2026-09-25T20:09:15+00:00,731,0d809ba3c,existing,44.0,,30,27,15,
2026-09-25T20:09:15+00:00,731,a082b6fc9,existing,44.8,,26,14,19,
2026-09-25T20:09:15+00:00,731,9d83c7374,existing,44.9,,26,71,20,
2026-09-25T20:09:15+00:00,731,9b60e3d72,existing,44.99,,30,39,5,
2026-09-25T20:09:15+00:00,731,83706356e,existing,45.0,,25,12,3,
2026-09-25T20:09:15+00:00,731,456142422,existing,45.0,,27,54,29,
2026-09-25T20:09:15+00:00,731,c47f3ecec,existing,45.0,,30,55,4,
2026-09-25T20:09:15+00:00,731,dc6187850,existing,45.0,,33,41,21,
2026-09-25T20:09:15+00:00,731,266822c65,existing,45.0,,29,34,3,
2026-09-25T20:09:15+00:00,731,2975abe18,existing,45.0,,26,89,12,
2026-09-25T20:09:15+00:00,731,dc6e24ee2,existing,45.0,,34,92,13,
2026-09-25T20:09:15+00:00,731,436857dfa,existing,45.0,,27,42,24,
2026-09-25T20:09:15+00:00,731,8164d2b3d,existing,45.0,,30,33,19,
2026-09-25T20:09:15+00:00,731,db82097ea,existing,45.0,,31,51,12,
2026-09-25T20:09:15+00:00,731,2d8100999,existing,45.0,,28,88,21,
2026-09-25T20:09:15+00:00,731,ff77b6d25,existing,45.0,,32,51,9,
2026-09-25T20:09:15+00:00,731,866af8f89,existing,45.0,,31,63,5,
2026-09-25T20:09:15+00:00,731,ea824f5fc,existing,46.0,,30,81,6,
2026-09-25T20:09:15+00:00,731,fd7b7346f,existing,46.5,,25,94,7,
2026-09-25T20:09:15+00:00,731,d974823d5,existing,47.0,,33,37,14,
2026-09-25T20:09:15+00:00,731,b78091459,existing,47.0,,25,23,8,
2026-09-25T20:09:15+00:00,731,a77e09119,existing,47.0,,27,95,2,
2026-09-25T20:09:15+00:00,731,dd67a2a0b,existing,48.0,,33,49,17,
2026-09-25T20:09:15+00:00,731,fe826761e,existing,48.0,,34,85,21,
2026-09-25T20:09:15+00:00,731,b16ecf775,existing,48.99,,33,8,9,
2026-09-25T20:09:15+00:00,731,5b7dc4be0,existing,49.0,,28,26,11,
2026-09-25T20:09:15+00:00,731,e25fdc096,existing,49.0,,29,63,26,
2026-09-25T20:09:15+00:00,731,f27d5da0b,existing,49.98,,31,53,28,
2026-09-25T20:09:15+00:00,731,5c6fa6942,existing,49.99,,28,73,37,
2026-09-25T20:09:15+00:00,731,306cc2fb8,existing,49.99,,30,65,2,
2026-09-25T20:09:15+00:00,731,66560ad91,existing,49.99,,29,89,37,
2026-09-25T20:09:15+00:00,731,667bf667d,existing,49.99,,26,27,9,
2026-09-25T20:09:15+00:00,731,68837135e,existing,49.99,,29,24,5,
2026-09-25T20:09:15+00:00,731,e27deb200,existing,50.0,,32,75,8,
2026-09-25T20:09:15+00:00,731,c57152dd2,existing,50.0,,27,58,13,
2026-09-25T20:09:15+00:00,731,0881539a8,existing,50.0,,27,39,10,
2026-09-25T20:09:15+00:00,731,827df66dd,existing,50.0,,25,84,4,
2026-09-25T20:09:15+00:00,731,467eb10c1,existing,50.0,,31,66,33,
2026-09-25T20:09:15+00:00,731,757ea6996,existing,50.0,,25,86,3,
2026-09-25T20:09:15+00:00,731,c47d6ff31,existing,50.0,,31,63,7,
2026-09-25T20:09:15+00:00,731,985f2956b,existing,50.0,,31,94,10,
2026-09-25T20:09:15+00:00,731,f280074a0,existing,50.0,,28,78,33,
2026-09-25T20:09:15+00:00,731,f4577b657,existing,50.0,,33,78,2,
2026-09-25T20:09:15+00:00,731,637736da1,existing,50.0,,28,64,2,
2026-09-25T20:09:15+00:00,731,5d7f6f286,existing,50.0,,33,78,23,
2026-09-25T20:09:15+00:00,731,4860c6d0a,existing,50.0,,34,44,19,
2026-09-25T20:09:15+00:00,731,8a54d2f9b,existing,50.0,,27,80,7,
2026-09-25T20:09:15+00:00,731,147ee9e11,existing,50.0,,25,5,11,
2026-09-25T20:09:15+00:00,731,5d78c5d47,existing,50.0,,31,39,13,
2026-09-25T20:09:15+00:00,731,0f7a1e896,existing,50.0,,32,46,22,
2026-09-25T20:09:15+00:00,731,63707f4bf,existing,50.0,,31,54,19,
2026-09-25T20:09:15+00:00,731,6f742f59b,existing,50.0,,27,65,21,
2026-09-25T20:09:15+00:00,731,9859f28c4,existing,50.0,,27,50,6,
2026-09-25T20:09:15+00:00,731,1f57f850a,existing,50.0,,31,17,40,
2026-09-25T20:09:15+00:00,731,075f51f96,existing,50.0,,31,93,3,
2026-09-25T20:09:15+00:00,731,ad7e1bcef,existing,50.0,,29,66,5,
2026-09-25T20:09:15+00:00,731,006ec4bc2,existing,50.0,,29,55,28,
2026-09-25T20:09:15+00:00,731,987f1ec63,existing,50.0,,30,31,5,
2026-09-25T20:09:15+00:00,731,3c7d0ed86,existing,50.0,,30,90,4,
2026-09-25T20:09:15+00:00,731,fe830f2ad,existing,50.0,,34,74,26,
2026-09-25T20:09:15+00:00,731,6a6f1308b,existing,50.0,,30,92,24,
2026-09-25T20:09:15+00:00,731,707e230b3,existing,50.0,,27,95,1,
2026-09-25T20:09:15+00:00,731,447bdd25a,existing,50.0,,27,86,38,
2026-09-25T20:09:15+00:00,731,8b721aede,existing,50.0,,31,66,22,
2026-09-25T20:09:15+00:00,731,a75d619b2,existing,50.0,,29,62,8,
2026-09-25T20:09:15+00:00,731,b36ff35d5,existing,50.0,,31,6,26,
2026-09-25T20:09:15+00:00,731,18801d010,existing,50.0,,31,96,16,
2026-09-25T20:09:15+00:00,731,fb8089f46,existing,50.0,,29,54,5,
2026-09-25T20:09:15+00:00,731,5483134e7,existing,50.0,,26,17,18,
2026-09-25T20:09:15+00:00,731,9281ceb54,existing,50.0,,34,50,29,
2026-09-25T20:09:15+00:00,731,517333bee,existing,50.0,,27,44,6,
2026-09-25T20:09:15+00:00,731,9b828d27c,existing,50.0,,28,90,23,
2026-09-25T20:09:15+00:00,731,177d0c969,existing,51.0,,33,13,4,
2026-09-25T20:09:15+00:00,731,205483c98,existing,52.0,,26,45,28,
2026-09-25T20:09:15+00:00,731,267735d6f,existing,53.0,,30,90,38,
2026-09-25T20:09:15+00:00,731,ac7da4ebd,existing,53.0,,29,66,16,
2026-09-25T20:09:15+00:00,731,da8324d90,existing,53.0,,27,93,10,
2026-09-25T20:09:15+00:00,731,4c7ff16e6,existing,54.0,,33,86,22,
2026-09-25T20:09:15+00:00,731,fe7d34dd7,existing,55.0,,33,41,20,
2026-09-25T20:09:15+00:00,731,d98177a62,existing,55.0,,27,41,17,
2026-09-25T20:09:15+00:00,731,787c4ffa0,existing,55.0,,32,65,11,
2026-09-25T20:09:15+00:00,731,717175f08,existing,55.0,,31,67,14,
2026-09-25T20:09:15+00:00,731,c973e016d,existing,55.0,,29,53,3,
2026-09-25T20:09:15+00:00,731,567d9a945,existing,55.0,,30,59,20,
2026-09-25T20:09:15+00:00,731,a07ef549e,existing,55.0,,33,60,7,
2026-09-25T20:09:15+00:00,731,7981869ee,existing,55.0,,33,92,14,
2026-09-25T20:09:15+00:00,731,da7cd6470,existing,55.0,,26,46,4,
2026-09-25T20:09:15+00:00,731,3d7be58cb,existing,55.0,,31,28,9,
2026-09-25T20:09:15+00:00,731,8075bf794,existing,55.0,,31,51,3,
2026-09-25T20:09:15+00:00,731,be820da16,existing,55.0,,33,37,13,
2026-09-25T20:09:15+00:00,731,1a81c791d,existing,55.0,,31,64,24,
2026-09-25T20:09:15+00:00,731,cc74aa04f,existing,57.5,,31,9,35,
2026-09-25T20:09:15+00:00,731,527c355d5,existing,57.98,,25,94,8,
2026-09-25T20:09:15+00:00,731,547842bfb,existing,58.0,,28,76,12,
2026-09-25T20:09:15+00:00,731,ac7a0d03f,existing,58.0,,33,28,19,
2026-09-25T20:09:15+00:00,731,317ceb9c4,existing,58.0,,30,50,19,
2026-09-25T20:09:15+00:00,731,6c7cb0eb8,existing,58.0,,30,56,23,
2026-09-25T20:09:15+00:00,731,48803d1b4,existing,58.0,,29,66,30,
2026-09-25T20:09:15+00:00,731,f7749285b,existing,58.5,,26,41,8,
2026-09-25T20:09:15+00:00,731,b46f141b7,existing,59.0,,32,66,27,
2026-09-25T20:09:15+00:00,731,077f99321,existing,59.99,,27,90,21,
2026-09-25T20:09:15+00:00,731,2570d09dd,existing,60.0,,27,77,4,
2026-09-25T20:09:15+00:00,731,155920ead,existing,60.0,,32,40,3,
2026-09-25T20:09:15+00:00,731,f87dee3c8,existing,60.0,,28,73,33,
2026-09-25T20:09:15+00:00,731,1154b59d0,existing,60.0,,33,25,6,
2026-09-25T20:09:15+00:00,731,a87bab474,existing,60.0,,26,37,27,
2026-09-25T20:09:15+00:00,731,5e78598a3,existing,60.0,,29,89,41,
2026-09-25T20:09:15+00:00,731,1b7eade73,existing,60.0,,25,6,3,
2026-09-25T20:09:15+00:00,731,d876bff88,existing,60.0,,32,54,20,
2026-09-25T20:09:15+00:00,731,ca7695f40,existing,60.0,,31,6,17,
2026-09-25T20:09:15+00:00,731,956e644d7,existing,60.0,,32,26,13,
2026-09-25T20:09:15+00:00,731,fe7024d88,existing,60.0,,31,57,6,
2026-09-25T20:09:15+00:00,731,d07b3e690,existing,60.0,,31,57,9,
2026-09-25T20:09:15+00:00,731,ec7260047,existing,60.0,,33,64,26,
2026-09-25T20:09:15+00:00,731,c77517f7c,existing,60.0,,26,53,26,
2026-09-25T20:09:15+00:00,731,977e02db7,existing,60.0,,25,22,11,
2026-09-25T20:09:15+00:00,731,3373a9871,existing,60.0,,29,96,30,
2026-09-25T20:09:15+00:00,731,48818024d,existing,60.0,,26,14,16,
2026-09-25T20:09:15+00:00,731,db631bfd2,existing,60.0,,33,4,6,
2026-09-25T20:09:15+00:00,731,7e56f9503,existing,60.0,,30,88,40,
2026-09-25T20:09:15+00:00,731,8268a65b1,existing,60.0,,33,88,10,
2026-09-25T20:09:15+00:00,731,f07449226,existing,60.0,,29,62,16,
2026-09-25T20:09:15+00:00,731,f582e97a1,existing,60.0,,29,77,21,
2026-09-25T20:09:15+00:00,731,a376b49cf,existing,60.0,,27,81,36,
2026-09-25T20:09:15+00:00,731,ba79121b6,existing,60.0,,31,65,4,
2026-09-25T20:09:15+00:00,731,72790f11d,existing,60.0,,29,47,17,
2026-09-25T20:09:15+00:00,731,6f79bf05e,existing,60.0,,32,74,6,
2026-09-25T20:09:15+00:00,731,377ce0e2d,existing,60.0,,26,28,28,
2026-09-25T20:09:15+00:00,731,27619b132,existing,60.0,,31,62,18,
2026-09-25T20:09:15+00:00,731,277578a1e,existing,60.0,,28,42,3,
2026-09-25T20:09:15+00:00,731,ec7caab0c,existing,60.0,,33,42,21,
2026-09-25T20:09:15+00:00,731,657bf8892,existing,60.0,,28,22,3,
2026-09-25T20:09:15+00:00,731,b664fb289,existing,60.0,,30,21,4,
2026-09-25T20:09:15+00:00,731,ee670162b,existing,60.0,,27,95,4,
2026-09-25T20:09:15+00:00,731,187d88c64,existing,60.0,,27,52,29,
2026-09-25T20:09:15+00:00,731,827f1fe62,existing,60.0,,28,49,17,
2026-09-25T20:09:15+00:00,731,4078b989a,existing,60.0,,32,84,35,
2026-09-25T20:09:15+00:00,731,0f807a75e,existing,60.0,,31,76,34,
2026-09-25T20:09:15+00:00,731,7b7d3915c,existing,60.0,,30,40,3,
2026-09-25T20:09:15+00:00,731,d47eb30e9,existing,60.5,,31,63,20,
2026-09-25T20:09:15+00:00,731,ea73782e2,existing,60.67,,27,92,11,
2026-09-25T20:09:15+00:00,731,2981528c2,existing,63.5,,30,58,16,
2026-09-25T20:09:15+00:00,731,b6703ce61,existing,63.99,,27,77,11,
2026-09-25T20:09:15+00:00,731,c371b3627,existing,64.0,,31,59,29,
2026-09-25T20:09:15+00:00,731,3b813665a,existing,65.0,,28,1,7,
2026-09-25T20:09:15+00:00,731,f779c94dc,existing,65.0,,30,63,5,
2026-09-25T20:09:15+00:00,731,e37ba7f86,existing,65.0,,30,57,30,
2026-09-25T20:09:15+00:00,731,9f7fc7192,existing,65.0,,30,65,23,
2026-09-25T20:09:15+00:00,731,1676fda74,existing,65.0,,30,54,6,
2026-09-25T20:09:15+00:00,731,a6687a5ee,existing,65.0,,29,81,34,
2026-09-25T20:09:15+00:00,731,107edc807,existing,65.0,,33,52,18,
2026-09-25T20:09:15+00:00,731,d86e7c2ae,existing,65.0,,29,37,13,
2026-09-25T20:09:15+00:00,731,e97ef9616,existing,65.0,,27,81,5,
2026-09-25T20:09:15+00:00,731,5b55cf7c6,existing,65.0,,27,80,2,
2026-09-25T20:09:15+00:00,731,3a74e1f0d,existing,65.0,,30,48,17,
2026-09-25T20:09:15+00:00,731,a07c8fe31,existing,65.0,,29,93,15,
2026-09-25T20:09:15+00:00,731,c2718f490,existing,65.0,,27,51,22,
2026-09-25T20:09:15+00:00,731,9c7bc2c89,existing,65.0,,28,32,17,
2026-09-25T20:09:15+00:00,731,e8510d84d,existing,65.0,,28,72,36,
2026-09-25T20:09:15+00:00,731,df7161508,existing,65.0,,26,49,22,
2026-09-25T20:09:15+00:00,731,d175769a3,existing,65.0,,27,29,10,
2026-09-25T20:09:15+00:00,731,aa7d15228,existing,65.0,,25,49,11,
2026-09-25T20:09:15+00:00,731,217f97168,existing,65.0,,29,86,30,
2026-09-25T20:09:15+00:00,731,a07e5a63b,existing,65.0,,31,59,19,
2026-09-25T20:09:15+00:00,731,757f50bee,existing,65.0,,27,39,15,
2026-09-25T20:09:15+00:00,731,516122b57,existing,65.0,,31,66,27,
2026-09-25T20:09:15+00:00,731,6b73ab958,existing,65.0,,32,64,15,
2026-09-25T20:09:15+00:00,731,9d80f2fa8,existing,65.0,,33,62,29,
2026-09-25T20:09:15+00:00,731,f2740a69a,existing,65.0,,28,42,6,
2026-09-25T20:09:15+00:00,731,3b811e41e,existing,65.0,,28,43,22,
2026-09-25T20:09:15+00:00,731,7874885fd,existing,66.66,,27,81,6,
2026-09-25T20:09:15+00:00,731,d983d38b4,existing,67.0,,29,80,19,
2026-09-25T20:09:15+00:00,731,175c9e4b7,existing,67.67,,30,42,14,
2026-09-25T20:09:15+00:00,731,2b7c10f91,existing,67.67,,28,90,9,
2026-09-25T20:09:15+00:00,731,518178a9c,existing,69.0,,33,60,25,
2026-09-25T20:09:15+00:00,731,45763472c,existing,69.0,,26,26,2,
2026-09-25T20:09:15+00:00,731,f780615c2,existing,69.0,,26,36,13,
2026-09-25T20:09:15+00:00,731,5b5c20d94,existing,69.0,,27,79,21,
2026-09-25T20:09:15+00:00,731,9f51b331e,existing,69.0,,28,48,7,
2026-09-25T20:09:15+00:00,731,ff80da16a,existing,69.0,,33,12,24,
2026-09-25T20:09:15+00:00,731,b670c986f,existing,69.5,,32,77,28,
2026-09-25T20:09:15+00:00,731,7b72efa17,existing,69.67,,31,80,29,
2026-09-25T20:09:15+00:00,731,977cd8580,existing,70.0,,26,91,19,
2026-09-25T20:09:15+00:00,731,c07e01c90,existing,70.0,,31,17,27,
2026-09-25T20:09:15+00:00,731,c07f5c2af,existing,70.0,,27,47,13,
2026-09-25T20:09:15+00:00,731,0c7f35766,existing,70.0,,27,48,26,
2026-09-25T20:09:15+00:00,731,4c588c636,existing,70.0,,29,53,6,
2026-09-25T20:09:15+00:00,731,107ecceee,existing,70.0,,29,65,1,
2026-09-25T20:09:15+00:00,731,2275019e2,existing,70.0,,33,86,8,
2026-09-25T20:09:15+00:00,731,8a71fd54a,existing,70.0,,31,43,3,
2026-09-25T20:09:15+00:00,731,f1773c312,existing,70.0,,26,57,29,
2026-09-25T20:09:15+00:00,731,db52073fc,existing,70.0,,31,35,1,
2026-09-25T20:09:15+00:00,731,4a5d30204,existing,70.0,,27,84,31,
2026-09-25T20:09:15+00:00,731,f672e172f,existing,70.0,,33,95,5,
2026-09-25T20:09:15+00:00,731,c18391c08,existing,70.0,,27,87,33,
2026-09-25T20:09:15+00:00,731,9080b51e9,existing,70.0,,29,84,32,
2026-09-25T20:09:15+00:00,731,3866aa4c9,existing,70.0,,30,96,9,
2026-09-25T20:09:15+00:00,731,98700a076,existing,70.0,,31,17,7,
2026-09-25T20:09:15+00:00,731,4779b3c25,existing,70.0,,29,61,3,
2026-09-25T20:09:15+00:00,731,5e7cd442b,existing,70.0,,34,93,11,
2026-09-25T20:09:15+00:00,731,c97d02c2c,existing,70.0,,26,52,19,
2026-09-25T20:09:15+00:00,731,357bbc202,existing,70.0,,31,83,3,
2026-09-25T20:09:15+00:00,731,5e7bdc0bf,existing,70.0,,34,83,27,
2026-09-25T20:09:15+00:00,731,9b580b160,existing,70.0,,33,30,1,
2026-09-25T20:09:15+00:00,731,696f2e21b,existing,70.0,,28,88,36,
2026-09-25T20:09:15+00:00,731,876f6cfbc,existing,70.0,,28,40,10,
2026-09-25T20:09:15+00:00,731,127c02af4,existing,70.0,,26,33,14,
2026-09-25T20:09:15+00:00,731,1b7e2c36d,existing,70.0,,31,28,8,
2026-09-25T20:09:15+00:00,731,0a7c0ff63,existing,70.0,,34,90,15,
2026-09-25T20:09:15+00:00,731,397e24170,existing,70.0,,34,49,24,
2026-09-25T20:09:15+00:00,731,627e37a76,existing,70.0,,32,43,5,
2026-09-25T20:09:15+00:00,731,5a7f4853e,existing,70.0,,32,88,14,
2026-09-25T20:09:15+00:00,731,b77f7660a,existing,70.0,,29,87,27,
2026-09-25T20:09:15+00:00,731,016e8267a,existing,70.0,,26,10,17,
2026-09-25T20:09:15+00:00,731,4070c2649,existing,70.0,,26,44,19,
2026-09-25T20:09:15+00:00,731,4c8051c7c,existing,70.0,,31,59,5,
2026-09-25T20:09:15+00:00,731,f67f65903,existing,70.0,,33,77,2,
2026-09-25T20:09:15+00:00,731,307f87550,existing,70.0,,34,51,16,
2026-09-25T20:09:15+00:00,731,a7504127e,existing,70.0,,26,33,22,
2026-09-25T20:09:15+00:00,731,cd8233bd8,existing,70.0,,30,81,36,
2026-09-25T20:09:15+00:00,731,1583c41a5,existing,70.0,,28,35,6,
2026-09-25T20:09:15+00:00,731,27838ba7d,existing,70.0,,28,70,22,
2026-09-25T20:09:15+00:00,731,236823c66,existing,70.98,,26,87,5,
2026-09-25T20:09:15+00:00,731,446c87179,existing,72.0,,26,32,28,
2026-09-25T20:09:15+00:00,731,4e7c376bf,existing,73.0,,25,64,11,
2026-09-25T20:09:15+00:00,731,9f51bb9be,existing,74.0,,26,71,17,
2026-09-25T20:09:15+00:00,731,226ee25de,existing,74.0,,26,55,1,
2026-09-25T20:09:15+00:00,731,d16d7437d,existing,74.0,,30,82,35,
2026-09-25T20:09:15+00:00,731,3c7ca98f3,existing,74.0,,29,55,17,
2026-09-25T20:09:15+00:00,731,b36dfdd08,existing,74.75,,25,94,5,
2026-09-25T20:09:15+00:00,731,9f7bb0908,existing,74.99,,28,18,11,
2026-09-25T20:09:15+00:00,731,1877b2b6a,existing,75.0,,27,91,39,
2026-09-25T20:09:15+00:00,731,177d30827,existing,75.0,,26,52,12,
2026-09-25T20:09:15+00:00,731,98824102d,existing,75.0,,25,49,3,
2026-09-25T20:09:15+00:00,731,f772cafc4,existing,75.0,,26,84,6,
2026-09-25T20:09:15+00:00,731,637d577c4,existing,75.0,,27,63,3,
2026-09-25T20:09:15+00:00,731,257031176,existing,75.0,,26,47,23,
2026-09-25T20:09:15+00:00,731,79772591a,existing,75.0,,32,66,3,
2026-09-25T20:09:15+00:00,731,07646492f,existing,75.0,,30,82,28,
2026-09-25T20:09:15+00:00,731,587d86c55,existing,75.0,,29,46,22,
2026-09-25T20:09:15+00:00,731,80709f59a,existing,75.0,,31,13,24,
2026-09-25T20:09:15+00:00,731,3866ebe0c,existing,75.0,,33,53,5,
2026-09-25T20:09:15+00:00,731,ef5e898c4,existing,75.0,,29,41,4,
2026-09-25T20:09:15+00:00,731,e8729a8ad,existing,75.0,,28,15,21,
2026-09-25T20:09:15+00:00,731,f17c6cac7,existing,75.0,,29,66,25,
2026-09-25T20:09:15+00:00,731,0f63ded5f,existing,75.0,,31,62,30,
2026-09-25T20:09:15+00:00,731,a66eecf65,existing,75.0,,30,39,15,
2026-09-25T20:09:15+00:00,731,0a77d6a44,existing,75.0,,26,68,3,
2026-09-25T20:09:15+00:00,731,d478d5433,existing,75.0,,25,65,8,
2026-09-25T20:09:15+00:00,731,007f04b2a,existing,75.0,,34,52,25,
2026-09-25T20:09:15+00:00,731,8a7ce3335,existing,75.0,,33,19,16,
2026-09-25T20:09:15+00:00,731,127cf0c88,existing,75.0,,28,28,15,
2026-09-25T20:09:15+00:00,731,2a75ec9a1,existing,75.0,,26,47,21,
2026-09-25T20:09:15+00:00,731,7655213ea,existing,75.0,,34,74,24,
2026-09-25T20:09:15+00:00,731,f86f81503,existing,75.0,,27,96,13,
2026-09-25T20:09:15+00:00,731,8880d3cb9,existing,75.0,,34,90,14,
2026-09-25T20:09:15+00:00,731,a780e14ef,existing,75.0,,30,59,18,
2026-09-25T20:09:15+00:00,731,fc834d738,existing,75.0,,28,17,2,
2026-09-25T20:09:15+00:00,731,9c8111ee0,existing,75.0,,28,58,2,
2026-09-25T20:09:15+00:00,731,024f837bf,existing,75.63,,33,28,6,
2026-09-25T20:09:15+00:00,731,f265930c1,existing,75.99,,27,96,40,
2026-09-25T20:09:15+00:00,731,9c554babb,existing,76.0,,31,4,14,
2026-09-25T20:09:15+00:00,731,f379a9734,existing,76.0,,30,67,8,
2026-09-25T20:09:15+00:00,731,49771b566,existing,77.7,,30,28,11,
2026-09-25T20:09:15+00:00,731,e4709839d,existing,78.0,,26,63,12,
2026-09-25T20:09:15+00:00,731,33637d835,existing,78.0,,31,32,12,
2026-09-25T20:09:15+00:00,731,a75e7efb8,existing,79.0,,33,12,16,
2026-09-25T20:09:15+00:00,731,846713bdd,existing,79.0,,28,9,12,
2026-09-25T20:09:15+00:00,731,ed6bd6a5b,existing,79.94,,28,61,22,
2026-09-25T20:09:15+00:00,731,605598738,existing,79.98,,26,89,14,
2026-09-25T20:09:15+00:00,731,5263b5138,existing,79.99,,28,54,8,
2026-09-25T20:09:15+00:00,731,fe607ac43,existing,80.0,,28,46,16,
2026-09-25T20:09:15+00:00,731,e07308a7a,existing,80.0,,26,38,14,
2026-09-25T20:09:15+00:00,731,de53edd08,existing,80.0,,28,40,14,
2026-09-25T20:09:15+00:00,731,da6ebd01a,existing,80.0,,31,41,1,
2026-09-25T20:09:15+00:00,731,216898179,existing,80.0,,27,65,1,
2026-09-25T20:09:15+00:00,731,be50e62fe,existing,80.0,,28,59,21,
2026-09-25T20:09:15+00:00,731,2d72d007f,existing,80.0,,27,48,23,
2026-09-25T20:09:15+00:00,731,677bae836,existing,80.0,,32,63,19,
2026-09-25T20:09:15+00:00,731,e262491b6,existing,80.0,,28,43,3,
2026-09-25T20:09:15+00:00,731,f372d72ed,existing,80.0,,29,41,13,
2026-09-25T20:09:15+00:00,731,cb6284a1d,existing,80.0,,32,95,13,
2026-09-25T20:09:15+00:00,731,bd568d42c,existing,80.0,,27,52,16,
2026-09-25T20:09:15+00:00,731,e96b92b77,existing,80.0,,31,94,25,
2026-09-25T20:09:15+00:00,731,be684261e,existing,80.0,,28,35,2,
2026-09-25T20:09:15+00:00,731,245470461,existing,80.0,,33,23,27,
2026-09-25T20:09:15+00:00,731,b96fdb854,existing,80.0,,26,63,14,
2026-09-25T20:09:15+00:00,731,ed7dffbf3,existing,80.0,,25,79,4,
2026-09-25T20:09:15+00:00,731,0574c2666,existing,80.0,,26,27,19,
2026-09-25T20:09:15+00:00,731,6a7a9641f,existing,80.0,,31,6,30,
2026-09-25T20:09:15+00:00,731,ca7574922,existing,80.0,,32,26,10,
2026-09-25T20:09:15+00:00,731,db65bc90e,existing,80.0,,31,62,3,
2026-09-25T20:09:15+00:00,731,4e73d9f68,existing,80.0,,30,55,2,
2026-09-25T20:09:15+00:00,731,fd6f546ea,existing,80.0,,25,30,2,
2026-09-25T20:09:15+00:00,731,4877c4254,existing,80.0,,34,42,26,
2026-09-25T20:09:15+00:00,731,595be6194,existing,80.0,,28,29,15,
2026-09-25T20:09:15+00:00,731,c75c32e02,existing,80.0,,33,37,29,
2026-09-25T20:09:15+00:00,731,2971a106c,existing,80.0,,26,44,13,
2026-09-25T20:09:15+00:00,731,c4794aa69,existing,80.0,,26,48,5,
2026-09-25T20:09:15+00:00,731,00767e655,existing,80.0,,27,69,19,
2026-09-25T20:09:15+00:00,731,af768cb66,existing,80.0,,32,39,15,
2026-09-25T20:09:15+00:00,731,0677a561a,existing,80.0,,33,82,5,
2026-09-25T20:09:15+00:00,731,f979467f5,existing,80.0,,31,54,1,
2026-09-25T20:09:15+00:00,731,707ac64ae,existing,80.0,,28,87,17,
2026-09-25T20:09:15+00:00,731,a87992ff9,existing,80.0,,25,93,5,
2026-09-25T20:09:15+00:00,731,c17c93fc7,existing,80.0,,27,91,33,
2026-09-25T20:09:15+00:00,731,226b50e2f,existing,80.0,,31,31,11,
2026-09-25T20:09:15+00:00,731,3e6e6882a,existing,80.0,,32,64,26,
2026-09-25T20:09:15+00:00,731,6982fd53c,existing,80.0,,30,85,13,
2026-09-25T20:09:15+00:00,731,286852b83,existing,80.0,,30,43,12,
2026-09-25T20:09:15+00:00,731,377075e98,existing,80.0,,31,36,9,
2026-09-25T20:09:15+00:00,731,8b69b0a97,existing,80.0,,31,80,1,
2026-09-25T20:09:15+00:00,731,8e750cc98,existing,80.0,,26,51,13,
2026-09-25T20:09:15+00:00,731,8f552f387,existing,80.0,,31,52,27,
2026-09-25T20:09:15+00:00,731,ac734b806,existing,80.0,,33,56,25,
2026-09-25T20:09:15+00:00,731,e96819a6e,existing,80.0,,32,55,1,
2026-09-25T20:09:15+00:00,731,ff7de4b5f,existing,80.0,,26,36,7,
2026-09-25T20:09:15+00:00,731,207ec5968,existing,80.0,,31,39,9,
2026-09-25T20:09:15+00:00,731,e77fac00c,existing,80.0,,29,34,18,
2026-09-25T20:09:15+00:00,731,b98261292,existing,80.0,,31,49,16,
2026-09-25T20:09:15+00:00,731,026957c40,existing,80.0,,29,94,32,
2026-09-25T20:09:15+00:00,731,4667609fa,existing,80.0,,32,45,15,
2026-09-25T20:09:15+00:00,731,3972415a7,existing,80.0,,27,50,1,
2026-09-25T20:09:15+00:00,731,58711d850,existing,80.0,,29,38,23,
2026-09-25T20:09:15+00:00,731,5f6be6f0e,existing,80.0,,26,75,22,
2026-09-25T20:09:15+00:00,731,696435851,existing,80.0,,26,76,17,
2026-09-25T20:09:15+00:00,731,696519017,existing,80.0,,31,16,22,
2026-09-25T20:09:15+00:00,731,9462dfe9d,existing,80.0,,28,26,15,
2026-09-25T20:09:15+00:00,731,986271f07,existing,80.0,,30,48,14,
2026-09-25T20:09:15+00:00,731,3181e252e,existing,80.0,,28,48,2,
2026-09-25T20:09:15+00:00,731,3d8108d47,existing,80.0,,32,43,2,
2026-09-25T20:09:15+00:00,731,546f0eb0e,existing,83.0,,25,65,1,
2026-09-25T20:09:15+00:00,731,0b67036e2,existing,83.0,,28,60,32,
2026-09-25T20:09:15+00:00,731,066251bb5,existing,83.99,,26,40,5,
2026-09-25T20:09:15+00:00,731,d77591724,existing,85.0,,27,86,25,
2026-09-25T20:09:15+00:00,731,486711b2f,existing,85.0,,28,60,31,
2026-09-25T20:09:15+00:00,731,737fe2fd5,existing,85.0,,33,66,18,
2026-09-25T20:09:15+00:00,731,515b0cce2,existing,85.0,,25,50,12,
2026-09-25T20:09:15+00:00,731,f373bf325,existing,85.0,,31,54,2,
2026-09-25T20:09:15+00:00,731,0d779f1c6,existing,85.0,,27,44,2,
2026-09-25T20:09:15+00:00,731,00625415d,existing,85.0,,29,52,27,
2026-09-25T20:09:15+00:00,731,107c8b911,existing,85.0,,31,13,34,
2026-09-25T20:09:15+00:00,731,3470ee54b,existing,85.0,,33,61,3,
2026-09-25T20:09:15+00:00,731,5066513cc,existing,85.0,,28,59,28,
2026-09-25T20:09:15+00:00,731,8e64c02fd,existing,85.0,,26,63,20,
2026-09-25T20:09:15+00:00,731,966621fc1,existing,85.0,,28,32,8,
2026-09-25T20:09:15+00:00,731,8c535a9fe,existing,85.0,,28,59,25,
2026-09-25T20:09:15+00:00,731,6f7e6af85,existing,85.0,,33,13,7,
2026-09-25T20:09:15+00:00,731,0073761d2,existing,85.0,,27,93,38,
2026-09-25T20:09:15+00:00,731,7f639e3f5,existing,85.0,,31,3,23,
2026-09-25T20:09:15+00:00,731,56701cbc0,existing,85.5,,28,24,8,
2026-09-25T20:09:15+00:00,731,437c7b83a,existing,86.0,,28,96,37,
2026-09-25T20:09:15+00:00,731,616e76ece,existing,87.0,,34,50,25,
2026-09-25T20:09:15+00:00,731,3865e6719,existing,88.0,,27,59,32,
2026-09-25T20:09:15+00:00,731,4264a97df,existing,88.0,,31,67,35,
2026-09-25T20:09:15+00:00,731,e36600142,existing,89.0,,27,29,20,
2026-09-25T20:09:15+00:00,731,e16f94080,existing,89.99,,31,26,14,
2026-09-25T20:09:15+00:00,731,6367088b6,existing,90.0,,28,60,30,
2026-09-25T20:09:15+00:00,731,d37ff9e53,existing,90.0,,28,36,17,
2026-09-25T20:09:15+00:00,731,b3788bf11,existing,90.0,,29,78,14,
2026-09-25T20:09:15+00:00,731,978011a52,existing,90.0,,26,52,16,
2026-09-25T20:09:15+00:00,731,d270f15d1,existing,90.0,,32,58,22,
2026-09-25T20:09:15+00:00,731,e461c4260,existing,90.0,,31,86,2,
2026-09-25T20:09:15+00:00,731,e46e8f329,existing,90.0,,28,29,12,
2026-09-25T20:09:15+00:00,731,27649935a,existing,90.0,,27,41,12,
2026-09-25T20:09:15+00:00,731,1c746bb39,existing,90.0,,30,31,8,
2026-09-25T20:09:15+00:00,731,1b5a57ace,existing,90.0,,31,B,12,
2026-09-25T20:09:15+00:00,731,325ba1561,existing,90.0,,28,59,27,
2026-09-25T20:09:15+00:00,731,927bde2de,existing,90.0,,27,79,10,
2026-09-25T20:09:15+00:00,731,6967c6b12,existing,90.0,,29,49,18,
2026-09-25T20:09:15+00:00,731,78585b21b,existing,90.0,,28,61,16,
2026-09-25T20:09:15+00:00,731,d5640a792,existing,90.0,,30,66,18,
2026-09-25T20:09:15+00:00,731,09702c022,existing,90.0,,28,91,34,
2026-09-25T20:09:15+00:00,731,3a6e37b99,existing,90.0,,28,17,1,
2026-09-25T20:09:15+00:00,731,5e6718d14,existing,90.0,,26,86,19,
2026-09-25T20:09:15+00:00,731,8554a1dda,existing,90.0,,32,62,14,
2026-09-25T20:09:15+00:00,731,96697964c,existing,90.0,,31,66,16,
2026-09-25T20:09:15+00:00,731,936134f54,existing,91.0,,26,51,3,
2026-09-25T20:09:15+00:00,731,a06618bd9,existing,91.0,,28,23,1,
2026-09-25T20:09:15+00:00,731,2b5c4c9de,existing,92.0,,33,22,5,
2026-09-25T20:09:15+00:00,731,ab5c2a431,existing,92.0,,33,4,24,
2026-09-25T20:09:15+00:00,731,a57f61687,existing,93.0,,33,29,17,
2026-09-25T20:09:15+00:00,731,4759bb9eb,existing,94.99,,31,80,23,
2026-09-25T20:09:15+00:00,731,cd685af2a,existing,95.0,,26,44,17,
2026-09-25T20:09:15+00:00,731,e97067962,existing,95.0,,32,67,30,
2026-09-25T20:09:15+00:00,731,006e50a18,existing,95.0,,27,65,10,
2026-09-25T20:09:15+00:00,731,035fdf0ab,existing,95.0,,33,40,13,
2026-09-25T20:09:15+00:00,731,6c5e5f0fb,existing,97.0,,31,15,14,
2026-09-25T20:09:15+00:00,731,08599d7a5,existing,99.98,,28,11,8,
2026-09-25T20:09:15+00:00,731,037dd1121,existing,99.99,,30,85,20,
2026-09-25T20:09:15+00:00,731,4d5873db9,existing,99.99,,25,69,9,
2026-09-25T20:09:15+00:00,731,2d63a6c6c,existing,99.99,,26,15,29,
2026-09-25T20:09:15+00:00,731,2d5a1c747,existing,100.0,,33,3,7,
2026-09-25T20:09:15+00:00,731,1961b8999,existing,100.0,,28,90,30,
2026-09-25T20:09:15+00:00,731,cd6e41eed,existing,100.0,,33,65,9,
2026-09-25T20:09:15+00:00,731,bf6c04806,existing,100.0,,25,B,6,
2026-09-25T20:09:15+00:00,731,187102ca6,existing,100.0,,33,5,16,
2026-09-25T20:09:15+00:00,731,2f7002d84,existing,100.0,,27,77,25,
2026-09-25T20:09:15+00:00,731,965716063,existing,100.0,,27,78,29,
2026-09-25T20:09:15+00:00,731,fc7229d42,existing,100.0,,28,54,11,
2026-09-25T20:09:15+00:00,731,8c649c435,existing,100.0,,29,54,22,
2026-09-25T20:09:15+00:00,731,3058c29c8,existing,100.0,,31,56,5,
2026-09-25T20:09:15+00:00,731,9f58a7e7f,existing,100.0,,34,59,13,
2026-09-25T20:09:15+00:00,731,21528573d,existing,100.0,,27,39,3,
2026-09-25T20:09:15+00:00,731,d772104d1,existing,100.0,,33,46,9,
2026-09-25T20:09:15+00:00,731,a5739314a,existing,100.0,,28,17,13,
2026-09-25T20:09:15+00:00,731,0059dd2d9,existing,100.0,,26,29,6,
2026-09-25T20:09:15+00:00,731,3d5cdd0d9,existing,100.0,,34,83,10,
2026-09-25T20:09:15+00:00,731,0b565f8a6,existing,100.0,,26,96,5,
2026-09-25T20:09:15+00:00,731,4c5a1d750,existing,100.0,,33,3,8,
2026-09-25T20:09:15+00:00,731,e661f5625,existing,100.0,,26,74,20,
2026-09-25T20:09:15+00:00,731,58659c6fa,existing,100.0,,31,52,13,
2026-09-25T20:09:15+00:00,731,1f607fd47,existing,100.0,,26,30,10,
2026-09-25T20:09:15+00:00,731,7d65069c4,existing,100.0,,27,53,8,
2026-09-25T20:09:15+00:00,731,8d5bb5ee9,existing,100.0,,30,63,33,
2026-09-25T20:09:15+00:00,731,8c5c4b9ae,existing,100.0,,32,67,11,
2026-09-25T20:09:15+00:00,731,996297067,existing,100.0,,32,35,10,
2026-09-25T20:09:15+00:00,731,6776c835f,existing,100.0,,31,95,15,
2026-09-25T20:09:15+00:00,731,8065c7f77,existing,100.0,,27,70,20,
2026-09-25T20:09:15+00:00,731,e95647f95,existing,100.0,,31,15,9,
2026-09-25T20:09:15+00:00,731,c66e6fbb0,existing,100.0,,29,88,18,
2026-09-25T20:09:15+00:00,731,48716995f,existing,100.0,,31,10,31,
2026-09-25T20:09:15+00:00,731,35581475d,existing,100.0,,25,89,9,
2026-09-25T20:09:15+00:00,731,4060cfaed,existing,100.0,,26,71,23,
2026-09-25T20:09:15+00:00,731,6651e0a7b,existing,100.0,,29,82,3,
2026-09-25T20:09:15+00:00,731,0452f2f93,existing,101.7,,28,23,13,
2026-09-25T20:09:15+00:00,731,f758360f7,existing,102.0,,26,45,27,
2026-09-25T20:09:15+00:00,731,5c70e10e2,existing,104.0,,30,90,21,
2026-09-25T20:09:15+00:00,731,2f6508ba6,existing,105.0,,26,51,2,
2026-09-25T20:09:15+00:00,731,39749cbff,existing,105.0,,31,86,18,
2026-09-25T20:09:15+00:00,731,1b6715bfa,existing,105.0,,30,36,6,
2026-09-25T20:09:15+00:00,731,3d538b224,existing,108.0,,30,55,21,
2026-09-25T20:09:15+00:00,731,5353ab8d6,existing,108.0,,30,50,14,
2026-09-25T20:09:15+00:00,731,8f7369486,existing,109.0,,32,86,10,
2026-09-25T20:09:15+00:00,731,cc7d1d51b,existing,110.0,,27,95,13,
2026-09-25T20:09:15+00:00,731,c35aa5510,existing,110.0,,28,60,16,
2026-09-25T20:09:15+00:00,731,f67200831,existing,110.0,,28,82,4,
2026-09-25T20:09:15+00:00,731,e16edc0d1,existing,110.0,,33,11,9,
2026-09-25T20:09:15+00:00,731,a261a12d4,existing,113.0,,26,53,8,
2026-09-25T20:09:15+00:00,731,706e08708,existing,113.0,,28,83,34,
2026-09-25T20:09:15+00:00,731,657116186,existing,113.0,,29,49,7,
2026-09-25T20:09:15+00:00,731,a1536d6b1,existing,113.25,,29,50,20,
2026-09-25T20:09:15+00:00,731,076b46c77,existing,115.0,,34,50,28,
2026-09-25T20:09:15+00:00,731,fb6ec9f0a,existing,115.0,,31,35,21,
2026-09-25T20:09:15+00:00,731,a76ea39a3,existing,115.0,,28,37,1,
2026-09-25T20:09:15+00:00,731,385558fc2,existing,115.0,,25,2,3,
2026-09-25T20:09:15+00:00,731,d0537d1fd,existing,118.5,,29,94,22,
2026-09-25T20:09:15+00:00,731,f151c5b70,existing,119.54,,26,64,26,
2026-09-25T20:09:15+00:00,731,73519c795,existing,119.55,,29,45,26,
2026-09-25T20:09:15+00:00,731,7c548624c,existing,120.0,,29,54,2,
2026-09-25T20:09:15+00:00,731,135bbe678,existing,120.0,,28,51,16,
2026-09-25T20:09:15+00:00,731,d96671105,existing,120.0,,28,91,1,
2026-09-25T20:09:15+00:00,731,9671ead29,existing,120.0,,25,12,7,
2026-09-25T20:09:15+00:00,731,b571fb503,existing,120.0,,28,48,24,
2026-09-25T20:09:15+00:00,731,a07ca11b6,existing,125.0,,26,A,17,
2026-09-25T20:09:15+00:00,731,c36322409,existing,125.0,,30,85,37,
2026-09-25T20:09:15+00:00,731,875a878e4,existing,130.0,,27,83,2,
2026-09-25T20:09:15+00:00,731,8e6168aa2,existing,130.0,,31,35,22,
2026-09-25T20:09:15+00:00,731,046491fe9,existing,130.0,,29,85,32,
2026-09-25T20:09:15+00:00,731,d75139bcb,existing,139.4,,31,64,23,
2026-09-25T20:09:15+00:00,731,5c506929a,existing,139.5,,27,51,12,
2026-09-25T20:09:15+00:00,731,1d55dfbfe,existing,144.0,,32,66,15,
2026-09-25T20:09:15+00:00,731,be621f6ec,existing,150.0,,34,65,13,
2026-09-25T20:09:15+00:00,731,8a785a918,existing,150.0,,33,49,13,
2026-09-25T20:09:15+00:00,731,9f5091fa2,existing,150.0,,30,42,8,
2026-09-25T20:09:15+00:00,731,5c5dd07d7,existing,150.0,,26,4,29,
2026-09-25T20:09:15+00:00,731,93623bf74,existing,150.0,,33,67,6,
2026-09-25T20:09:15+00:00,731,8b713f8b4,existing,150.0,,26,21,8,
2026-09-25T20:09:15+00:00,731,a95349bfd,existing,150.0,,31,79,4,
2026-09-25T20:09:15+00:00,731,eb5ca39c4,existing,150.0,,26,71,22,
2026-09-25T20:09:15+00:00,731,3f63fbb6c,existing,150.0,,32,63,3,
2026-09-25T20:09:15+00:00,731,1f7cb2f73,existing,150.0,,25,71,12,
2026-09-25T20:09:15+00:00,731,2c6874456,existing,150.0,,26,55,8,
2026-09-25T20:09:15+00:00,731,4c7f20e65,existing,150.0,,27,50,20,
2026-09-25T20:09:15+00:00,731,7f5103d05,existing,150.0,,28,59,19,
2026-09-25T20:09:15+00:00,731,2f515baaf,existing,155.25,,28,59,16,
2026-09-25T20:09:15+00:00,731,67553df1e,existing,160.0,,28,76,35,
2026-09-25T20:09:15+00:00,731,925116fd0,existing,160.0,,31,9,34,
2026-09-25T20:09:15+00:00,731,b9521f1eb,existing,160.5,,30,49,24,
2026-09-25T20:09:15+00:00,731,1753a585a,existing,160.5,,30,60,3,
2026-09-25T20:09:15+00:00,731,c05270667,existing,160.5,,29,65,31,
2026-09-25T20:09:15+00:00,731,9153eccb5,existing,160.5,,28,38,19,
2026-09-25T20:09:15+00:00,731,1675957c0,existing,170.0,,30,48,1,
2026-09-25T20:09:15+00:00,731,a14f96ce6,existing,171.0,,30,80,8,
2026-09-25T20:09:15+00:00,731,154f9af0a,existing,171.0,,28,27,16,
2026-09-25T20:09:15+00:00,731,0f50d2d53,existing,178.35,,29,96,34,
2026-09-25T20:09:15+00:00,731,295714f92,existing,180.0,,26,91,2,
2026-09-25T20:09:15+00:00,731,ea58b5dab,existing,180.0,,29,90,30,
2026-09-25T20:09:15+00:00,731,0b7572870,existing,180.0,,30,92,3,
2026-09-25T20:09:15+00:00,731,2d7f0d170,existing,190.0,,30,65,19,
2026-09-25T20:09:15+00:00,731,3c50fad80,existing,197.25,,30,81,39,
2026-09-25T20:09:15+00:00,731,c76922c70,existing,199.0,,28,66,31,
2026-09-25T20:09:15+00:00,731,0a5de8e1b,existing,200.0,,26,62,10,
2026-09-25T20:09:15+00:00,731,f27c72059,existing,200.0,,26,89,16,
2026-09-25T20:09:15+00:00,731,94548d40b,existing,200.0,,25,81,6,
2026-09-25T20:09:15+00:00,731,9055380df,existing,223.0,,26,68,20,
2026-09-25T20:09:15+00:00,731,435219f39,existing,250.0,,31,93,22,
2026-09-25T20:09:15+00:00,731,3a4fca9fa,existing,300.0,,28,80,10,
2026-09-25T20:09:15+00:00,732,a283c6329,existing,69.99,,30,65,28,
2026-09-25T20:09:15+00:00,732,c2834967d,existing,70.0,,26,35,3,
2026-09-25T20:09:15+00:00,732,518361c78,existing,72.0,,30,60,17,
2026-09-25T20:09:15+00:00,732,f073f2a4d,existing,74.0,,32,65,11,
2026-09-25T20:09:15+00:00,732,a87692c88,existing,74.0,,31,84,30,
2026-09-25T20:09:15+00:00,732,e88275196,existing,74.99,,28,53,23,
2026-09-25T20:09:15+00:00,732,a582ea809,existing,75.0,,29,77,21,
2026-09-25T20:09:15+00:00,732,125f34778,existing,75.0,,31,94,10,
2026-09-25T20:09:15+00:00,732,8c7e73756,existing,75.0,,28,81,12,
2026-09-25T20:09:15+00:00,732,fe5234366,existing,75.0,,26,39,7,
2026-09-25T20:09:15+00:00,732,2e62618d3,existing,75.0,,26,17,27,
2026-09-25T20:09:15+00:00,732,65804da06,existing,75.0,,33,16,27,
2026-09-25T20:09:15+00:00,732,a46aa7e7e,existing,75.0,,25,50,1,
2026-09-25T20:09:15+00:00,732,0d7c365fc,existing,79.98,,25,94,8,
2026-09-25T20:09:15+00:00,732,5e7cc6aca,existing,79.99,,33,89,24,
2026-09-25T20:09:15+00:00,732,5f662d350,existing,80.0,,25,58,1,
2026-09-25T20:09:15+00:00,732,e37597819,existing,80.0,,30,84,9,
2026-09-25T20:09:15+00:00,732,96650fc44,existing,80.0,,32,52,18,
2026-09-25T20:09:15+00:00,732,83707e467,existing,80.0,,30,76,10,
2026-09-25T20:09:15+00:00,732,5f7d70fc5,existing,80.0,,31,63,7,
2026-09-25T20:09:15+00:00,732,f47f3fd34,existing,80.0,,30,55,4,
2026-09-25T20:09:15+00:00,732,b380b206b,existing,80.0,,34,90,15,
2026-09-25T20:09:15+00:00,732,c47c334d6,existing,80.0,,31,90,18,
2026-09-25T20:09:15+00:00,732,bc6a9cbe0,existing,80.0,,31,85,38,
2026-09-25T20:09:15+00:00,732,0d74012df,existing,80.0,,30,62,6,
2026-09-25T20:09:15+00:00,732,1e80d4ce5,existing,80.0,,28,18,15,
2026-09-25T20:09:15+00:00,732,e683e109c,existing,80.0,,28,66,22,
2026-09-25T20:09:15+00:00,732,497c19b43,existing,82.5,,27,95,24,
2026-09-25T20:09:15+00:00,732,ae7db9a15,existing,82.99,,30,80,10,
2026-09-25T20:09:15+00:00,732,317e0b1d3,existing,84.4,,27,95,2,
2026-09-25T20:09:15+00:00,732,0a7f42da6,existing,84.99,,32,75,8,
2026-09-25T20:09:15+00:00,732,356f61c8b,existing,85.0,,25,69,6,
2026-09-25T20:09:15+00:00,732,dc7bcf2a6,existing,85.0,,29,63,23,
2026-09-25T20:09:15+00:00,732,3375e78c5,existing,85.5,,30,59,30,
2026-09-25T20:09:15+00:00,732,dd7ae408d,existing,89.0,,31,13,3,
2026-09-25T20:09:15+00:00,732,6780701f2,existing,89.75,,34,92,25,
2026-09-25T20:09:15+00:00,732,fc76fea7e,existing,89.98,,33,29,4,
2026-09-25T20:09:15+00:00,732,467ccceaf,existing,89.99,,29,35,12,
2026-09-25T20:09:15+00:00,732,246acd82e,existing,89.99,,26,86,9,
2026-09-25T20:09:15+00:00,732,417ba2b59,existing,90.0,,33,8,1,
2026-09-25T20:09:15+00:00,732,1b6fd0227,existing,90.0,,27,22,10,
2026-09-25T20:09:15+00:00,732,9970b91da,existing,90.0,,31,28,17,
2026-09-25T20:09:15+00:00,732,518022314,existing,90.0,,31,85,34,
2026-09-25T20:09:15+00:00,732,e97b9c329,existing,90.0,,29,93,21,
2026-09-25T20:09:15+00:00,732,5778fab57,existing,90.0,,29,89,22,
2026-09-25T20:09:15+00:00,732,f87d060d3,existing,90.0,,28,17,11,
2026-09-25T20:09:15+00:00,732,cd67a4ace,existing,90.0,,33,49,17,
2026-09-25T20:09:15+00:00,732,436a7513d,existing,90.0,,28,47,24,
2026-09-25T20:09:15+00:00,732,a982077cb,existing,90.0,,31,51,12,
2026-09-25T20:09:15+00:00,732,da808bfb7,existing,90.0,,29,54,5,
2026-09-25T20:09:15+00:00,732,528131171,existing,90.05,,34,89,24,
2026-09-25T20:09:15+00:00,732,0771dc8de,existing,91.0,,29,66,12,
2026-09-25T20:09:15+00:00,732,e98038df8,existing,91.0,,34,82,12,
2026-09-25T20:09:15+00:00,732,40822651e,existing,91.0,,28,81,29,
2026-09-25T20:09:15+00:00,732,bd827728d,existing,92.49,,31,80,32,
2026-09-25T20:09:15+00:00,732,a27f9a3b9,existing,94.3,,31,89,7,
2026-09-25T20:09:15+00:00,732,757bd9bfd,existing,94.55,,26,73,7,
2026-09-25T20:09:15+00:00,732,40763ff4f,existing,95.0,,31,82,3,
2026-09-25T20:09:15+00:00,732,837ecf16a,existing,95.0,,28,85,40,
2026-09-25T20:09:15+00:00,732,a078d0183,existing,95.0,,30,64,19,
2026-09-25T20:09:15+00:00,732,9479228fb,existing,95.0,,27,95,8,
2026-09-25T20:09:15+00:00,732,f17fa9fa7,existing,99.0,,27,33,20,
2026-09-25T20:09:15+00:00,732,9b78b66f3,existing,99.4,,33,39,4,
2026-09-25T20:09:15+00:00,732,297bf7711,existing,99.99,,26,27,9,
2026-09-25T20:09:15+00:00,732,267c31183,existing,100.0,,28,77,29,
2026-09-25T20:09:15+00:00,732,e47d217f4,existing,100.0,,34,86,23,
2026-09-25T20:09:15+00:00,732,3f7d318b6,existing,100.0,,27,83,9,
2026-09-25T20:09:15+00:00,732,3b7d69d1b,existing,100.0,,29,46,24,
2026-09-25T20:09:15+00:00,732,207b3f6cf,existing,100.0,,31,57,9,
2026-09-25T20:09:15+00:00,732,c16630445,existing,100.0,,30,43,15,
2026-09-25T20:09:15+00:00,732,5f53c97f9,existing,100.0,,26,73,22,
2026-09-25T20:09:15+00:00,732,cc7efea0b,existing,100.0,,34,52,25,
2026-09-25T20:09:15+00:00,732,5b580c1b7,existing,100.0,,33,30,1,
2026-09-25T20:09:15+00:00,732,9a6abf3e4,existing,100.0,,30,91,1,
2026-09-25T20:09:15+00:00,732,e352d566c,existing,100.0,,30,64,24,
2026-09-25T20:09:15+00:00,732,eb7f23fc7,existing,100.0,,30,83,5,
2026-09-25T20:09:15+00:00,732,067555ba0,existing,100.0,,29,78,22,
2026-09-25T20:09:15+00:00,732,a55b1b7cd,existing,100.0,,26,53,15,
2026-09-25T20:09:15+00:00,732,f07d998ce,existing,100.0,,26,86,15,
2026-09-25T20:09:15+00:00,732,1983dad3a,existing,100.0,,25,45,8,
2026-09-25T20:09:15+00:00,732,ae62ec8ed,existing,101.0,,33,79,20,
2026-09-25T20:09:15+00:00,732,267bc1a76,existing,102.0,,31,20,42,
2026-09-25T20:09:15+00:00,732,997baa41c,existing,105.0,,33,33,15,
2026-09-25T20:09:15+00:00,732,d475fec5b,existing,105.0,,32,33,18,
2026-09-25T20:09:15+00:00,732,0358843c2,existing,105.0,,33,14,11,
2026-09-25T20:09:15+00:00,732,117fc1c50,existing,110.0,,28,86,42,
2026-09-25T20:09:15+00:00,732,2b7843c38,existing,110.0,,28,76,12,
2026-09-25T20:09:15+00:00,732,d073961f5,existing,110.0,,32,51,9,
2026-09-25T20:09:15+00:00,732,ab57af431,existing,110.0,,25,90,2,
2026-09-25T20:09:15+00:00,732,2f7c84e2b,existing,110.0,,28,78,30,
2026-09-25T20:09:15+00:00,732,655376d14,existing,110.0,,34,50,14,
2026-09-25T20:09:15+00:00,732,b181b0e61,existing,110.0,,31,65,15,
2026-09-25T20:09:15+00:00,732,7d8259b8b,existing,110.0,,25,57,7,
2026-09-25T20:09:15+00:00,732,4776358f9,existing,112.0,,30,40,11,
2026-09-25T20:09:15+00:00,732,e07ba8250,existing,113.0,,27,90,2,
2026-09-25T20:09:15+00:00,732,2d81549da,existing,113.0,,30,58,16,
2026-09-25T20:09:15+00:00,732,59762b3bc,existing,113.0,,28,95,32,
2026-09-25T20:09:15+00:00,732,68559011b,existing,113.0,,28,82,4,
2026-09-25T20:09:15+00:00,732,726ea49e2,existing,113.0,,28,37,1,
2026-09-25T20:09:15+00:00,732,72554cbaa,existing,115.0,,31,4,14,
2026-09-25T20:09:15+00:00,732,6770d7c25,existing,115.0,,25,81,9,
2026-09-25T20:09:15+00:00,732,527561ecb,existing,115.0,,27,63,9,
2026-09-25T20:09:15+00:00,732,dc76bcc9b,existing,115.0,,33,42,2,
2026-09-25T20:09:15+00:00,732,3374a1d45,existing,115.0,,26,66,2,
2026-09-25T20:09:15+00:00,732,576716bfc,existing,115.0,,28,9,12,
2026-09-25T20:09:15+00:00,732,b87e3058e,existing,115.0,,26,55,8,
2026-09-25T20:09:15+00:00,732,da504229b,existing,115.0,,26,33,22,
2026-09-25T20:09:15+00:00,732,5c6573002,existing,115.9,,28,95,31,
2026-09-25T20:09:15+00:00,732,8a745b81f,existing,115.98,,32,80,14,
2026-09-25T20:09:15+00:00,732,715c21dbe,existing,116.0,,27,79,21,
2026-09-25T20:09:15+00:00,732,6155d088d,existing,118.0,,27,80,2,
2026-09-25T20:09:15+00:00,732,f1762e5e2,existing,118.5,,26,13,18,
2026-09-25T20:09:15+00:00,732,0c6fead9b,existing,119.96,,30,52,3,
2026-09-25T20:09:15+00:00,732,105beeab1,existing,119.99,,27,70,7,
2026-09-25T20:09:15+00:00,732,105e80fee,existing,119.99,,33,12,16,
2026-09-25T20:09:15+00:00,732,d57f8b82d,existing,120.0,,33,83,28,
2026-09-25T20:09:15+00:00,732,ee66d6504,existing,120.0,,32,65,27,
2026-09-25T20:09:15+00:00,732,9d7c386d7,existing,120.0,,25,64,11,
2026-09-25T20:09:15+00:00,732,dc7b82815,existing,120.0,,34,90,20,
2026-09-25T20:09:15+00:00,732,d169d8290,existing,120.0,,34,65,22,
2026-09-25T20:09:15+00:00,732,547e78a79,existing,120.0,,26,86,16,
2026-09-25T20:09:15+00:00,732,d977184e1,existing,120.0,,30,59,26,
2026-09-25T20:09:15+00:00,732,a87023d7c,existing,120.0,,28,80,11,
2026-09-25T20:09:15+00:00,732,207edd8ad,existing,120.0,,33,52,18,
2026-09-25T20:09:15+00:00,732,cb732573c,existing,120.0,,26,39,21,
2026-09-25T20:09:15+00:00,732,9a6124b92,existing,120.0,,31,66,27,
2026-09-25T20:09:15+00:00,732,ff523b8db,existing,120.0,,31,80,28,
2026-09-25T20:09:15+00:00,732,bb634d968,existing,120.0,,29,45,15,
2026-09-25T20:09:15+00:00,732,c07a249b5,existing,120.0,,28,79,39,
2026-09-25T20:09:15+00:00,732,c36f96117,existing,120.0,,25,69,8,
2026-09-25T20:09:15+00:00,732,447bd2400,existing,120.0,,28,86,38,
2026-09-25T20:09:15+00:00,732,1e68bd058,existing,120.0,,26,84,14,
2026-09-25T20:09:15+00:00,732,f57e443f7,existing,120.0,,34,61,13,
2026-09-25T20:09:15+00:00,732,b47f52c93,existing,120.0,,27,39,15,
2026-09-25T20:09:15+00:00,732,0f6761a4a,existing,120.0,,32,45,15,
2026-09-25T20:09:15+00:00,732,3b508500b,existing,120.0,,31,39,13,
2026-09-25T20:09:15+00:00,732,b96eee11b,existing,120.0,,29,33,1,
2026-09-25T20:09:15+00:00,732,7d7eb20e7,existing,121.0,,31,66,33,
2026-09-25T20:09:15+00:00,732,c16639828,existing,124.0,,28,80,22,
2026-09-25T20:09:15+00:00,732,d0508fd5d,existing,124.0,,31,45,6,
2026-09-25T20:09:15+00:00,732,d060f6f90,existing,124.0,,29,46,23,
2026-09-25T20:09:15+00:00,732,3f5222ee1,existing,125.0,,33,37,12,
2026-09-25T20:09:15+00:00,732,157884d56,existing,125.0,,27,90,16,
2026-09-25T20:09:15+00:00,732,b76f847e3,existing,125.0,,29,91,38,
2026-09-25T20:09:15+00:00,732,1f739a2d1,existing,125.0,,29,81,18,
2026-09-25T20:09:15+00:00,732,ad6e339dd,existing,125.0,,26,44,17,
2026-09-25T20:09:15+00:00,732,3474639cc,existing,125.0,,31,84,14,
2026-09-25T20:09:15+00:00,732,ab77d8bc4,existing,125.0,,26,68,3,
2026-09-25T20:09:15+00:00,732,426f9b4ba,existing,125.0,,31,86,11,
2026-09-25T20:09:15+00:00,732,a8634e978,existing,125.0,,30,43,9,
2026-09-25T20:09:15+00:00,732,1773cea85,existing,125.99,,34,92,23,
2026-09-25T20:09:15+00:00,732,355ac5c99,existing,126.99,,32,81,14,
2026-09-25T20:09:15+00:00,732,7174c56ca,existing,127.0,,26,27,19,
2026-09-25T20:09:15+00:00,732,3d703730e,existing,128.0,,30,51,10,
2026-09-25T20:09:15+00:00,732,397bb191b,existing,128.87,,28,95,27,
2026-09-25T20:09:15+00:00,732,d6750ece2,existing,129.0,,26,85,16,
2026-09-25T20:09:15+00:00,732,fe7644191,existing,129.0,,28,43,24,
2026-09-25T20:09:15+00:00,732,5451c0f92,existing,129.0,,28,59,17,
2026-09-25T20:09:15+00:00,732,3b6f1d702,existing,129.99,,31,83,15,
2026-09-25T20:09:15+00:00,732,c1652de16,existing,130.0,,26,50,24,
2026-09-25T20:09:15+00:00,732,8051ceb76,existing,130.0,,32,63,4,
2026-09-25T20:09:15+00:00,732,496ede00d,existing,130.0,,29,91,20,
2026-09-25T20:09:15+00:00,732,587c27886,existing,130.0,,27,87,13,
2026-09-25T20:09:15+00:00,732,e96958c66,existing,130.0,,29,94,32,
2026-09-25T20:09:15+00:00,732,2069b1ada,existing,130.0,,31,80,1,
2026-09-25T20:09:15+00:00,732,e86285ac5,existing,130.0,,32,95,13,
2026-09-25T20:09:15+00:00,732,ec638de5e,existing,130.0,,33,30,4,
2026-09-25T20:09:15+00:00,732,566217139,existing,130.0,,31,9,2,
2026-09-25T20:09:15+00:00,732,5e7c751c6,existing,130.0,,26,90,3,
2026-09-25T20:09:15+00:00,732,174f99e34,existing,130.0,,32,95,30,
2026-09-25T20:09:15+00:00,732,077beccbb,existing,130.0,,31,80,9,
2026-09-25T20:09:15+00:00,732,6672332bc,existing,130.0,,26,63,23,
2026-09-25T20:09:15+00:00,732,737c04b66,existing,130.0,,28,19,15,
2026-09-25T20:09:15+00:00,732,b55d9d594,existing,130.0,,34,50,19,
2026-09-25T20:09:15+00:00,732,d652d76a0,existing,130.0,,26,70,23,
2026-09-25T20:09:15+00:00,732,216093ab4,existing,130.0,,32,29,7,
2026-09-25T20:09:15+00:00,732,4962f5f13,existing,130.0,,33,53,24,
2026-09-25T20:09:15+00:00,732,487394163,existing,130.0,,28,17,13,
2026-09-25T20:09:15+00:00,732,4f6ba7fcc,existing,130.0,,29,40,21,
2026-09-25T20:09:15+00:00,732,935523440,existing,130.0,,34,74,24,
2026-09-25T20:09:15+00:00,732,3c811d385,existing,130.0,,28,43,22,
2026-09-25T20:09:15+00:00,732,3154dc2d3,existing,131.0,,26,45,28,
2026-09-25T20:09:15+00:00,732,8e568a1c5,existing,132.99,,31,64,17,
2026-09-25T20:09:15+00:00,732,bc766e545,existing,135.0,,28,68,17,
2026-09-25T20:09:15+00:00,732,ff5c0d351,existing,135.0,,25,65,1,
2026-09-25T20:09:15+00:00,732,066e75ea6,existing,135.0,,34,48,25,
2026-09-25T20:09:15+00:00,732,f465449fe,existing,135.0,,34,59,27,
2026-09-25T20:09:15+00:00,732,007458791,existing,135.0,,32,33,17,
2026-09-25T20:09:15+00:00,732,3960f7038,existing,140.0,,33,62,10,
2026-09-25T20:09:15+00:00,732,857dfeb7f,existing,140.0,,25,79,4,
2026-09-25T20:09:15+00:00,732,7c64da30b,existing,140.0,,28,91,9,
2026-09-25T20:09:15+00:00,732,335474731,existing,140.0,,29,45,23,
2026-09-25T20:09:15+00:00,732,167ab911a,existing,140.0,,26,92,3,
2026-09-25T20:09:15+00:00,732,a17a87c0c,existing,140.0,,30,21,4,
2026-09-25T20:09:15+00:00,732,217158253,existing,140.0,,27,58,13,
2026-09-25T20:09:15+00:00,732,287e124d8,existing,140.0,,26,88,9,
2026-09-25T20:09:15+00:00,732,9065248d4,existing,140.0,,34,79,24,
2026-09-25T20:09:15+00:00,732,9257e6c0c,existing,140.0,,32,52,20,
2026-09-25T20:09:15+00:00,732,be82c7672,existing,145.0,,26,72,29,
2026-09-25T20:09:15+00:00,732,b37ee8d74,existing,145.0,,30,87,4,
2026-09-25T20:09:15+00:00,732,8a7124f84,existing,145.0,,29,94,28,
2026-09-25T20:09:15+00:00,732,385a0233a,existing,145.0,,33,52,6,
2026-09-25T20:09:15+00:00,732,d7613a015,existing,145.0,,26,51,3,
2026-09-25T20:09:15+00:00,732,1c50d4df6,existing,149.0,,33,51,3,
2026-09-25T20:09:15+00:00,732,2351fc844,existing,149.85,,26,71,17,
2026-09-25T20:09:15+00:00,732,db6bdbb72,existing,149.94,,28,61,22,
2026-09-25T20:09:15+00:00,732,a36e8e082,existing,150.0,,32,96,10,
2026-09-25T20:09:15+00:00,732,2f69ae81b,existing,150.0,,27,83,7,
2026-09-25T20:09:15+00:00,732,f461d5b4a,existing,150.0,,29,62,16,
2026-09-25T20:09:15+00:00,732,7d8084b44,existing,150.0,,26,75,22,
2026-09-25T20:09:15+00:00,732,3570f262f,existing,150.0,,32,58,22,
2026-09-25T20:09:15+00:00,732,d856ef932,existing,150.0,,30,92,30,
2026-09-25T20:09:15+00:00,732,846b185cc,existing,150.0,,31,53,27,
2026-09-25T20:09:15+00:00,732,476fd4427,existing,150.0,,25,64,2,
2026-09-25T20:09:15+00:00,732,f07e58597,existing,150.0,,31,88,39,
2026-09-25T20:09:15+00:00,732,867e6bf9f,existing,150.0,,33,13,7,
2026-09-25T20:09:15+00:00,732,367f58eee,existing,150.0,,32,31,4,
2026-09-25T20:09:15+00:00,732,214f7f6ce,existing,150.0,,30,39,19,
2026-09-25T20:09:15+00:00,732,5b6ecd44e,existing,150.0,,28,66,26,
2026-09-25T20:09:15+00:00,732,7065e2674,existing,150.0,,30,90,31,
2026-09-25T20:09:15+00:00,732,6b649a35f,existing,150.0,,32,33,7,
2026-09-25T20:09:15+00:00,732,6c5bc8a82,existing,150.0,,32,83,4,
2026-09-25T20:09:15+00:00,732,b354a2301,existing,155.0,,25,79,8,
2026-09-25T20:09:15+00:00,732,9a5838109,existing,157.0,,26,45,27,
2026-09-25T20:09:15+00:00,732,076273fda,existing,159.99,,25,23,4,
2026-09-25T20:09:15+00:00,732,b162f6f26,existing,160.0,,27,83,12,
2026-09-25T20:09:15+00:00,732,5357180da,existing,160.0,,27,78,29,
2026-09-25T20:09:15+00:00,732,c74f33c2d,existing,160.0,,33,35,13,
2026-09-25T20:09:15+00:00,732,d759aec6e,existing,160.0,,30,95,31,
2026-09-25T20:09:15+00:00,732,857f3163e,existing,160.0,,27,68,10,
2026-09-25T20:09:15+00:00,732,e8788cf95,existing,160.0,,29,78,14,
2026-09-25T20:09:15+00:00,732,15535baa5,existing,160.0,,28,59,25,
2026-09-25T20:09:15+00:00,732,514fa314c,existing,160.5,,26,74,18,
2026-09-25T20:09:15+00:00,732,355003f23,existing,160.5,,30,91,26,
2026-09-25T20:09:15+00:00,732,fc5480b83,existing,160.5,,34,84,21,
2026-09-25T20:09:15+00:00,732,b7555b2e8,existing,167.0,,29,84,16,
2026-09-25T20:09:15+00:00,732,75685cf64,existing,168.0,,31,26,14,
2026-09-25T20:09:15+00:00,732,066e1528b,existing,168.0,,28,31,3,
2026-09-25T20:09:15+00:00,732,b155e0009,existing,169.69,,32,66,15,
2026-09-25T20:09:15+00:00,732,f97e498a2,existing,170.0,,31,62,3,
2026-09-25T20:09:15+00:00,732,fb691fbef,existing,170.0,,32,54,3,
2026-09-25T20:09:15+00:00,732,865616eac,existing,170.0,,28,90,34,
2026-09-25T20:09:15+00:00,732,8b54941ba,existing,174.0,,31,79,21,
2026-09-25T20:09:15+00:00,732,de63fec7b,existing,175.0,,32,83,20,
2026-09-25T20:09:15+00:00,732,375092033,existing,175.0,,30,42,8,
2026-09-25T20:09:15+00:00,732,2054cabd5,existing,175.0,,31,79,32,
2026-09-25T20:09:15+00:00,732,5b7b98e7b,existing,175.0,,26,37,6,
2026-09-25T20:09:15+00:00,732,0c6e52baa,existing,175.0,,29,94,20,
2026-09-25T20:09:15+00:00,732,75637f929,existing,180.0,,31,32,12,
2026-09-25T20:09:15+00:00,732,9156526cf,existing,180.0,,26,79,16,
2026-09-25T20:09:15+00:00,732,ab53589bc,existing,192.0,,26,74,20,
2026-09-25T20:09:15+00:00,732,135bd2e93,existing,200.0,,29,48,19,
2026-09-25T20:09:15+00:00,732,dc54a9877,existing,200.0,,34,50,27,
2026-09-25T20:09:15+00:00,732,5c5a238af,existing,200.0,,26,53,8,
2026-09-25T20:09:15+00:00,732,3b71a731b,existing,200.0,,32,88,28,
2026-09-25T20:09:15+00:00,732,c85c8c8e2,existing,200.0,,31,2,9,
2026-09-25T20:09:15+00:00,732,ed743cc48,existing,200.0,,27,88,21,
2026-09-25T20:09:15+00:00,732,a05a1f767,existing,200.0,,33,3,8,
2026-09-25T20:09:15+00:00,732,bd608d3e2,existing,200.1,,27,91,19,
2026-09-25T20:09:15+00:00,732,a153fa5fe,existing,210.0,,30,46,26,
2026-09-25T20:09:15+00:00,732,3d523fadb,existing,213.0,,28,92,36,
2026-09-25T20:09:15+00:00,732,0f538e4e5,existing,213.0,,30,55,21,
2026-09-25T20:09:15+00:00,732,6352af3a5,existing,213.0,,28,32,14,
2026-09-25T20:09:15+00:00,732,c156adc05,existing,215.0,,27,40,26,
2026-09-25T20:09:15+00:00,732,324ff4749,existing,220.0,,33,47,20,
2026-09-25T20:09:15+00:00,732,ef57fe847,existing,220.0,,26,10,18,
2026-09-25T20:09:15+00:00,732,df777e557,existing,223.0,,30,94,36,
2026-09-25T20:09:15+00:00,732,f0506a2bf,existing,223.5,,27,51,12,
2026-09-25T20:09:15+00:00,732,577358dfc,existing,230.0,,26,5,14,
2026-09-25T20:09:15+00:00,732,3352716c0,existing,239.25,,29,65,31,
2026-09-25T20:09:15+00:00,732,ce510c5ac,existing,239.25,,25,80,5,
2026-09-25T20:09:15+00:00,732,de6f24bec,existing,250.0,,27,88,5,
2026-09-25T20:09:15+00:00,732,0e50fef33,existing,255.0,,30,81,39,
2026-09-25T20:09:15+00:00,732,ae71d975e,existing,256.0,,32,45,23,
2026-09-25T20:09:15+00:00,732,5d71d86f1,existing,258.2,,32,45,24,
2026-09-25T20:09:15+00:00,732,bf691cb59,existing,259.0,,28,66,31,
2026-09-25T20:09:15+00:00,732,264f97d09,existing,265.5,,30,80,8,
2026-09-25T20:09:15+00:00,732,a850ffb99,existing,265.5,,33,13,21,
2026-09-25T20:09:15+00:00,732,70548a343,existing,300.0,,30,44,5,
2026-09-25T20:09:15+00:00,732,f24fd1bf0,existing,300.0,,28,80,10,
2026-09-25T20:09:15+00:00,732,244fa4157,existing,318.0,,27,59,4,
2026-09-25T20:09:15+00:00,732,c95deae4f,existing,350.0,,27,86,40,
2026-09-25T20:09:15+00:00,732,3683a6354,existing,350.0,,31,15,13,
2026-09-25T20:09:15+00:00,732,ab5208536,existing,400.0,,31,35,1,
2026-09-25T20:09:15+00:00,732,f262b7c8d,existing,500.0,,30,43,1,
2026-09-25T20:09:15+00:00,733,276fc2a67,existing,129.0,,30,45,6,
2026-09-25T20:09:15+00:00,733,3473f3ab2,existing,129.0,,32,65,11,
2026-09-25T20:09:15+00:00,733,a166251d6,existing,130.0,,25,58,1,
2026-09-25T20:09:15+00:00,733,bc6511c86,existing,130.0,,32,52,18,
2026-09-25T20:09:15+00:00,733,8e64930c2,existing,130.0,,31,39,12,
2026-09-25T20:09:15+00:00,733,2567c16f7,existing,130.0,,31,39,15,
2026-09-25T20:09:15+00:00,733,1e6fee04f,existing,135.0,,32,24,3,
2026-09-25T20:09:15+00:00,733,61805c301,existing,135.0,,31,4,14,
2026-09-25T20:09:15+00:00,733,db7d63b2b,existing,137.0,,31,62,27,
2026-09-25T20:09:15+00:00,733,fb5162397,existing,138.0,,33,50,8,
2026-09-25T20:09:15+00:00,733,297925982,existing,138.3,,34,82,12,
2026-09-25T20:09:15+00:00,733,bd8003240,existing,138.5,,31,63,19,
2026-09-25T20:09:15+00:00,733,1f7d29f43,existing,139.0,,33,57,2,
2026-09-25T20:09:15+00:00,733,827bf4497,existing,139.99,,26,27,9,
2026-09-25T20:09:15+00:00,733,2b7ff0348,existing,139.99,,32,89,38,
2026-09-25T20:09:15+00:00,733,8982913a2,existing,139.99,,28,62,18,
2026-09-25T20:09:15+00:00,733,848159951,existing,140.0,,28,55,10,
2026-09-25T20:09:15+00:00,733,bd7d18e55,existing,140.0,,34,43,18,
2026-09-25T20:09:15+00:00,733,a753e8b4b,existing,140.0,,30,65,18,
2026-09-25T20:09:15+00:00,733,6e6e5b17a,existing,140.0,,33,29,10,
2026-09-25T20:09:15+00:00,733,a27f41d87,existing,140.0,,30,55,4,
2026-09-25T20:09:15+00:00,733,7c6ebe192,existing,140.0,,25,57,12,
2026-09-25T20:09:15+00:00,733,347b81666,existing,140.5,,25,94,7,
2026-09-25T20:09:15+00:00,733,387dbcad7,existing,141.99,,30,80,10,
2026-09-25T20:09:15+00:00,733,ad8096734,existing,145.0,,27,94,7,
2026-09-25T20:09:15+00:00,733,6571120f7,existing,145.0,,34,86,19,
2026-09-25T20:09:15+00:00,733,387d741d5,existing,147.0,,27,86,38,
2026-09-25T20:09:15+00:00,733,a97cf2d5d,existing,148.99,,32,86,17,
2026-09-25T20:09:15+00:00,733,0879a669a,existing,149.0,,32,61,30,
2026-09-25T20:09:15+00:00,733,c78053e48,existing,149.98,,33,29,4,
2026-09-25T20:09:15+00:00,733,9b7d3e58d,existing,150.0,,30,82,31,
2026-09-25T20:09:15+00:00,733,837476f02,existing,150.0,,26,31,27,
2026-09-25T20:09:15+00:00,733,4b7c406e5,existing,150.0,,30,52,3,
2026-09-25T20:09:15+00:00,733,6d81748a9,existing,150.0,,32,23,11,
2026-09-25T20:09:15+00:00,733,2b7b3228c,existing,150.0,,34,79,22,
2026-09-25T20:09:15+00:00,733,747e25197,existing,150.0,,27,95,1,
2026-09-25T20:09:15+00:00,733,9e72672d2,existing,150.0,,31,79,27,
2026-09-25T20:09:15+00:00,733,fb7c80af8,existing,150.0,,26,70,18,
2026-09-25T20:09:15+00:00,733,9a78ad2b9,existing,150.0,,34,81,14,
2026-09-25T20:09:15+00:00,733,a37ef1203,existing,150.0,,28,36,3,
2026-09-25T20:09:15+00:00,733,aa7cf74c9,existing,150.0,,31,11,40,
2026-09-25T20:09:15+00:00,733,fc7f163e3,existing,150.0,,25,79,12,
2026-09-25T20:09:15+00:00,733,2d63d5633,existing,150.0,,34,74,26,
2026-09-25T20:09:15+00:00,733,f980a76fa,existing,150.0,,26,46,26,
2026-09-25T20:09:15+00:00,733,f07c7c8d9,existing,155.0,,33,74,4,
2026-09-25T20:09:15+00:00,733,158155a65,existing,157.0,,30,58,16,
2026-09-25T20:09:15+00:00,733,ee78bc8f8,existing,159.99,,32,84,35,
2026-09-25T20:09:15+00:00,733,a253b3b8f,existing,160.0,,25,69,8,
2026-09-25T20:09:15+00:00,733,eb5da05b1,existing,160.0,,34,50,19,
2026-09-25T20:09:15+00:00,733,e66367791,existing,160.0,,26,25,19,
2026-09-25T20:09:15+00:00,733,345452c82,existing,160.0,,33,23,27,
2026-09-25T20:09:15+00:00,733,386eb2666,existing,160.0,,31,63,24,
2026-09-25T20:09:15+00:00,733,fc66ece60,existing,160.0,,33,53,5,
2026-09-25T20:09:15+00:00,733,9577f48c9,existing,160.0,,34,61,18,
2026-09-25T20:09:15+00:00,733,f17a42752,existing,160.0,,30,59,16,
2026-09-25T20:09:15+00:00,733,586167a6c,existing,160.0,,31,52,25,
2026-09-25T20:09:15+00:00,733,d0838cacf,existing,160.0,,28,70,22,
2026-09-25T20:09:15+00:00,733,c97d89c8f,existing,165.0,,27,52,29,
2026-09-25T20:09:15+00:00,733,9e748a653,existing,165.0,,27,81,6,
2026-09-25T20:09:15+00:00,733,dd7d04d24,existing,165.0,,26,52,19,
2026-09-25T20:09:15+00:00,733,008210aba,existing,165.0,,33,37,13,
2026-09-25T20:09:15+00:00,733,097f34714,existing,168.0,,27,48,26,
2026-09-25T20:09:15+00:00,733,837c4c451,existing,168.0,,32,78,26,
2026-09-25T20:09:15+00:00,733,a57562f1a,existing,168.0,,27,63,9,
2026-09-25T20:09:15+00:00,733,9f7b990cf,existing,168.0,,33,79,4,
2026-09-25T20:09:15+00:00,733,235c22dff,existing,168.0,,27,79,21,
2026-09-25T20:09:15+00:00,733,5f8326e1f,existing,168.0,,31,44,24,
2026-09-25T20:09:15+00:00,733,9876d7907,existing,168.99,,27,96,40,
2026-09-25T20:09:15+00:00,733,4f71f940e,existing,169.0,,32,67,7,
2026-09-25T20:09:15+00:00,733,95642a2c2,existing,169.0,,31,49,9,
2026-09-25T20:09:15+00:00,733,067e9f397,existing,169.59,,26,83,15,
2026-09-25T20:09:15+00:00,733,9951a1a8c,existing,169.98,,33,63,20,
2026-09-25T20:09:15+00:00,733,f872945b4,existing,169.99,,25,28,9,
2026-09-25T20:09:15+00:00,733,217228432,existing,170.0,,32,78,29,
2026-09-25T20:09:15+00:00,733,f57c396f0,existing,170.0,,25,64,11,
2026-09-25T20:09:15+00:00,733,19796f42a,existing,170.0,,31,61,29,
2026-09-25T20:09:15+00:00,733,21706250e,existing,170.0,,25,12,3,
2026-09-25T20:09:15+00:00,733,29754d863,existing,170.0,,32,79,30,
2026-09-25T20:09:15+00:00,733,4a7d9258a,existing,170.0,,31,74,25,
2026-09-25T20:09:15+00:00,733,026f5baa4,existing,170.0,,25,69,6,
2026-09-25T20:09:15+00:00,733,7475aade9,existing,170.0,,33,10,3,
2026-09-25T20:09:15+00:00,733,b771e8d04,existing,170.0,,33,38,11,
2026-09-25T20:09:15+00:00,733,927bc6ec6,existing,170.0,,28,93,34,
2026-09-25T20:09:15+00:00,733,cb7215b57,existing,170.99,,26,77,17,
2026-09-25T20:09:15+00:00,733,416dcffc1,existing,171.0,,33,79,20,
2026-09-25T20:09:15+00:00,733,0150a7956,existing,172.0,,29,81,37,
2026-09-25T20:09:15+00:00,733,c279c00a1,existing,173.33,,30,80,9,
2026-09-25T20:09:15+00:00,733,ad590a08c,existing,173.5,,25,49,9,
2026-09-25T20:09:15+00:00,733,fe7bb2b7f,existing,173.67,,28,95,27,
2026-09-25T20:09:15+00:00,733,0b73df166,existing,175.0,,32,40,5,
2026-09-25T20:09:15+00:00,733,19715c335,existing,175.0,,27,58,13,
2026-09-25T20:09:15+00:00,733,157ee5c20,existing,175.0,,25,19,9,
2026-09-25T20:09:15+00:00,733,137146a9a,existing,175.0,,33,58,29,
2026-09-25T20:09:15+00:00,733,cc566550e,existing,175.0,,33,21,26,
2026-09-25T20:09:15+00:00,733,4b5298646,existing,175.0,,32,64,8,
2026-09-25T20:09:15+00:00,733,6a70cb8e8,existing,175.98,,31,36,15,
2026-09-25T20:09:15+00:00,733,4e70a3a7f,existing,176.0,,31,65,26,
2026-09-25T20:09:15+00:00,733,db709d536,existing,176.0,,33,9,25,
2026-09-25T20:09:15+00:00,733,727041161,existing,177.92,,31,13,1,
2026-09-25T20:09:15+00:00,733,d17232276,existing,178.95,,33,13,4,
2026-09-25T20:09:15+00:00,733,e259f5950,existing,178.99,,27,70,7,
2026-09-25T20:09:15+00:00,733,047e0c236,existing,179.0,,27,95,2,
2026-09-25T20:09:15+00:00,733,cd639aa2e,existing,180.0,,28,70,19,
2026-09-25T20:09:15+00:00,733,7e6f29f2f,existing,180.0,,28,36,12,
2026-09-25T20:09:15+00:00,733,d57001d1d,existing,180.0,,27,77,25,
2026-09-25T20:09:15+00:00,733,3e7a7c998,existing,180.0,,31,17,47,
2026-09-25T20:09:15+00:00,733,667bebc38,existing,180.0,,31,80,9,
2026-09-25T20:09:15+00:00,733,ba673fde7,existing,180.0,,33,35,7,
2026-09-25T20:09:15+00:00,733,ba55d1925,existing,180.0,,27,80,2,
2026-09-25T20:09:15+00:00,733,5e6824ca7,existing,180.99,,26,87,5,
2026-09-25T20:09:15+00:00,733,0c6e26ffa,existing,185.0,,28,62,23,
2026-09-25T20:09:15+00:00,733,80658e026,existing,185.0,,26,62,6,
2026-09-25T20:09:15+00:00,733,635f41ad7,existing,189.98,,33,79,23,
2026-09-25T20:09:15+00:00,733,e9663b88a,existing,190.0,,28,80,22,
2026-09-25T20:09:15+00:00,733,1a655b42c,existing,190.0,,25,81,8,
2026-09-25T20:09:15+00:00,733,2f7c92f29,existing,190.0,,27,91,33,
2026-09-25T20:09:15+00:00,733,1861dee6c,existing,190.0,,28,29,2,
2026-09-25T20:09:15+00:00,733,8f610c0fc,existing,199.0,,29,63,26,
2026-09-25T20:09:15+00:00,733,fe6402fc6,existing,199.0,,29,61,8,
2026-09-25T20:09:15+00:00,733,db7767ddc,existing,199.0,,32,86,10,
2026-09-25T20:09:15+00:00,733,226241830,existing,199.89,,31,64,7,
2026-09-25T20:09:15+00:00,733,df7025db0,existing,200.0,,28,80,11,
2026-09-25T20:09:15+00:00,733,c44fb9588,existing,200.0,,29,82,4,
2026-09-25T20:09:15+00:00,733,1a51d2cc2,existing,200.0,,32,63,4,
2026-09-25T20:09:15+00:00,733,ee615f861,existing,200.0,,28,61,16,
2026-09-25T20:09:15+00:00,733,fa6976566,existing,200.0,,31,66,16,
2026-09-25T20:09:15+00:00,733,087f39840,existing,200.0,,27,68,10,
2026-09-25T20:09:15+00:00,733,72532e2da,existing,200.0,,29,40,21,
2026-09-25T20:09:15+00:00,733,3b62750b0,existing,200.0,,26,43,6,
2026-09-25T20:09:15+00:00,733,0672d83eb,existing,200.0,,30,59,24,
2026-09-25T20:09:15+00:00,733,8d615e7ba,existing,200.0,,26,49,12,
2026-09-25T20:09:15+00:00,733,337f1c956,existing,200.0,,27,51,10,
2026-09-25T20:09:15+00:00,733,1d61ac488,existing,200.0,,34,79,24,
2026-09-25T20:09:15+00:00,733,df832c11e,existing,200.0,,29,35,2,
2026-09-25T20:09:15+00:00,733,1d80d7eb0,existing,200.0,,26,14,21,
2026-09-25T20:09:15+00:00,733,9b8115ff6,existing,200.0,,28,58,2,
2026-09-25T20:09:15+00:00,733,c65475745,existing,202.5,,29,45,23,
2026-09-25T20:09:15+00:00,733,785a8cafb,existing,207.0,,27,83,2,
2026-09-25T20:09:15+00:00,733,6f638ce2d,existing,210.0,,32,33,7,
2026-09-25T20:09:15+00:00,733,6364c3357,existing,215.0,,25,17,10,
2026-09-25T20:09:15+00:00,733,c161c8357,existing,222.0,,32,74,22,
2026-09-25T20:09:15+00:00,733,386b68545,existing,223.0,,26,48,2,
2026-09-25T20:09:15+00:00,733,4379dadab,existing,223.0,,25,93,5,
2026-09-25T20:09:15+00:00,733,746e11105,existing,223.0,,28,31,3,
2026-09-25T20:09:15+00:00,733,678179aeb,existing,223.0,,33,60,25,
2026-09-25T20:09:15+00:00,733,687344479,existing,225.0,,31,15,35,
2026-09-25T20:09:15+00:00,733,b36436872,existing,230.0,,26,76,17,
2026-09-25T20:09:15+00:00,733,3b513d09a,existing,235.0,,27,63,25,
2026-09-25T20:09:15+00:00,733,235105d32,existing,239.25,,28,59,19,
2026-09-25T20:09:15+00:00,733,42796b1e0,existing,240.0,,31,9,6,
2026-09-25T20:09:15+00:00,733,09541c9f9,existing,248.95,,30,46,26,
2026-09-25T20:09:15+00:00,733,d758a0ece,existing,249.0,,32,80,35,
2026-09-25T20:09:15+00:00,733,137125024,existing,250.0,,29,94,28,
2026-09-25T20:09:15+00:00,733,ea7dd3155,existing,250.0,,30,85,20,
2026-09-25T20:09:15+00:00,733,fb597edff,existing,250.0,,16,66,31,
2026-09-25T20:09:15+00:00,733,aa597fe10,existing,250.0,,16,66,30,
2026-09-25T20:09:15+00:00,733,788234c5f,existing,250.0,,30,81,36,
2026-09-25T20:09:15+00:00,733,277468af7,existing,250.5,,29,49,7,
2026-09-25T20:09:15+00:00,733,ed6f7b3b7,existing,255.0,,26,70,13,
2026-09-25T20:09:15+00:00,733,b850fde75,existing,265.5,,26,63,16,
2026-09-25T20:09:15+00:00,733,876be2d28,existing,274.94,,28,61,22,
2026-09-25T20:09:15+00:00,733,9358b6e00,existing,280.0,,29,90,30,
2026-09-25T20:09:15+00:00,733,50526c52a,existing,291.75,,29,65,31,
2026-09-25T20:09:15+00:00,733,0e7005e94,existing,300.0,,33,13,7,
2026-09-25T20:09:15+00:00,733,a46ddaab6,existing,300.0,,25,79,4,
2026-09-25T20:09:15+00:00,733,1b73bc28f,existing,300.0,,31,54,2,
2026-09-25T20:09:15+00:00,733,247d988cd,existing,300.0,,29,55,5,
2026-09-25T20:09:15+00:00,733,ba7c730b0,existing,300.0,,26,89,16,
2026-09-25T20:09:15+00:00,733,4d7807443,existing,300.0,,31,94,34,
2026-09-25T20:09:15+00:00,733,1376cb3c9,existing,300.0,,31,95,15,
2026-09-25T20:09:15+00:00,733,f251e1adf,existing,318.0,,29,82,3,
2026-09-25T20:09:15+00:00,733,dc736c59f,existing,400.0,,30,38,20,
2026-09-25T20:09:15+00:00,733,3d6236ab2,existing,615.0,,31,85,11,
2026-09-25T20:09:15+00:00,734,687d9eb68,existing,25.0,,34,74,25,
2026-09-25T20:09:15+00:00,734,518315536,existing,29.99,,28,4,9,
2026-09-25T20:09:15+00:00,734,a081ec8d3,existing,30.0,,30,90,15,
2026-09-25T20:09:15+00:00,734,5553e9b63,existing,30.0,,30,65,18,
2026-09-25T20:09:15+00:00,734,c47dd00cf,existing,30.0,,26,41,20,
2026-09-25T20:09:15+00:00,734,ee81eb765,existing,30.0,,27,83,9,
2026-09-25T20:09:15+00:00,734,016eb9e5e,existing,30.0,,31,39,12,
2026-09-25T20:09:15+00:00,734,437265178,existing,30.0,,31,79,27,
2026-09-25T20:09:15+00:00,734,e580095d7,existing,30.0,,32,55,23,
2026-09-25T20:09:15+00:00,734,3282087ce,existing,30.0,,28,83,19,
2026-09-25T20:09:15+00:00,734,e4838db11,existing,30.0,,28,70,22,
2026-09-25T20:09:15+00:00,734,6981d6e62,existing,30.5,,28,46,25,
2026-09-25T20:09:15+00:00,734,5e606a991,existing,31.0,,27,51,10,
2026-09-25T20:09:15+00:00,734,517c2aa4f,existing,31.0,,26,14,17,
2026-09-25T20:09:15+00:00,734,155baa817,existing,31.98,,28,59,31,
2026-09-25T20:09:15+00:00,734,5f7ff5a16,existing,31.99,,27,69,4,
2026-09-25T20:09:15+00:00,734,b873c3570,existing,32.0,,33,85,10,
2026-09-25T20:09:15+00:00,734,e37bce23b,existing,32.0,,28,93,5,
2026-09-25T20:09:15+00:00,734,b08327e53,existing,32.0,,33,33,18,
2026-09-25T20:09:15+00:00,734,457f92c02,existing,32.49,,29,44,7,
2026-09-25T20:09:15+00:00,734,ea7e1edb2,existing,32.85,,29,66,5,
2026-09-25T20:09:15+00:00,734,ac74d8a02,existing,33.0,,31,62,8,
2026-09-25T20:09:15+00:00,734,7d6827d13,existing,33.0,,26,39,7,
2026-09-25T20:09:15+00:00,734,71516863f,existing,33.0,,33,50,8,
2026-09-25T20:09:15+00:00,734,ce7fa7e89,existing,33.0,,33,33,16,
2026-09-25T20:09:15+00:00,734,7567a5b0c,existing,33.0,,33,49,17,
2026-09-25T20:09:15+00:00,734,7c50881be,existing,33.0,,31,46,18,
2026-09-25T20:09:15+00:00,734,26605b635,existing,34.0,,29,76,22,
2026-09-25T20:09:15+00:00,734,e68004258,existing,34.5,,31,63,19,
2026-09-25T20:09:15+00:00,734,237d24a46,existing,34.9,,34,86,23,
2026-09-25T20:09:15+00:00,734,267bfd976,existing,34.99,,26,71,26,
2026-09-25T20:09:15+00:00,734,8e7ded32b,existing,35.0,,32,75,8,
2026-09-25T20:09:15+00:00,734,4e56248a9,existing,35.0,,29,35,16,
2026-09-25T20:09:15+00:00,734,c37df24c4,existing,35.0,,27,49,14,
2026-09-25T20:09:15+00:00,734,aa6aa9ecb,existing,35.0,,25,50,1,
2026-09-25T20:09:15+00:00,734,2f7d71083,existing,35.0,,31,63,7,
2026-09-25T20:09:15+00:00,734,cf6f396f8,existing,35.0,,34,79,24,
2026-09-25T20:09:15+00:00,734,ee628fde0,existing,35.0,,30,64,33,
2026-09-25T20:09:15+00:00,734,3c7b9e7c5,existing,35.0,,27,33,1,
2026-09-25T20:09:15+00:00,734,dd6eb8e30,existing,35.0,,31,39,15,
2026-09-25T20:09:15+00:00,734,997cc38e0,existing,35.0,,29,87,37,
2026-09-25T20:09:15+00:00,734,4f7b9d393,existing,35.0,,29,93,21,
2026-09-25T20:09:15+00:00,734,157cf84de,existing,35.0,,31,11,40,
2026-09-25T20:09:15+00:00,734,5e7f1db05,existing,35.0,,32,55,12,
2026-09-25T20:09:15+00:00,734,d15de5dd2,existing,36.0,,28,31,3,
2026-09-25T20:09:15+00:00,734,e47da6f31,existing,36.0,,29,66,16,
2026-09-25T20:09:15+00:00,734,098036d49,existing,36.0,,27,87,39,
2026-09-25T20:09:15+00:00,734,f06809112,existing,37.0,,34,78,17,
2026-09-25T20:09:15+00:00,734,f07f712ca,existing,38.0,,25,50,4,
2026-09-25T20:09:15+00:00,734,1c786dfcb,existing,39.0,,31,55,25,
2026-09-25T20:09:15+00:00,734,86786cf6e,existing,39.0,,28,87,11,
2026-09-25T20:09:15+00:00,734,657faafca,existing,39.0,,27,33,20,
2026-09-25T20:09:15+00:00,734,5e610d12e,existing,39.0,,29,63,26,
2026-09-25T20:09:15+00:00,734,3051a2abd,existing,39.99,,33,63,20,
2026-09-25T20:09:15+00:00,734,b97ccff9e,existing,39.99,,29,35,12,
2026-09-25T20:09:15+00:00,734,c86ffec57,existing,40.0,,31,16,10,
2026-09-25T20:09:15+00:00,734,e36de607e,existing,40.0,,28,55,10,
2026-09-25T20:09:15+00:00,734,b47b11dfb,existing,40.0,,26,86,16,
2026-09-25T20:09:15+00:00,734,935da15d7,existing,40.0,,34,50,19,
2026-09-25T20:09:15+00:00,734,e07e261dc,existing,40.0,,27,95,1,
2026-09-25T20:09:15+00:00,734,e954d5fcc,existing,40.0,,27,80,7,
2026-09-25T20:09:15+00:00,734,f3782c19a,existing,40.0,,29,63,25,
2026-09-25T20:09:15+00:00,734,dc7f02ae3,existing,40.0,,34,52,25,
2026-09-25T20:09:15+00:00,734,777e1041b,existing,40.0,,25,28,9,
2026-09-25T20:09:15+00:00,734,d67cd22f4,existing,40.0,,25,68,6,
2026-09-25T20:09:15+00:00,734,d6774d79a,existing,40.0,,33,42,21,
2026-09-25T20:09:15+00:00,734,4d53879e7,existing,40.0,,28,76,12,
2026-09-25T20:09:15+00:00,734,b780d5d39,existing,40.0,,28,18,15,
2026-09-25T20:09:15+00:00,734,9977cb384,existing,41.0,,29,54,20,
2026-09-25T20:09:15+00:00,734,b67dbeb36,existing,41.99,,30,80,10,
2026-09-25T20:09:15+00:00,734,7178bb8cb,existing,42.0,,33,39,4,
2026-09-25T20:09:15+00:00,734,187758aa3,existing,43.0,,26,66,13,
2026-09-25T20:09:15+00:00,734,ac772dbaa,existing,43.95,,31,37,19,
2026-09-25T20:09:15+00:00,734,fa7847e78,existing,44.8,,32,88,30,
2026-09-25T20:09:15+00:00,734,8072d41d3,existing,44.9,,26,73,7,
2026-09-25T20:09:15+00:00,734,a27c11fde,existing,44.98,,30,82,35,
2026-09-25T20:09:15+00:00,734,be72f90a6,existing,45.0,,29,75,35,
2026-09-25T20:09:15+00:00,734,d26717c1b,existing,45.0,,28,9,12,
2026-09-25T20:09:15+00:00,734,fe76e0c86,existing,45.0,,27,36,21,
2026-09-25T20:09:15+00:00,734,1161d3a46,existing,45.0,,25,79,8,
2026-09-25T20:09:15+00:00,734,a465006f4,existing,45.0,,29,91,24,
2026-09-25T20:09:15+00:00,734,e57efb6e3,existing,45.0,,27,81,5,
2026-09-25T20:09:15+00:00,734,d464839df,existing,45.0,,26,41,21,
2026-09-25T20:09:15+00:00,734,156e14206,existing,45.0,,32,64,8,
2026-09-25T20:09:15+00:00,734,257564f5a,existing,45.0,,27,63,9,
2026-09-25T20:09:15+00:00,734,9c77fde8c,existing,45.0,,27,54,16,
2026-09-25T20:09:15+00:00,734,8376c9393,existing,45.0,,30,30,11,
2026-09-25T20:09:15+00:00,734,2376f471e,existing,45.0,,34,75,23,
2026-09-25T20:09:15+00:00,734,ff7089a7d,existing,46.0,,32,89,15,
2026-09-25T20:09:15+00:00,734,316e36a23,existing,46.67,,33,53,26,
2026-09-25T20:09:15+00:00,734,24655d5c9,existing,46.99,,27,52,6,
2026-09-25T20:09:15+00:00,734,eb814518f,existing,47.0,,33,37,14,
2026-09-25T20:09:15+00:00,734,728087e19,existing,47.0,,25,94,8,
2026-09-25T20:09:15+00:00,734,ce7d8b0cc,existing,47.0,,26,25,19,
2026-09-25T20:09:15+00:00,734,a47b60efb,existing,47.0,,26,19,25,
2026-09-25T20:09:15+00:00,734,797e0d2cf,existing,47.0,,27,95,2,
2026-09-25T20:09:15+00:00,734,5168bf15c,existing,47.0,,26,84,14,
2026-09-25T20:09:15+00:00,734,915012003,existing,47.0,,29,41,1,
2026-09-25T20:09:15+00:00,734,d755d294f,existing,48.0,,27,80,2,
2026-09-25T20:09:15+00:00,734,9a638098a,existing,48.0,,31,32,12,
2026-09-25T20:09:15+00:00,734,ea77c00d0,existing,48.0,,33,18,13,
2026-09-25T20:09:15+00:00,734,01772fc3b,existing,48.0,,26,49,22,
2026-09-25T20:09:15+00:00,734,7f75ed9d7,existing,48.0,,25,30,3,
2026-09-25T20:09:15+00:00,734,497ae2fc3,existing,48.0,,31,13,3,
2026-09-25T20:09:15+00:00,734,8871a005a,existing,48.0,,28,40,10,
2026-09-25T20:09:15+00:00,734,807f722ea,existing,48.0,,33,78,23,
2026-09-25T20:09:15+00:00,734,3b6bcb81c,existing,48.1,,31,86,22,
2026-09-25T20:09:15+00:00,734,ba8279313,existing,48.49,,31,80,32,
2026-09-25T20:09:15+00:00,734,bc50260b4,existing,49.0,,28,73,34,
2026-09-25T20:09:15+00:00,734,3663509a7,existing,49.0,,30,43,9,
2026-09-25T20:09:15+00:00,734,527cc9ccf,existing,49.0,,28,60,32,
2026-09-25T20:09:15+00:00,734,6163be77b,existing,49.0,,32,62,11,
2026-09-25T20:09:15+00:00,734,8b65e56e4,existing,49.98,,27,39,7,
2026-09-25T20:09:15+00:00,734,de607212c,existing,49.99,,30,51,10,
2026-09-25T20:09:15+00:00,734,bc5bfd9db,existing,49.99,,29,83,2,
2026-09-25T20:09:15+00:00,734,5663001c6,existing,49.99,,34,55,14,
2026-09-25T20:09:15+00:00,734,9363b62aa,existing,49.99,,28,54,8,
2026-09-25T20:09:15+00:00,734,62520014c,existing,49.99,,31,35,1,
2026-09-25T20:09:15+00:00,734,e9716ba2f,existing,50.0,,27,58,13,
2026-09-25T20:09:15+00:00,734,6874c672b,existing,50.0,,26,27,19,
2026-09-25T20:09:15+00:00,734,8c7c3a708,existing,50.0,,25,64,11,
2026-09-25T20:09:15+00:00,734,a46311a86,existing,50.0,,30,43,12,
2026-09-25T20:09:15+00:00,734,5d512bfd1,existing,50.0,,32,28,7,
2026-09-25T20:09:15+00:00,734,027709d9a,existing,50.0,,29,62,8,
2026-09-25T20:09:15+00:00,734,d650ac746,existing,50.0,,31,63,24,
2026-09-25T20:09:15+00:00,734,b75c1369f,existing,50.0,,29,53,3,
2026-09-25T20:09:15+00:00,734,d0608c3bb,existing,50.0,,27,91,19,
2026-09-25T20:09:15+00:00,734,c25011f30,existing,50.0,,29,40,21,
2026-09-25T20:09:15+00:00,734,e87c6ba40,existing,50.0,,26,72,16,
2026-09-25T20:09:15+00:00,734,4553b4bac,existing,50.0,,25,69,8,
2026-09-25T20:09:15+00:00,734,5072d10c5,existing,50.0,,27,48,23,
2026-09-25T20:09:15+00:00,734,0d6286bd5,existing,50.0,,32,95,13,
2026-09-25T20:09:15+00:00,734,5d695cc9d,existing,50.0,,29,94,32,
2026-09-25T20:09:15+00:00,734,2262f7f77,existing,50.0,,33,53,24,
2026-09-25T20:09:15+00:00,734,8e69b2b45,existing,50.0,,31,80,1,
2026-09-25T20:09:15+00:00,734,7c77dfdb0,existing,50.0,,26,68,3,
2026-09-25T20:09:15+00:00,734,537c8a88e,existing,50.0,,27,28,20,
2026-09-25T20:09:15+00:00,734,5258101fa,existing,50.0,,33,30,1,
2026-09-25T20:09:15+00:00,734,717bd3425,existing,50.0,,28,86,38,
2026-09-25T20:09:15+00:00,734,5a62bad57,existing,50.0,,30,43,1,
2026-09-25T20:09:15+00:00,734,7972e4771,existing,50.0,,33,95,5,
2026-09-25T20:09:15+00:00,734,b161b47b3,existing,50.0,,29,47,27,
2026-09-25T20:09:15+00:00,734,e35377d4e,existing,50.0,,34,50,14,
2026-09-25T20:09:15+00:00,734,ca7e36a3e,existing,50.0,,26,14,16,
2026-09-25T20:09:15+00:00,734,1c69da33e,existing,50.0,,34,65,22,
2026-09-25T20:09:15+00:00,734,bc7f95f8d,existing,50.0,,29,39,22,
2026-09-25T20:09:15+00:00,734,737f80f6a,existing,50.0,,27,46,26,
2026-09-25T20:09:15+00:00,734,135ab03c6,existing,50.0,,30,63,33,
2026-09-25T20:09:15+00:00,734,4c68970ee,existing,50.0,,31,1,22,
2026-09-25T20:09:15+00:00,734,5870aadb1,existing,50.0,,34,50,17,
2026-09-25T20:09:15+00:00,734,7b5785cb7,existing,50.0,,27,44,18,
2026-09-25T20:09:15+00:00,734,91523e934,existing,50.0,,31,80,28,
2026-09-25T20:09:15+00:00,734,46771c58d,existing,50.7,,30,28,11,
2026-09-25T20:09:15+00:00,734,1361f9abe,existing,55.0,,32,54,3,
2026-09-25T20:09:15+00:00,734,1e5c4eaad,existing,55.0,,33,22,5,
2026-09-25T20:09:15+00:00,734,ac571c167,existing,55.0,,27,78,29,
2026-09-25T20:09:15+00:00,734,305701e08,existing,55.0,,27,90,27,
2026-09-25T20:09:15+00:00,734,ef7eb5127,existing,55.0,,31,66,33,
2026-09-25T20:09:15+00:00,734,c073951c9,existing,55.0,,28,17,13,
2026-09-25T20:09:15+00:00,734,92680e1d0,existing,55.0,,27,25,5,
2026-09-25T20:09:15+00:00,734,4077a230d,existing,55.0,,27,44,2,
2026-09-25T20:09:15+00:00,734,7d7ad8c93,existing,55.0,,25,42,2,
2026-09-25T20:09:15+00:00,734,bb7c9a60e,existing,55.0,,31,13,34,
2026-09-25T20:09:15+00:00,734,866f1a64a,existing,55.0,,28,90,19,
2026-09-25T20:09:15+00:00,734,cb73f5af4,existing,55.0,,32,65,11,
2026-09-25T20:09:15+00:00,734,3574e9196,existing,55.0,,27,39,15,
2026-09-25T20:09:15+00:00,734,81546023e,existing,55.0,,28,72,36,
2026-09-25T20:09:15+00:00,734,ea54454d7,existing,55.5,,28,81,22,
2026-09-25T20:09:15+00:00,734,dd5609d82,existing,58.0,,27,96,2,
2026-09-25T20:09:15+00:00,734,f3505da14,existing,58.0,,28,59,24,
2026-09-25T20:09:15+00:00,734,f6508ecea,existing,58.0,,31,45,6,
2026-09-25T20:09:15+00:00,734,46599f892,existing,59.98,,28,11,8,
2026-09-25T20:09:15+00:00,734,d25e81017,existing,59.99,,33,12,16,
2026-09-25T20:09:15+00:00,734,c350bfeb5,existing,60.0,,26,71,21,
2026-09-25T20:09:15+00:00,734,2454de452,existing,60.0,,26,45,28,
2026-09-25T20:09:15+00:00,734,0870f4663,existing,60.0,,32,58,22,
2026-09-25T20:09:15+00:00,734,c06604275,existing,60.0,,27,29,20,
2026-09-25T20:09:15+00:00,734,3c773905b,existing,60.0,,28,40,14,
2026-09-25T20:09:15+00:00,734,357664cbc,existing,60.0,,28,59,27,
2026-09-25T20:09:15+00:00,734,c979c111c,existing,60.0,,32,74,6,
2026-09-25T20:09:15+00:00,734,f17b9b2ff,existing,60.0,,32,45,11,
2026-09-25T20:09:15+00:00,734,476dd209b,existing,60.0,,31,89,29,
2026-09-25T20:09:15+00:00,734,4d74b538b,existing,60.0,,26,33,22,
2026-09-25T20:09:15+00:00,734,d37c05bad,existing,60.0,,28,19,15,
2026-09-25T20:09:15+00:00,734,556c1dfbe,existing,60.0,,33,4,24,
2026-09-25T20:09:15+00:00,734,b46fd64cc,existing,60.0,,25,64,2,
2026-09-25T20:09:15+00:00,734,ef5495274,existing,64.0,,31,79,21,
2026-09-25T20:09:15+00:00,734,9782c23c9,existing,65.0,,28,83,32,
2026-09-25T20:09:15+00:00,734,026933196,existing,65.0,,31,87,10,
2026-09-25T20:09:15+00:00,734,857c8da42,existing,65.0,,26,57,29,
2026-09-25T20:09:15+00:00,734,4b6127bee,existing,65.0,,31,66,27,
2026-09-25T20:09:15+00:00,734,58550d274,existing,65.0,,27,77,21,
2026-09-25T20:09:15+00:00,734,5559adbce,existing,65.0,,30,95,31,
2026-09-25T20:09:15+00:00,734,6654c9b9b,existing,65.0,,31,79,32,
2026-09-25T20:09:15+00:00,734,ce538d2e2,existing,66.0,,30,55,21,
2026-09-25T20:09:15+00:00,734,9a4fa5164,existing,66.0,,26,74,18,
2026-09-25T20:09:15+00:00,734,ba563f6ad,existing,67.0,,32,64,19,
2026-09-25T20:09:15+00:00,734,e570116dd,existing,67.67,,33,95,7,
2026-09-25T20:09:15+00:00,734,9d5134836,existing,68.0,,25,88,2,
2026-09-25T20:09:15+00:00,734,a7512e801,existing,69.0,,26,46,27,
2026-09-25T20:09:15+00:00,734,55583a131,existing,69.0,,26,45,27,
2026-09-25T20:09:15+00:00,734,a76f950e5,existing,69.99,,31,26,14,
2026-09-25T20:09:15+00:00,734,1e535caf5,existing,70.0,,28,59,25,
2026-09-25T20:09:15+00:00,734,a8789003a,existing,70.0,,29,78,14,
2026-09-25T20:09:15+00:00,734,0061ca4ac,existing,70.0,,32,74,22,
2026-09-25T20:09:15+00:00,734,1c6222a4d,existing,70.0,,32,76,11,
2026-09-25T20:09:15+00:00,734,867aba14e,existing,70.0,,26,92,3,
2026-09-25T20:09:15+00:00,734,2b627b4a0,existing,70.0,,33,28,14,
2026-09-25T20:09:15+00:00,734,a46f0fb5a,existing,70.0,,25,65,1,
2026-09-25T20:09:15+00:00,734,d1683f27c,existing,70.0,,33,50,11,
2026-09-25T20:09:15+00:00,734,9b6ae3bf0,existing,70.0,,26,69,29,
2026-09-25T20:09:15+00:00,734,8f52b340f,existing,73.35,,28,32,14,
2026-09-25T20:09:15+00:00,734,626b2791c,existing,75.0,,32,96,10,
2026-09-25T20:09:15+00:00,734,cf7691c51,existing,75.0,,33,31,3,
2026-09-25T20:09:15+00:00,734,9d790b01b,existing,75.0,,32,63,3,
2026-09-25T20:09:15+00:00,734,544f7e683,existing,75.0,,30,39,19,
2026-09-25T20:09:15+00:00,734,93834e762,existing,75.0,,28,17,2,
2026-09-25T20:09:15+00:00,734,b752a353d,existing,76.49,,28,81,26,
2026-09-25T20:09:15+00:00,734,0d5476755,existing,76.5,,29,45,23,
2026-09-25T20:09:15+00:00,734,c24f8cbb5,existing,76.5,,27,67,13,
2026-09-25T20:09:15+00:00,734,0655390df,existing,80.0,,30,42,12,
2026-09-25T20:09:15+00:00,734,33513f97f,existing,80.0,,26,77,9,
2026-09-25T20:09:15+00:00,734,6462f9fbf,existing,80.0,,27,83,12,
2026-09-25T20:09:15+00:00,734,935cc0ea2,existing,80.0,,33,66,26,
2026-09-25T20:09:15+00:00,734,c6642b2cf,existing,80.0,,31,11,43,
2026-09-25T20:09:15+00:00,734,8e5c24e4c,existing,80.0,,27,79,21,
2026-09-25T20:09:15+00:00,734,01519e7f9,existing,81.75,,29,45,26,
2026-09-25T20:09:15+00:00,734,407e6cfb8,existing,85.0,,33,13,7,
2026-09-25T20:09:15+00:00,734,1253599eb,existing,87.0,,26,74,20,
2026-09-25T20:09:15+00:00,734,625157747,existing,87.0,,32,65,12,
2026-09-25T20:09:15+00:00,734,b6687548c,existing,90.0,,26,55,8,
2026-09-25T20:09:15+00:00,734,ef7ec38f0,existing,90.0,,31,13,37,
2026-09-25T20:09:15+00:00,734,4e7d76203,existing,95.0,,25,53,7,
2026-09-25T20:09:15+00:00,734,2451389e6,existing,97.49,,31,64,23,
2026-09-25T20:09:15+00:00,734,3356357b7,existing,99.0,,28,90,9,
2026-09-25T20:09:15+00:00,734,ed6ec6d2a,existing,99.0,,28,41,2,
2026-09-25T20:09:15+00:00,734,3a6be1caa,existing,99.94,,28,61,22,
2026-09-25T20:09:15+00:00,734,db5cfab74,existing,100.0,,27,84,40,
2026-09-25T20:09:15+00:00,734,637e00c56,existing,100.0,,25,79,4,
2026-09-25T20:09:15+00:00,734,e6513ce07,existing,100.0,,28,88,32,
2026-09-25T20:09:15+00:00,734,21704fe78,existing,100.0,,31,36,19,
2026-09-25T20:09:15+00:00,734,8050940ab,existing,100.0,,30,42,8,
2026-09-25T20:09:15+00:00,734,1452902b9,existing,108.0,,26,53,8,
2026-09-25T20:09:15+00:00,734,155272708,existing,108.0,,29,65,31,
2026-09-25T20:09:15+00:00,734,864fe0f19,existing,108.0,,30,77,24,
2026-09-25T20:09:15+00:00,734,134fb650e,existing,108.0,,32,78,23,
2026-09-25T20:09:15+00:00,734,477010651,existing,110.0,,28,48,24,
2026-09-25T20:09:15+00:00,734,086060a02,existing,113.0,,31,80,23,
2026-09-25T20:09:15+00:00,734,c06ea5a09,existing,115.0,,28,37,1,
2026-09-25T20:09:15+00:00,734,8b4f65f8d,existing,129.0,,31,31,19,
2026-09-25T20:09:15+00:00,734,b44f98d27,existing,129.0,,30,80,8,
2026-09-25T20:09:15+00:00,734,1251d5d52,existing,129.99,,32,63,4,
2026-09-25T20:09:15+00:00,734,f152c5b1f,existing,130.0,,31,9,34,
2026-09-25T20:09:15+00:00,734,76539a48a,existing,140.0,,29,21,10,
2026-09-25T20:09:15+00:00,734,b050fcdea,existing,145.8,,26,63,16,
2026-09-25T20:09:15+00:00,734,d3614123b,existing,150.0,,31,34,10,
2026-09-25T20:09:15+00:00,734,e360ec28a,existing,150.0,,27,85,12,
2026-09-25T20:09:15+00:00,734,d750d3d56,existing,160.5,,33,51,3,
2026-09-25T20:09:15+00:00,734,144f5ec76,existing,160.5,,31,80,13,
2026-09-25T20:09:15+00:00,734,64759988c,existing,170.0,,30,48,1,
2026-09-25T20:09:15+00:00,734,cb6e0eed1,existing,170.0,,30,35,2,
2026-09-25T20:09:15+00:00,734,6a5ca6a46,existing,175.0,,26,71,22,
2026-09-25T20:09:15+00:00,734,9c7258e27,existing,200.0,,31,88,24,
2026-09-25T20:09:15+00:00,734,a275f8b16,existing,200.0,,29,93,23,
2026-09-25T20:09:15+00:00,734,6460e7011,existing,200.0,,27,85,34,
2026-09-25T20:09:15+00:00,734,d16aefe38,existing,200.0,,31,30,6,
2026-09-25T20:09:15+00:00,734,ed739c383,existing,200.0,,29,80,4,
2026-09-25T20:09:15+00:00,734,ef4fd4c9e,existing,300.0,,28,80,10,
2026-09-25T20:09:15+00:00,734,595f81ad7,existing,445.0,,28,52,6,
2026-09-25T20:14:27+00:00,730,ad82285cc,price_change,35.0,40.0,27,70,12,
2026-09-25T20:14:27+00:00,730,a57a34fd4,price_change,35.9,50.0,27,34,14,
2026-09-25T20:14:27+00:00,730,de83e429b,removed,34.0,,33,30,8,6
2026-09-25T20:14:27+00:00,730,d783dcf3b,removed,34.98,,26,34,3,6
2026-09-25T20:14:27+00:00,730,b180bb5c9,removed,40.0,,26,14,25,6
2026-09-25T20:14:27+00:00,732,df777e557,removed,223.0,,30,94,36,0
2026-09-25T20:14:27+00:00,733,5283eb50f,listed,160.0,,29,80,19,
2026-09-25T20:14:27+00:00,733,276fc2a67,removed,129.0,,30,45,6,2
2026-09-25T20:19:38+00:00,730,2d83ec568,listed,34.99,,33,4,21,
2026-09-25T20:19:38+00:00,730,3a829dda6,price_change,35.0,50.0,33,4,22,
2026-09-25T20:19:38+00:00,730,207e20f49,price_change,39.8,45.0,32,85,30,
2026-09-25T20:19:38+00:00,730,7983ddf4f,removed,34.97,,28,42,18,5
2026-09-25T20:19:38+00:00,730,7083dbe46,removed,34.99,,30,36,8,5
2026-09-25T20:19:38+00:00,730,a983defb8,removed,35.0,,28,7,1,5
2026-09-25T20:19:38+00:00,730,1683e62da,removed,35.0,,30,82,29,5
2026-09-25T20:19:38+00:00,730,6e8395d5d,removed,39.75,,34,37,29,5
2026-09-25T20:24:49+00:00,730,388050c5c,price_change,38.21,47.0,32,56,28,
2026-09-25T20:24:49+00:00,730,bd77bf044,price_change,40.0,58.0,33,18,13,
2026-09-25T20:24:49+00:00,730,698364d5d,price_change,50.0,60.0,28,29,1,
2026-09-25T20:24:49+00:00,730,d782aebef,removed,35.0,,27,93,25,2
2026-09-25T20:24:49+00:00,730,ad82285cc,removed,35.0,,27,70,12,2
2026-09-25T20:24:49+00:00,730,a57a34fd4,removed,35.9,,27,34,14,2
2026-09-25T20:24:49+00:00,730,3a829dda6,removed,35.0,,33,4,22,2
2026-09-25T20:24:49+00:00,730,2d83ec568,removed,34.99,,33,4,21,2
2026-09-25T20:24:49+00:00,733,f07c7c8d9,price_change,135.0,155.0,33,74,4,
2026-09-25T20:29:59+00:00,730,b683f4924,listed,34.0,,30,54,9,
2026-09-25T20:29:59+00:00,730,cc83f187b,listed,34.5,,25,59,3,
2026-09-25T20:29:59+00:00,730,777da1d80,price_change,35.0,55.0,27,52,10,
2026-09-25T20:29:59+00:00,730,3a829dda6,listed,35.0,,33,4,22,
2026-09-25T20:29:59+00:00,730,6383f5950,listed,35.0,,26,89,12,
2026-09-25T20:29:59+00:00,730,2a83f38f1,listed,39.5,,32,41,14,
2026-09-25T20:29:59+00:00,730,a28347629,price_change,50.96,54.99,32,96,39,
2026-09-25T20:29:59+00:00,730,0270668bb,removed,37.0,,32,67,30,3
2026-09-25T20:35:13+00:00,730,2a83f697d,listed,33.0,,28,52,26,
2026-09-25T20:35:13+00:00,730,fb83f89cf,listed,33.0,,30,62,23,
2026-09-25T20:35:13+00:00,730,ad82285cc,listed,35.0,,27,70,12,
2026-09-25T20:35:13+00:00,730,a983defb8,listed,35.0,,28,7,1,
2026-09-25T20:35:13+00:00,730,4583f99e8,listed,36.0,,25,38,2,
2026-09-25T20:35:13+00:00,730,ae7c47ee3,price_change,45.0,50.0,31,79,4,
2026-09-25T20:35:13+00:00,730,3a829dda6,removed,35.0,,33,4,22,2
2026-09-25T20:40:24+00:00,730,0a7f38822,price_change,36.0,47.0,33,28,29,
2026-09-25T20:40:24+00:00,730,a383fcaec,listed,40.0,,27,85,23,
2026-09-25T20:40:24+00:00,730,9383febde,listed,40.0,,27,78,23,
2026-09-25T20:40:24+00:00,730,62817bc1d,price_change,40.0,50.0,28,49,19,
2026-09-25T20:40:24+00:00,730,087e7aca5,removed,38.0,,29,40,6,3
2026-09-25T20:40:24+00:00,730,fa7c6323b,removed,60.0,,26,10,18,3
2026-09-25T20:40:24+00:00,730,cc83f187b,removed,34.5,,25,59,3,3
2026-09-25T20:40:24+00:00,730,2a83f697d,removed,33.0,,28,52,26,3
2026-09-25T20:40:24+00:00,731,df7161508,price_change,60.0,65.0,26,49,22,
2026-09-25T20:45:36+00:00,730,bc83fdb8b,listed,35.0,,27,45,17,
2026-09-25T20:45:36+00:00,730,fa7c6323b,listed,35.0,,26,10,18,
2026-09-25T20:45:36+00:00,730,777da1d80,removed,35.0,,27,52,10,3
2026-09-25T20:45:36+00:00,730,b683f4924,removed,34.0,,30,54,9,3
2026-09-25T20:45:36+00:00,730,fb83f89cf,removed,33.0,,30,62,23,3
2026-09-25T20:45:36+00:00,731,6683cc5bf,removed,34.5,,28,88,16,0
2026-09-25T20:45:36+00:00,732,c2834967d,removed,70.0,,26,35,3,1
2026-09-25T20:45:36+00:00,734,ce7fa7e89,price_change,30.0,33.0,33,33,16,
2026-09-25T20:50:46+00:00,730,787bfe984,price_change,39.0,49.0,32,43,4,
2026-09-25T20:50:46+00:00,730,6383f5950,removed,35.0,,26,89,12,3
2026-09-25T20:50:46+00:00,730,a983defb8,removed,35.0,,28,7,1,3
2026-09-25T20:50:46+00:00,731,be820da16,price_change,50.0,55.0,33,37,13,
2026-09-25T20:50:46+00:00,731,4255296c8,removed,40.0,,28,63,4,0
2026-09-25T20:55:55+00:00,730,2b7e9e312,price_change,38.99,48.99,33,A,14,
2026-09-25T20:55:55+00:00,730,d383ffe92,listed,46.0,,34,82,10,
2026-09-25T20:55:55+00:00,730,eb83e83c5,removed,38.0,,31,36,16,3
2026-09-25T20:55:55+00:00,730,0a7f38822,removed,36.0,,33,28,29,3
2026-09-25T20:55:55+00:00,730,bc83fdb8b,removed,35.0,,27,45,17,3
2026-09-25T20:55:55+00:00,730,fa7c6323b,removed,35.0,,26,10,18,3
2026-09-25T20:55:55+00:00,731,6683cc5bf,listed,34.5,,28,88,16,
2026-09-25T20:55:55+00:00,731,4255296c8,listed,40.0,,28,63,4,
2026-09-25T21:01:06+00:00,730,0a7f38822,listed,36.0,,33,28,29,
2026-09-25T21:01:06+00:00,730,eb83e83c5,listed,38.0,,31,36,16,
2026-09-25T21:01:06+00:00,730,177fa39a9,price_change,40.0,50.0,30,21,4,
2026-09-25T21:01:06+00:00,730,ad82285cc,removed,35.0,,27,70,12,1
2026-09-25T21:01:06+00:00,731,d48400f86,listed,37.0,,26,24,1,
2026-09-25T21:06:19+00:00,730,c3840716a,listed,35.0,,32,77,22,
2026-09-25T21:06:19+00:00,730,d28406152,listed,35.99,,28,B,6,
2026-09-25T21:06:19+00:00,730,d1840511b,listed,37.0,,33,76,9,
2026-09-25T21:06:19+00:00,730,3382d62e7,price_change,38.0,40.0,27,87,33,
2026-09-25T21:06:19+00:00,730,eb84030ef,listed,40.0,,26,32,8,
2026-09-25T21:06:19+00:00,730,f98402073,listed,40.0,,26,47,27,
2026-09-25T21:06:19+00:00,730,5d8404109,listed,40.0,,26,44,12,
2026-09-25T21:06:19+00:00,730,f48265463,price_change,40.0,45.0,28,35,13,
2026-09-25T21:06:19+00:00,730,387f862f4,removed,36.0,,28,83,11,7
2026-09-25T21:06:19+00:00,730,0183b199a,removed,37.0,,27,84,12,7
2026-09-25T21:06:19+00:00,730,207e20f49,removed,39.8,,32,85,30,7
2026-09-25T21:06:19+00:00,730,787bfe984,removed,39.0,,32,43,4,7
2026-09-25T21:06:19+00:00,730,168334394,removed,50.0,,25,9,6,7
2026-09-25T21:06:19+00:00,730,2a83f38f1,removed,39.5,,32,41,14,7
2026-09-25T21:06:19+00:00,730,4583f99e8,removed,36.0,,25,38,2,7
2026-09-25T21:06:19+00:00,730,0a7f38822,removed,36.0,,33,28,29,7
2026-09-25T21:06:19+00:00,733,dc736c59f,price_change,350.0,400.0,30,38,20,
2026-09-25T21:11:32+00:00,730,d28406152,price_change,34.99,35.99,28,B,6,
2026-09-25T21:11:32+00:00,730,13840a1ef,listed,37.0,,25,55,2,
2026-09-25T21:11:32+00:00,730,f48265463,price_change,37.0,40.0,28,35,13,
2026-09-25T21:11:32+00:00,730,fd840d318,listed,40.0,,27,85,21,
2026-09-25T21:11:32+00:00,730,2682d20f8,price_change,40.0,50.0,27,39,10,
2026-09-25T21:11:32+00:00,730,c3840716a,removed,35.0,,32,77,22,1
2026-09-25T21:16:47+00:00,730,ec7d6ad80,price_change,35.0,40.0,30,81,1,
2026-09-25T21:16:47+00:00,730,a682c54dc,price_change,40.0,48.0,34,60,18,
2026-09-25T21:16:47+00:00,730,3d83bef78,removed,39.98,,27,22,16,5
2026-09-25T21:16:47+00:00,730,f48265463,removed,37.0,,28,35,13,5
2026-09-25T21:16:47+00:00,730,d28406152,removed,34.99,,28,B,6,5
2026-09-25T21:16:47+00:00,730,d1840511b,removed,37.0,,33,76,9,5
2026-09-25T21:16:47+00:00,730,13840a1ef,removed,37.0,,25,55,2,5
2026-09-25T21:16:47+00:00,731,d175769a3,price_change,36.0,65.0,27,29,10,
2026-09-25T21:16:47+00:00,731,23840e328,listed,65.0,,28,35,13,
2026-09-25T21:16:47+00:00,732,ab840f461,listed,110.0,,28,35,13,
2026-09-25T21:16:47+00:00,734,687d9eb68,removed,25.0,,34,74,25,1
2026-09-25T21:21:58+00:00,730,a682c54dc,price_change,38.0,40.0,34,60,18,
2026-09-25T21:21:58+00:00,730,ef8410470,listed,38.0,,31,34,3,
2026-09-25T21:21:58+00:00,730,c78412488,listed,45.0,,25,20,4,
2026-09-25T21:21:58+00:00,730,a1841147a,listed,45.0,,31,53,16,
2026-09-25T21:21:58+00:00,730,ec7d6ad80,removed,35.0,,30,81,1,3
2026-09-25T21:21:58+00:00,730,2b7e9e312,removed,38.99,,33,A,14,3
2026-09-25T21:21:58+00:00,733,3084164c3,listed,160.0,,28,35,13,
2026-09-25T21:27:09+00:00,730,d1840511b,listed,37.0,,33,76,9,
2026-09-25T21:27:09+00:00,730,4b84154b6,listed,37.99,,28,65,1,
2026-09-25T21:27:09+00:00,730,ed84195c4,listed,40.0,,33,46,3,
2026-09-25T21:27:09+00:00,730,aa83a5336,price_change,40.0,42.0,31,11,28,
2026-09-25T21:27:09+00:00,730,09841856b,listed,44.99,,34,82,11,
2026-09-25T21:27:09+00:00,730,2f841755c,listed,69.0,,30,84,32,
2026-09-25T21:27:09+00:00,730,a682c54dc,removed,38.0,,34,60,18,3
2026-09-25T21:27:09+00:00,730,eb84030ef,removed,40.0,,26,32,8,3
2026-09-25T21:32:20+00:00,730,19841d7a3,listed,38.0,,29,38,2,
2026-09-25T21:32:20+00:00,730,1076d9931,price_change,40.0,65.0,28,17,20,
2026-09-25T21:32:20+00:00,730,148105b3c,price_change,45.0,55.0,32,43,2,
2026-09-25T21:32:20+00:00,730,bd77bf044,removed,40.0,,33,18,13,5
2026-09-25T21:32:20+00:00,730,d1840511b,removed,37.0,,33,76,9,5
2026-09-25T21:32:20+00:00,730,4b84154b6,removed,37.99,,28,65,1,5
2026-09-25T21:37:34+00:00,730,41822128e,price_change,40.0,50.0,26,28,12,
2026-09-25T21:37:34+00:00,730,2f81216a1,price_change,40.0,50.0,29,49,16,
2026-09-25T21:37:34+00:00,730,3182b5f34,removed,60.0,,29,89,5,1
2026-09-25T21:37:34+00:00,730,ef8410470,removed,38.0,,31,34,3,1
2026-09-25T21:37:34+00:00,733,d758a0ece,price_change,199.0,249.0,32,80,35,
2026-09-25T21:42:47+00:00,730,4f841f9ee,listed,37.5,,32,80,35,
2026-09-25T21:42:47+00:00,730,ef8410470,listed,38.0,,31,34,3,
2026-09-25T21:42:47+00:00,730,1c841e88d,listed,42.0,,31,40,2,
2026-09-25T21:42:47+00:00,730,a28347629,price_change,44.99,50.96,32,96,39,
2026-09-25T21:42:47+00:00,730,2e83c211f,removed,42.0,,34,83,14,2
2026-09-25T21:42:47+00:00,730,eb83e83c5,removed,38.0,,31,36,16,2
2026-09-25T21:47:57+00:00,730,a38423b99,listed,37.0,,31,54,23,
2026-09-25T21:47:57+00:00,730,5c7f4e90f,price_change,39.99,59.99,28,89,25,
2026-09-25T21:47:57+00:00,730,678420a19,listed,40.0,,27,81,17,
2026-09-25T21:47:57+00:00,730,328422aa5,listed,41.5,,26,54,18,
2026-09-25T21:47:57+00:00,730,19841d7a3,removed,38.0,,29,38,2,2
2026-09-25T21:47:57+00:00,730,4f841f9ee,removed,37.5,,32,80,35,2
2026-09-25T21:47:57+00:00,730,ef8410470,removed,38.0,,31,34,3,2
2026-09-25T21:47:57+00:00,733,438421a58,listed,120.0,,26,35,3,
2026-09-25T21:53:11+00:00,730,ef8410470,listed,38.0,,31,34,3,
2026-09-25T21:53:11+00:00,730,898350797,price_change,38.0,40.0,30,36,5,
2026-09-25T21:53:11+00:00,730,b88425bdd,listed,40.0,,26,65,29,
2026-09-25T21:53:11+00:00,730,b583ce6db,price_change,48.0,50.0,28,67,31,
2026-09-25T21:53:11+00:00,730,cc82c33da,removed,55.0,,27,95,20,0
2026-09-25T21:53:11+00:00,730,a38423b99,removed,37.0,,31,54,23,0
2026-09-25T21:53:11+00:00,731,4a8428d28,listed,50.0,,27,79,29,
2026-09-25T21:58:23+00:00,730,6e8424bc2,listed,37.0,,27,79,29,
2026-09-25T21:58:23+00:00,730,08842ddb7,listed,37.98,,28,28,19,
2026-09-25T21:58:23+00:00,730,da842ad91,listed,37.99,,26,22,10,
2026-09-25T21:58:23+00:00,730,898350797,removed,38.0,,30,36,5,1
2026-09-25T21:58:23+00:00,730,3382d62e7,removed,38.0,,27,87,33,1
2026-09-25T21:58:23+00:00,730,ef8410470,removed,38.0,,31,34,3,1
2026-09-25T21:58:23+00:00,731,3d7be58cb,price_change,41.0,55.0,31,28,9,
2026-09-25T21:58:23+00:00,732,6a842bd9e,listed,100.0,,27,79,29,
2026-09-25T21:58:23+00:00,733,b8842ee31,listed,145.0,,27,79,29,
2026-09-25T22:03:32+00:00,730,cf8432e72,listed,37.99,,33,95,14,
2026-09-25T22:03:32+00:00,730,a48409196,listed,38.0,,26,72,23,
2026-09-25T22:03:32+00:00,730,0a8433ee5,listed,40.0,,31,80,21,
2026-09-25T22:03:32+00:00,730,79842cdac,listed,50.0,,26,87,19,
2026-09-25T22:03:32+00:00,730,fa7cc49de,removed,39.99,,32,84,1,4
2026-09-25T22:03:32+00:00,730,6e8424bc2,removed,37.0,,27,79,29,4
2026-09-25T22:03:32+00:00,730,da842ad91,removed,37.99,,26,22,10,4
2026-09-25T22:03:32+00:00,731,1b7e2c36d,price_change,45.0,70.0,31,28,8,
2026-09-25T22:03:32+00:00,734,8a8430e62,listed,30.0,,27,79,29,
2026-09-25T22:08:41+00:00,730,118427d1a,listed,37.5,,32,57,15,
2026-09-25T22:08:41+00:00,730,dc8436ff7,listed,37.96,,31,A,12,
2026-09-25T22:08:41+00:00,730,7a8437ffa,listed,40.0,,31,18,38,
2026-09-25T22:08:41+00:00,730,5f8438043,listed,40.0,,32,58,17,
2026-09-25T22:08:41+00:00,730,f3837543c,removed,39.99,,25,23,3,1
2026-09-25T22:14:12+00:00,730,ff8434f94,listed,35.0,,26,65,13,
2026-09-25T22:14:12+00:00,730,128329ec7,price_change,35.0,50.0,28,67,5,
2026-09-25T22:14:12+00:00,730,da842ad91,listed,37.99,,26,22,10,
2026-09-25T22:14:12+00:00,730,2682d20f8,price_change,38.0,40.0,27,39,10,
2026-09-25T22:14:12+00:00,730,f3837543c,listed,39.99,,25,23,3,
2026-09-25T22:14:12+00:00,730,3d841a70f,listed,55.0,,26,85,19,
2026-09-25T22:14:12+00:00,731,8880d3cb9,price_change,41.0,75.0,34,90,14,
2026-09-25T22:19:23+00:00,730,5a843e2d3,listed,34.0,,26,38,17,
2026-09-25T22:19:23+00:00,730,e984391cc,listed,37.0,,31,77,22,
2026-09-25T22:19:23+00:00,730,b8843c28b,listed,40.0,,31,34,21,
2026-09-25T22:19:23+00:00,730,148105b3c,price_change,40.0,45.0,32,43,2,
2026-09-25T22:19:23+00:00,730,388050c5c,removed,38.21,,32,56,28,3
2026-09-25T22:19:23+00:00,730,118427d1a,removed,37.5,,32,57,15,3
2026-09-25T22:19:23+00:00,730,ff8434f94,removed,35.0,,26,65,13,3
2026-09-25T22:19:23+00:00,730,da842ad91,removed,37.99,,26,22,10,3
2026-09-25T22:19:23+00:00,731,0881539a8,price_change,38.0,50.0,27,39,10,
2026-09-25T22:24:33+00:00,730,56843a264,listed,33.33,,31,53,13,
2026-09-25T22:24:33+00:00,730,1984413c2,listed,34.0,,28,49,21,
2026-09-25T22:24:33+00:00,730,af843d2b7,listed,36.0,,29,61,32,
2026-09-25T22:24:33+00:00,730,01817059c,price_change,38.0,47.0,33,37,22,
2026-09-25T22:24:33+00:00,730,ad8442401,listed,42.0,,28,80,12,
2026-09-25T22:24:33+00:00,730,2682d20f8,removed,38.0,,27,39,10,6
2026-09-25T22:24:33+00:00,730,128329ec7,removed,35.0,,28,67,5,6
2026-09-25T22:24:33+00:00,730,5a843e2d3,removed,34.0,,26,38,17,6
2026-09-25T22:24:33+00:00,730,e984391cc,removed,37.0,,31,77,22,6
2026-09-25T22:29:43+00:00,730,ba6215fbb,price_change,35.0,45.0,34,86,23,
2026-09-25T22:29:43+00:00,730,c18444449,listed,45.0,,33,89,23,
2026-09-25T22:29:43+00:00,730,b98443434,listed,47.0,,28,80,4,
2026-09-25T22:29:43+00:00,730,a7844857d,listed,50.0,,28,83,6,
2026-09-25T22:29:43+00:00,730,1076d9931,removed,40.0,,28,17,20,7
2026-09-25T22:29:43+00:00,730,08842ddb7,removed,37.98,,28,28,19,7
2026-09-25T22:29:43+00:00,730,a48409196,removed,38.0,,26,72,23,7
2026-09-25T22:29:43+00:00,730,56843a264,removed,33.33,,31,53,13,7
2026-09-25T22:29:43+00:00,730,1984413c2,removed,34.0,,28,49,21,7
2026-09-25T22:29:43+00:00,731,db8445462,listed,40.0,,32,74,22,
2026-09-25T22:29:43+00:00,731,a6821e15d,removed,42.0,,33,93,10,0
2026-09-25T22:34:55+00:00,730,ba6215fbb,removed,35.0,,34,86,23,3
2026-09-25T22:34:55+00:00,730,af843d2b7,removed,36.0,,29,61,32,3
2026-09-25T22:40:08+00:00,730,40844e715,listed,36.0,,30,62,13,
2026-09-25T22:40:08+00:00,730,77844d6f1,listed,40.0,,26,48,11,
2026-09-25T22:40:08+00:00,730,32844b631,listed,45.0,,29,82,18,
2026-09-25T22:40:08+00:00,730,01817059c,removed,38.0,,33,37,22,3
2026-09-25T22:40:08+00:00,730,cf8432e72,removed,37.99,,33,95,14,3
2026-09-25T22:40:08+00:00,730,dc8436ff7,removed,37.96,,31,A,12,3
2026-09-25T22:40:08+00:00,733,7475aade9,removed,170.0,,33,10,3,0
2026-09-25T22:45:19+00:00,730,f67c03afe,price_change,40.0,50.0,28,19,15,
2026-09-25T22:45:19+00:00,730,9c844f78b,listed,40.0,,29,96,34,
2026-09-25T22:45:19+00:00,730,43844a60d,listed,40.0,,30,41,3,
2026-09-25T22:45:19+00:00,730,a783e93ca,removed,39.95,,30,37,23,7
2026-09-25T22:45:19+00:00,730,5c7f4e90f,removed,39.99,,28,89,25,7
2026-09-25T22:45:19+00:00,730,f98402073,removed,40.0,,26,47,27,7
2026-09-25T22:45:19+00:00,730,5d8404109,removed,40.0,,26,44,12,7
2026-09-25T22:45:19+00:00,730,fd840d318,removed,40.0,,27,85,21,7
2026-09-25T22:45:19+00:00,730,0a8433ee5,removed,40.0,,31,80,21,7
2026-09-25T22:45:19+00:00,730,7a8437ffa,removed,40.0,,31,18,38,7
2026-09-25T22:45:19+00:00,730,f3837543c,removed,39.99,,25,23,3,7
2026-09-25T22:45:19+00:00,730,40844e715,removed,36.0,,30,62,13,7
2026-09-25T22:50:27+00:00,730,717c953f8,price_change,39.99,58.0,27,52,1,
2026-09-25T22:50:27+00:00,730,0a8433ee5,listed,40.0,,31,80,21,
2026-09-25T22:50:27+00:00,730,dd825f17e,price_change,43.0,44.0,28,13,1,
2026-09-25T22:50:27+00:00,730,0d83ad847,removed,40.0,,28,79,22,9
2026-09-25T22:50:27+00:00,730,f67c03afe,removed,40.0,,28,19,15,9
2026-09-25T22:50:27+00:00,730,41822128e,removed,40.0,,26,28,12,9
2026-09-25T22:50:27+00:00,730,ed84195c4,removed,40.0,,33,46,3,9
2026-09-25T22:50:27+00:00,730,678420a19,removed,40.0,,27,81,17,9
2026-09-25T22:50:27+00:00,730,43844a60d,removed,40.0,,30,41,3,9
2026-09-25T22:50:27+00:00,733,438421a58,removed,120.0,,26,35,3,0
2026-09-25T22:55:37+00:00,730,248455b08,listed,38.0,,30,81,19,
2026-09-25T22:55:37+00:00,730,b38456b53,listed,39.0,,30,89,34,
2026-09-25T22:55:37+00:00,730,657bbb1ca,price_change,55.0,60.0,31,83,3,
2026-09-25T22:55:37+00:00,730,2983ae884,removed,40.0,,25,93,3,6
2026-09-25T22:55:37+00:00,730,717c953f8,removed,39.99,,27,52,1,6
2026-09-25T22:55:37+00:00,730,b88425bdd,removed,40.0,,26,65,29,6
2026-09-25T22:55:37+00:00,730,5f8438043,removed,40.0,,32,58,17,6
2026-09-25T22:55:37+00:00,730,b8843c28b,removed,40.0,,31,34,21,6
2026-09-25T22:55:37+00:00,731,ea824f5fc,price_change,37.0,46.0,30,81,6,
2026-09-25T22:55:37+00:00,732,65804da06,price_change,69.98,75.0,33,16,27,
2026-09-25T22:55:37+00:00,733,3473f3ab2,removed,129.0,,32,65,11,0
2026-09-25T23:00:46+00:00,730,5f8438043,listed,40.0,,32,58,17,
2026-09-25T23:00:46+00:00,730,c5836af29,price_change,49.0,58.0,32,83,10,
2026-09-25T23:00:46+00:00,730,698457b68,listed,50.0,,30,93,1,
2026-09-25T23:00:46+00:00,730,be8459ba8,listed,55.0,,26,89,13,
2026-09-25T23:00:46+00:00,730,0e82b1c68,removed,40.0,,26,53,15,1
2026-09-25T23:00:46+00:00,730,e87f5e3ad,removed,55.0,,27,93,7,1
2026-09-25T23:00:46+00:00,730,248455b08,removed,38.0,,30,81,19,1
2026-09-25T23:00:46+00:00,730,b38456b53,removed,39.0,,30,89,34,1
2026-09-25T23:00:46+00:00,731,08845ac31,listed,50.0,,30,89,34,
2026-09-25T23:00:46+00:00,731,d175769a3,removed,36.0,,27,29,10,0
2026-09-25T23:00:46+00:00,732,65804da06,removed,69.98,,33,16,27,1
2026-09-25T23:00:46+00:00,733,438421a58,listed,120.0,,26,35,3,
2026-09-25T23:06:31+00:00,730,858010a50,price_change,38.0,45.0,31,43,3,
2026-09-25T23:06:31+00:00,730,4d845ed7d,listed,38.0,,28,54,19,
2026-09-25T23:06:31+00:00,730,10845bce6,listed,39.0,,33,40,27,
2026-09-25T23:06:31+00:00,730,fc84529b9,listed,39.75,,28,13,15,
2026-09-25T23:06:31+00:00,730,4a8453aba,listed,39.99,,34,81,19,
2026-09-25T23:06:31+00:00,730,e2845cd6a,listed,45.0,,32,84,6,
2026-09-25T23:06:31+00:00,730,6082a61e9,price_change,47.0,50.0,27,83,10,
2026-09-25T23:06:31+00:00,730,417f4d827,removed,40.0,,26,95,2,3
2026-09-25T23:06:31+00:00,730,7a7e4bacb,removed,48.0,,26,79,8,3
2026-09-25T23:06:31+00:00,730,c18444449,removed,45.0,,33,89,23,3
2026-09-25T23:06:31+00:00,732,a283c6329,removed,69.99,,30,65,28,1
2026-09-25T23:11:41+00:00,730,c4845dd6f,listed,36.0,,31,82,25,
2026-09-25T23:11:41+00:00,730,9f8460eab,listed,37.99,,28,66,18,
2026-09-25T23:11:41+00:00,730,417f4d827,listed,40.0,,26,95,2,
2026-09-25T23:11:41+00:00,730,e8845fe0f,listed,45.0,,31,96,17,
2026-09-25T23:11:41+00:00,730,78832f293,removed,40.0,,28,89,32,2
2026-09-25T23:11:41+00:00,730,6783e20aa,removed,40.0,,26,22,13,2
2026-09-25T23:11:41+00:00,730,858010a50,removed,38.0,,31,43,3,2
2026-09-25T23:11:41+00:00,730,e1802fb50,removed,48.0,,27,87,35,2
2026-09-25T23:11:41+00:00,730,77844d6f1,removed,40.0,,26,48,11,2
2026-09-25T23:11:41+00:00,733,438421a58,removed,120.0,,26,35,3,0
2026-09-25T23:16:49+00:00,730,e8845fe0f,price_change,38.0,45.0,31,96,17,
2026-09-25T23:16:49+00:00,730,858010a50,listed,38.0,,31,43,3,
2026-09-25T23:16:49+00:00,730,77844d6f1,listed,40.0,,26,48,11,
2026-09-25T23:16:49+00:00,730,c18444449,listed,45.0,,33,89,23,
2026-09-25T23:16:49+00:00,730,aa83a5336,removed,40.0,,31,11,28,2
2026-09-25T23:16:49+00:00,730,10845bce6,removed,39.0,,33,40,27,2
2026-09-25T23:16:49+00:00,730,c4845dd6f,removed,36.0,,31,82,25,2
2026-09-25T23:16:49+00:00,730,9f8460eab,removed,37.99,,28,66,18,2
2026-09-25T23:22:00+00:00,730,cd7dfc8ed,removed,55.0,,31,91,32,4
2026-09-25T23:22:00+00:00,730,4d845ed7d,removed,38.0,,28,54,19,4
2026-09-25T23:22:00+00:00,730,fc84529b9,removed,39.75,,28,13,15,4
2026-09-25T23:22:00+00:00,730,417f4d827,removed,40.0,,26,95,2,4
2026-09-25T23:22:00+00:00,730,e8845fe0f,removed,38.0,,31,96,17,4
2026-09-25T23:22:00+00:00,730,858010a50,removed,38.0,,31,43,3,4
2026-09-25T23:22:00+00:00,731,d175769a3,listed,36.0,,27,29,10,
2026-09-25T23:22:00+00:00,733,438421a58,listed,120.0,,26,35,3,
2026-09-25T23:27:13+00:00,730,9f8460eab,listed,37.99,,28,66,18,
2026-09-25T23:27:13+00:00,730,c684621e1,listed,38.0,,28,94,39,
2026-09-25T23:27:13+00:00,730,f68463244,listed,39.0,,26,81,21,
2026-09-25T23:27:13+00:00,730,fc84529b9,listed,39.75,,28,13,15,
2026-09-25T23:27:13+00:00,730,6683e0088,removed,40.0,,27,37,5,0
2026-09-25T23:27:13+00:00,730,9383febde,removed,40.0,,27,78,23,0
2026-09-25T23:27:13+00:00,730,1c841e88d,removed,42.0,,31,40,2,0
2026-09-25T23:27:13+00:00,730,4a8453aba,removed,39.99,,34,81,19,0
2026-09-25T23:27:13+00:00,731,fe607ac43,price_change,50.0,80.0,28,46,16,
2026-09-25T23:27:13+00:00,731,f5846429a,listed,50.0,,32,23,11,
2026-09-25T23:32:25+00:00,730,4a8453aba,listed,39.99,,34,81,19,
2026-09-25T23:32:25+00:00,730,4d84662fe,listed,42.0,,26,62,23,
2026-09-25T23:32:25+00:00,730,2f81216a1,removed,40.0,,29,49,16,6
2026-09-25T23:32:25+00:00,730,77844d6f1,removed,40.0,,26,48,11,6
2026-09-25T23:32:25+00:00,730,9f8460eab,removed,37.99,,28,66,18,6
2026-09-25T23:32:25+00:00,730,c684621e1,removed,38.0,,28,94,39,6
2026-09-25T23:32:25+00:00,730,f68463244,removed,39.0,,26,81,21,6
2026-09-25T23:32:25+00:00,730,fc84529b9,removed,39.75,,28,13,15,6
2026-09-25T23:32:25+00:00,731,cb6284a1d,price_change,75.0,80.0,32,95,13,
2026-09-25T23:32:25+00:00,732,e86285ac5,price_change,115.0,130.0,32,95,13,
2026-09-25T23:32:25+00:00,734,0d6286bd5,price_change,45.0,50.0,32,95,13,
2026-09-25T23:37:34+00:00,730,6683e0088,listed,40.0,,27,37,5,
2026-09-25T23:37:34+00:00,730,2f81216a1,listed,40.0,,29,49,16,
2026-09-25T23:37:34+00:00,730,3a83b0926,removed,40.0,,31,64,26,4
2026-09-25T23:37:34+00:00,730,dd825f17e,removed,43.0,,28,13,1,4
2026-09-25T23:37:34+00:00,730,6683144f9,removed,45.0,,33,56,26,4
2026-09-25T23:37:34+00:00,730,e782d1ef7,removed,45.0,,33,36,15,4
2026-09-25T23:37:34+00:00,730,5f8438043,removed,40.0,,32,58,17,4
2026-09-25T23:37:34+00:00,730,4a8453aba,removed,39.99,,34,81,19,4
2026-09-25T23:42:43+00:00,730,df846a5d3,listed,39.5,,29,62,25,
2026-09-25T23:42:43+00:00,730,88846c652,listed,39.95,,26,51,23,
2026-09-25T23:42:43+00:00,730,d4832e1e5,price_change,40.0,45.0,28,89,10,
2026-09-25T23:42:43+00:00,730,3a83b0926,listed,40.0,,31,64,26,
2026-09-25T23:42:43+00:00,730,77844d6f1,listed,40.0,,26,48,11,
2026-09-25T23:42:43+00:00,730,3084674e0,listed,48.0,,27,82,16,
2026-09-25T23:42:43+00:00,730,628362c79,removed,43.0,,32,39,16,6
2026-09-25T23:42:43+00:00,730,0a8433ee5,removed,40.0,,31,80,21,6
2026-09-25T23:42:43+00:00,730,2f81216a1,removed,40.0,,29,49,16,6
2026-09-25T23:47:54+00:00,730,9c8470764,listed,39.99,,33,51,2,
2026-09-25T23:47:54+00:00,730,e1846d6df,listed,40.0,,26,94,14,
2026-09-25T23:47:54+00:00,730,df847176d,listed,40.0,,27,33,1,
2026-09-25T23:47:54+00:00,730,0c846955b,listed,40.99,,31,84,17,
2026-09-25T23:47:54+00:00,730,bf847276e,listed,150.0,,30,88,16,
2026-09-25T23:47:54+00:00,730,9682b7007,removed,45.0,,32,83,7,3
2026-09-25T23:47:54+00:00,730,9382b8008,removed,45.0,,32,83,3,3
2026-09-25T23:47:54+00:00,730,d4832e1e5,removed,40.0,,28,89,10,3
2026-09-25T23:47:54+00:00,730,df846a5d3,removed,39.5,,29,62,25,3
2026-09-25T23:47:54+00:00,730,88846c652,removed,39.95,,26,51,23,3
2026-09-25T23:47:54+00:00,731,5c846f757,listed,36.0,,26,51,23,
2026-09-25T23:53:04+00:00,730,478476870,listed,39.98,,28,55,29,
2026-09-25T23:53:04+00:00,730,d4832e1e5,listed,40.0,,28,89,10,
2026-09-25T23:53:04+00:00,730,9a8473782,listed,45.0,,28,30,19,
2026-09-25T23:53:04+00:00,730,9382b8008,listed,45.0,,32,83,3,
2026-09-25T23:53:04+00:00,730,9682b7007,listed,45.0,,32,83,7,
2026-09-25T23:53:04+00:00,730,6683e0088,removed,40.0,,27,37,5,1
2026-09-25T23:58:14+00:00,730,478476870,price_change,37.99,39.98,28,55,29,
2026-09-25T23:58:14+00:00,730,2d847585c,listed,38.0,,27,95,7,
2026-09-25T23:58:14+00:00,730,bc83353db,price_change,39.99,45.0,28,77,34,
2026-09-25T23:58:14+00:00,730,6a8316560,price_change,40.0,50.0,31,63,9,
2026-09-25T23:58:14+00:00,730,6683e0088,listed,40.0,,27,37,5,
2026-09-25T23:58:14+00:00,730,69847799e,listed,40.0,,31,36,19,
2026-09-25T23:58:14+00:00,730,348294629,price_change,45.0,55.0,31,80,17,
2026-09-25T23:58:14+00:00,730,3183733d8,removed,40.0,,30,36,12,3
2026-09-25T23:58:14+00:00,730,9c8470764,removed,39.99,,33,51,2,3
2026-09-25T23:58:14+00:00,730,9382b8008,removed,45.0,,32,83,3,3
2026-09-25T23:58:14+00:00,731,6683cc5bf,removed,34.5,,28,88,16,0
2026-09-26T00:03:22+00:00,730,c08479aa7,listed,40.0,,30,22,13,
2026-09-26T00:03:22+00:00,730,9382b8008,listed,45.0,,32,83,3,
2026-09-26T00:03:22+00:00,730,b684747fc,listed,50.0,,27,86,33,
2026-09-26T00:03:22+00:00,730,ea83d7c18,removed,40.0,,25,86,8,3
2026-09-26T00:03:22+00:00,730,bc83353db,removed,39.99,,28,77,34,3
2026-09-26T00:03:22+00:00,730,177fa39a9,removed,40.0,,30,21,4,3
2026-09-26T00:03:22+00:00,730,3a83b0926,removed,40.0,,31,64,26,3
2026-09-26T00:03:22+00:00,730,478476870,removed,37.99,,28,55,29,3
2026-09-26T00:03:22+00:00,730,2d847585c,removed,38.0,,27,95,7,3
2026-09-26T00:03:22+00:00,731,6683cc5bf,listed,34.5,,28,88,16,
2026-09-26T00:03:22+00:00,731,978011a52,price_change,85.0,90.0,26,52,16,
2026-09-26T00:08:32+00:00,730,fd81a495a,price_change,40.0,50.0,32,21,3,
2026-09-26T00:08:32+00:00,730,55847aab8,listed,40.0,,26,84,11,
2026-09-26T00:08:32+00:00,730,59847bc1e,listed,42.0,,29,95,9,
2026-09-26T00:08:32+00:00,730,6a8316560,removed,40.0,,31,63,9,2
2026-09-26T00:08:32+00:00,730,9c844f78b,removed,40.0,,29,96,34,2
2026-09-26T00:08:32+00:00,730,c08479aa7,removed,40.0,,30,22,13,2
2026-09-26T00:08:32+00:00,731,978011a52,price_change,75.0,85.0,26,52,16,
2026-09-26T00:13:43+00:00,730,8084789bc,listed,38.0,,28,21,17,
2026-09-26T00:13:43+00:00,730,aa6f8dcb0,price_change,40.0,50.0,31,26,14,
2026-09-26T00:13:43+00:00,730,9c844f78b,listed,40.0,,29,96,34,
2026-09-26T00:13:43+00:00,730,5e847cc3f,listed,45.0,,34,89,11,
2026-09-26T00:13:43+00:00,730,a383fcaec,removed,40.0,,27,85,23,4
2026-09-26T00:13:43+00:00,730,6683e0088,removed,40.0,,27,37,5,4
2026-09-26T00:13:43+00:00,732,4962f5f13,price_change,80.0,130.0,33,53,24,
2026-09-26T00:13:43+00:00,734,2262f7f77,price_change,30.0,50.0,33,53,24,
2026-09-26T00:13:43+00:00,734,518315536,removed,29.99,,28,4,9,0
2026-09-26T00:18:52+00:00,730,348480ecc,listed,39.0,,33,4,23,
2026-09-26T00:18:52+00:00,730,69847edd8,listed,40.0,,27,79,31,
2026-09-26T00:18:52+00:00,730,6683e0088,listed,40.0,,27,37,5,
2026-09-26T00:18:52+00:00,730,a383fcaec,listed,40.0,,27,85,23,
2026-09-26T00:18:52+00:00,730,998367dea,removed,40.0,,30,77,22,2
2026-09-26T00:18:52+00:00,730,8084789bc,removed,38.0,,28,21,17,2
2026-09-26T00:18:52+00:00,731,3d7be58cb,removed,41.0,,31,28,9,1
2026-09-26T00:18:52+00:00,732,5451c0f92,price_change,100.0,129.0,28,59,17,
2026-09-26T00:18:52+00:00,734,518315536,listed,29.99,,28,4,9,
2026-09-26T00:24:03+00:00,730,6b8482efc,listed,40.0,,32,31,8,
2026-09-26T00:24:03+00:00,730,c38484f50,listed,40.0,,30,93,39,
2026-09-26T00:24:03+00:00,730,43828cf9f,price_change,45.0,55.0,27,90,27,
2026-09-26T00:24:03+00:00,730,3f83b8ce6,removed,40.0,,31,88,42,3
2026-09-26T00:24:03+00:00,730,da80b8488,removed,48.0,,28,62,22,3
2026-09-26T00:24:03+00:00,730,aa6f8dcb0,removed,40.0,,31,26,14,3
2026-09-26T00:24:03+00:00,730,9c844f78b,removed,40.0,,29,96,34,3
2026-09-26T00:24:03+00:00,730,348480ecc,removed,39.0,,33,4,23,3
2026-09-26T00:24:03+00:00,730,69847edd8,removed,40.0,,27,79,31,3
2026-09-26T00:24:03+00:00,731,1b7e2c36d,removed,45.0,,31,28,8,0
2026-09-26T00:24:03+00:00,732,5451c0f92,price_change,71.99,100.0,28,59,17,
2026-09-26T00:24:03+00:00,733,7d8486fab,listed,165.0,,27,81,16,
2026-09-26T00:29:12+00:00,730,f3847fe71,listed,37.99,,27,81,15,
2026-09-26T00:29:12+00:00,730,4f8488170,listed,39.5,,29,77,26,
2026-09-26T00:29:12+00:00,730,3f83b8ce6,listed,40.0,,31,88,42,
2026-09-26T00:29:12+00:00,730,3c80b41d6,removed,40.0,,32,62,21,7
2026-09-26T00:29:12+00:00,730,6e815da86,removed,40.0,,30,85,30,7
2026-09-26T00:29:12+00:00,730,9482e681a,removed,40.0,,31,65,16,7
2026-09-26T00:29:12+00:00,730,5d6426227,removed,45.0,,32,27,1,7
2026-09-26T00:29:12+00:00,730,70839e020,removed,45.0,,30,42,1,7
2026-09-26T00:29:12+00:00,730,fd81a495a,removed,40.0,,32,21,3,7
2026-09-26T00:29:12+00:00,730,a383fcaec,removed,40.0,,27,85,23,7
2026-09-26T00:34:22+00:00,730,fd81a495a,listed,40.0,,32,21,3,
2026-09-26T00:34:22+00:00,730,998485f6f,listed,45.0,,28,90,35,
2026-09-26T00:34:22+00:00,730,148105b3c,removed,40.0,,32,43,2,7
2026-09-26T00:34:22+00:00,730,df847176d,removed,40.0,,27,33,1,7
2026-09-26T00:34:22+00:00,730,0c846955b,removed,40.99,,31,84,17,7
2026-09-26T00:34:22+00:00,730,69847799e,removed,40.0,,31,36,19,7
2026-09-26T00:34:22+00:00,730,55847aab8,removed,40.0,,26,84,11,7
2026-09-26T00:34:22+00:00,730,6683e0088,removed,40.0,,27,37,5,7
2026-09-26T00:34:22+00:00,730,f3847fe71,removed,37.99,,27,81,15,7
2026-09-26T00:34:22+00:00,730,4f8488170,removed,39.5,,29,77,26,7
2026-09-26T00:34:22+00:00,730,3f83b8ce6,removed,40.0,,31,88,42,7
2026-09-26T00:39:33+00:00,730,78848d396,listed,39.67,,33,53,26,
2026-09-26T00:39:33+00:00,730,26848c383,listed,39.9,,28,83,38,
2026-09-26T00:39:33+00:00,730,3f83b8ce6,listed,40.0,,31,88,42,
2026-09-26T00:39:33+00:00,730,a28347629,price_change,40.0,44.99,32,96,39,
2026-09-26T00:39:33+00:00,730,6683e0088,listed,40.0,,27,37,5,
2026-09-26T00:39:33+00:00,730,07848926d,listed,40.0,,26,86,17,
2026-09-26T00:39:33+00:00,730,c6848b377,listed,48.0,,31,80,27,
2026-09-26T00:39:33+00:00,730,a3830b1c7,removed,42.0,,28,66,32,4
2026-09-26T00:39:33+00:00,730,f783764e7,removed,43.0,,31,17,16,4
2026-09-26T00:39:33+00:00,730,62817bc1d,removed,40.0,,28,49,19,4
2026-09-26T00:39:33+00:00,730,77844d6f1,removed,40.0,,26,48,11,4
2026-09-26T00:39:33+00:00,730,e1846d6df,removed,40.0,,26,94,14,4
2026-09-26T00:39:33+00:00,730,fd81a495a,removed,40.0,,32,21,3,4
2026-09-26T00:39:33+00:00,731,54838eb29,removed,35.0,,29,80,4,0
2026-09-26T00:44:44+00:00,730,51849554b,listed,39.98,,32,92,3,
2026-09-26T00:44:44+00:00,730,2d8496557,listed,39.98,,29,33,21,
2026-09-26T00:44:44+00:00,730,3284924ba,listed,39.99,,31,60,31,
2026-09-26T00:44:44+00:00,730,fd81a495a,listed,40.0,,32,21,3,
2026-09-26T00:44:44+00:00,730,a3830b1c7,listed,42.0,,28,66,32,
2026-09-26T00:44:44+00:00,730,348273f97,price_change,50.0,47.0,28,72,36,
2026-09-26T00:44:44+00:00,730,ae7c47ee3,removed,45.0,,31,79,4,8
2026-09-26T00:44:44+00:00,730,2081e7687,removed,50.0,,31,28,19,8
2026-09-26T00:44:44+00:00,730,a28347629,removed,40.0,,32,96,39,8
2026-09-26T00:44:44+00:00,730,9f805a25d,removed,60.0,,29,33,21,8
2026-09-26T00:44:44+00:00,730,c38484f50,removed,40.0,,30,93,39,8
2026-09-26T00:44:44+00:00,730,78848d396,removed,39.67,,33,53,26,8
2026-09-26T00:44:44+00:00,730,26848c383,removed,39.9,,28,83,38,8
2026-09-26T00:44:44+00:00,730,3f83b8ce6,removed,40.0,,31,88,42,8
2026-09-26T00:44:44+00:00,730,6683e0088,removed,40.0,,27,37,5,8
2026-09-26T00:44:44+00:00,730,07848926d,removed,40.0,,26,86,17,8
2026-09-26T00:44:44+00:00,731,54838eb29,listed,35.0,,29,80,4,
2026-09-26T00:44:44+00:00,733,438421a58,removed,120.0,,26,35,3,1
2026-09-26T00:44:44+00:00,734,2262f7f77,removed,30.0,,33,53,24,1
2026-09-26T00:49:55+00:00,730,868481edb,listed,38.0,,33,13,9,
2026-09-26T00:49:55+00:00,730,4a8392cb2,price_change,40.0,50.0,28,25,5,
2026-09-26T00:49:55+00:00,730,a28347629,listed,40.0,,32,96,39,
2026-09-26T00:49:55+00:00,730,c584975ab,listed,42.0,,33,54,9,
2026-09-26T00:49:55+00:00,730,f783764e7,listed,43.0,,31,17,16,
2026-09-26T00:49:55+00:00,730,d28490441,listed,47.0,,31,87,32,
2026-09-26T00:49:55+00:00,730,658494542,listed,55.0,,28,18,13,
2026-09-26T00:49:55+00:00,730,c4839dfe8,removed,45.0,,34,65,29,4
2026-09-26T00:49:55+00:00,730,51849554b,removed,39.98,,32,92,3,4
2026-09-26T00:49:55+00:00,730,2d8496557,removed,39.98,,29,33,21,4
2026-09-26T00:49:55+00:00,730,3284924ba,removed,39.99,,31,60,31,4
2026-09-26T00:49:55+00:00,730,fd81a495a,removed,40.0,,32,21,3,4
2026-09-26T00:49:55+00:00,731,518178a9c,price_change,69.69,69.0,33,60,25,
2026-09-26T00:49:55+00:00,733,678179aeb,price_change,223.69,223.0,33,60,25,
2026-09-26T00:55:06+00:00,730,a9849966f,listed,39.0,,29,55,25,
2026-09-26T00:55:06+00:00,730,26848c383,listed,39.9,,28,83,38,
2026-09-26T00:55:06+00:00,730,ae7c47ee3,listed,39.99,,31,79,4,
2026-09-26T00:55:06+00:00,730,fd81a495a,listed,40.0,,32,21,3,
2026-09-26T00:55:06+00:00,730,8d84985c9,listed,42.0,,26,39,26,
2026-09-26T00:55:06+00:00,730,868481edb,removed,38.0,,33,13,9,4
2026-09-26T00:55:06+00:00,730,a28347629,removed,40.0,,32,96,39,4
2026-09-26T01:00:15+00:00,730,94849c78e,listed,69.67,,31,10,40,
2026-09-26T01:00:15+00:00,730,4a8392cb2,removed,40.0,,28,25,5,4
2026-09-26T01:00:15+00:00,730,1782234c6,removed,50.0,,31,b,2,4
2026-09-26T01:00:15+00:00,730,a9849966f,removed,39.0,,29,55,25,4
2026-09-26T01:00:15+00:00,730,26848c383,removed,39.9,,28,83,38,4
2026-09-26T01:00:15+00:00,731,9055380df,price_change,200.0,223.0,26,68,20,
2026-09-26T01:00:15+00:00,733,8e64930c2,removed,130.0,,31,39,12,1
2026-09-26T01:05:25+00:00,730,e2845cd6a,price_change,39.0,45.0,32,84,6,
2026-09-26T01:05:25+00:00,730,26848c383,listed,39.9,,28,83,38,
2026-09-26T01:05:25+00:00,730,48849e8e7,listed,60.0,,31,90,33,
2026-09-26T01:05:25+00:00,730,b181fdffe,removed,45.0,,31,51,12,6
2026-09-26T01:05:25+00:00,730,ff4fb44cb,removed,97.5,,32,78,23,6
2026-09-26T01:05:25+00:00,730,32844b631,removed,45.0,,29,82,18,6
2026-09-26T01:05:25+00:00,731,518178a9c,price_change,60.69,69.69,33,60,25,
2026-09-26T01:10:39+00:00,730,418000117,price_change,38.0,45.0,26,44,4,
2026-09-26T01:10:39+00:00,730,0584a6a75,listed,39.98,,33,79,4,
2026-09-26T01:10:39+00:00,730,8084a8b25,listed,45.0,,25,B,7,
2026-09-26T01:10:39+00:00,730,be8459ba8,price_change,45.0,55.0,26,89,13,
2026-09-26T01:10:39+00:00,730,f284a0962,listed,50.0,,25,27,6,
2026-09-26T01:10:39+00:00,730,2f841755c,price_change,58.0,69.0,30,84,32,
2026-09-26T01:10:39+00:00,730,e77684851,removed,45.0,,32,84,15,3
2026-09-26T01:10:39+00:00,730,307fbcab6,removed,52.0,,31,14,11,3
2026-09-26T01:10:39+00:00,730,227e2e46c,removed,55.0,,26,55,8,3
2026-09-26T01:10:39+00:00,730,328422aa5,removed,41.5,,26,54,18,3
2026-09-26T01:10:39+00:00,730,e2845cd6a,removed,39.0,,32,84,6,3
2026-09-26T01:10:39+00:00,730,26848c383,removed,39.9,,28,83,38,3
2026-09-26T01:10:39+00:00,731,9e84a7abf,listed,70.0,,25,27,6,
2026-09-26T01:15:52+00:00,730,82811f52d,price_change,35.0,50.0,26,61,10,
2026-09-26T01:15:52+00:00,730,418000117,removed,38.0,,26,44,4,5
2026-09-26T01:15:52+00:00,730,ae7c47ee3,removed,39.99,,31,79,4,5
2026-09-26T01:15:52+00:00,730,0584a6a75,removed,39.98,,33,79,4,5
2026-09-26T01:21:04+00:00,730,4784a9bc8,listed,40.0,,33,17,11,
2026-09-26T01:21:04+00:00,730,a1827628c,price_change,40.0,50.0,33,11,28,
2026-09-26T01:21:04+00:00,730,348273f97,price_change,45.0,50.0,28,72,36,
2026-09-26T01:21:04+00:00,730,b28339446,removed,42.0,,26,21,17,6
2026-09-26T01:21:04+00:00,730,82811f52d,removed,35.0,,26,61,10,6
2026-09-26T01:21:04+00:00,730,8c821c108,removed,53.0,,34,86,25,6
2026-09-26T01:21:04+00:00,730,d4832e1e5,removed,40.0,,28,89,10,6
2026-09-26T01:21:04+00:00,730,9a8473782,removed,45.0,,28,30,19,6
2026-09-26T01:21:04+00:00,730,6b8482efc,removed,40.0,,32,31,8,6
2026-09-26T01:21:04+00:00,732,3784acca3,listed,80.0,,32,94,1,
2026-09-26T01:26:15+00:00,730,cb84aedb2,listed,45.0,,27,81,21,
2026-09-26T01:26:15+00:00,730,c98342556,removed,41.99,,28,43,24,8
2026-09-26T01:26:15+00:00,730,2c713e8a2,removed,45.0,,26,21,8,8
2026-09-26T01:26:15+00:00,730,a1827628c,removed,40.0,,33,11,28,8
2026-09-26T01:26:15+00:00,730,fd81a495a,removed,40.0,,32,21,3,8
2026-09-26T01:26:15+00:00,730,4784a9bc8,removed,40.0,,33,17,11,8
2026-09-26T01:26:15+00:00,731,8984b1e69,listed,70.0,,27,81,21,
2026-09-26T01:31:25+00:00,730,ff84b3ed2,listed,38.99,,27,53,9,
2026-09-26T01:31:25+00:00,730,c584975ab,price_change,40.0,42.0,33,54,9,
2026-09-26T01:31:25+00:00,730,4784a9bc8,listed,40.0,,33,17,11,
2026-09-26T01:31:25+00:00,730,c18444449,price_change,44.97,45.0,33,89,23,
2026-09-26T01:31:25+00:00,730,dd84b2e7c,listed,45.0,,29,37,20,
2026-09-26T01:31:25+00:00,730,d982e44c2,removed,42.0,,32,95,4,3
2026-09-26T01:31:25+00:00,730,a883a21ee,removed,42.0,,32,47,21,3
2026-09-26T01:31:25+00:00,730,af82ed7af,removed,44.5,,32,22,14,3
2026-09-26T01:36:34+00:00,730,3a84b6110,listed,35.0,,28,84,5,
2026-09-26T01:36:34+00:00,730,a584afdc6,listed,35.0,,26,11,27,
2026-09-26T01:36:34+00:00,730,bb84b510d,listed,38.0,,29,80,33,
2026-09-26T01:36:34+00:00,730,5f8271edd,price_change,48.0,50.0,27,79,10,
2026-09-26T01:36:34+00:00,730,107da5eeb,removed,60.0,,29,78,31,2
2026-09-26T01:36:34+00:00,730,59847bc1e,removed,42.0,,29,95,9,2
2026-09-26T01:36:34+00:00,730,ff84b3ed2,removed,38.99,,27,53,9,2
2026-09-26T01:41:45+00:00,730,d584b7225,listed,35.0,,28,17,8,
2026-09-26T01:41:45+00:00,730,1b8211c21,price_change,39.0,50.0,28,39,8,
2026-09-26T01:41:45+00:00,730,e57c5a52d,price_change,40.0,75.0,25,19,8,
2026-09-26T01:41:45+00:00,730,a883a21ee,listed,42.0,,32,47,21,
2026-09-26T01:41:45+00:00,730,59847bc1e,listed,42.0,,29,95,9,
2026-09-26T01:41:45+00:00,730,468321bf6,removed,42.49,,34,65,27,4
2026-09-26T01:41:45+00:00,730,3a84b6110,removed,35.0,,28,84,5,4
2026-09-26T01:41:45+00:00,730,a584afdc6,removed,35.0,,26,11,27,4
2026-09-26T01:46:56+00:00,730,0484b92c4,listed,40.0,,31,66,16,
2026-09-26T01:46:56+00:00,730,11814f70c,price_change,45.0,60.0,27,92,19,
2026-09-26T01:46:56+00:00,730,1b8211c21,removed,39.0,,28,39,8,3
2026-09-26T01:46:56+00:00,730,e57c5a52d,removed,40.0,,25,19,8,3
2026-09-26T01:46:56+00:00,730,a1841147a,removed,45.0,,31,53,16,3
2026-09-26T01:46:56+00:00,730,c584975ab,removed,40.0,,33,54,9,3
2026-09-26T01:46:56+00:00,730,bb84b510d,removed,38.0,,29,80,33,3
2026-09-26T01:46:56+00:00,730,d584b7225,removed,35.0,,28,17,8,3
2026-09-26T01:46:56+00:00,731,447bdd25a,price_change,40.0,50.0,27,86,38,
2026-09-26T01:46:56+00:00,733,387d741d5,price_change,130.0,147.0,27,86,38,
2026-09-26T01:46:56+00:00,733,fa6976566,price_change,150.0,200.0,31,66,16,
2026-09-26T01:52:07+00:00,730,3a84bb426,listed,41.0,,30,65,14,
2026-09-26T01:52:07+00:00,730,0284ba386,listed,50.0,,33,84,14,
2026-09-26T01:52:07+00:00,730,88804fc53,removed,50.0,,28,86,17,6
2026-09-26T01:52:07+00:00,730,ad8442401,removed,42.0,,28,80,12,6
2026-09-26T01:52:07+00:00,730,a3830b1c7,removed,42.0,,28,66,32,6
2026-09-26T01:52:07+00:00,730,f783764e7,removed,43.0,,31,17,16,6
2026-09-26T01:52:07+00:00,730,4784a9bc8,removed,40.0,,33,17,11,6
2026-09-26T01:52:07+00:00,730,a883a21ee,removed,42.0,,32,47,21,6
2026-09-26T01:52:07+00:00,730,0484b92c4,removed,40.0,,31,66,16,6
2026-09-26T01:52:07+00:00,731,447bdd25a,price_change,35.0,40.0,27,86,38,
2026-09-26T01:52:07+00:00,733,387d741d5,price_change,127.0,130.0,27,86,38,
2026-09-26T01:57:17+00:00,730,7284c2643,listed,37.99,,26,30,4,
2026-09-26T01:57:17+00:00,730,9084be556,listed,38.0,,33,23,12,
2026-09-26T01:57:17+00:00,730,4784a9bc8,listed,40.0,,33,17,11,
2026-09-26T01:57:17+00:00,730,c98342556,listed,41.99,,28,43,24,
2026-09-26T01:57:17+00:00,730,a883a21ee,listed,42.0,,32,47,21,
2026-09-26T01:57:17+00:00,730,fb8283be8,removed,45.0,,33,36,24,2
2026-09-26T01:57:17+00:00,730,c18444449,removed,44.97,,33,89,23,2
2026-09-26T01:57:17+00:00,731,a082b6fc9,removed,44.8,,26,14,19,1
2026-09-26T01:57:17+00:00,731,48818024d,removed,60.0,,26,14,16,1
2026-09-26T02:03:01+00:00,730,a3830b1c7,listed,42.0,,28,66,32,
2026-09-26T02:03:01+00:00,730,3284c0600,listed,43.0,,28,88,43,
2026-09-26T02:03:01+00:00,730,5983807ec,removed,44.99,,31,17,8,4
2026-09-26T02:03:01+00:00,730,54807c797,removed,49.0,,34,75,25,4
2026-09-26T02:03:01+00:00,730,9084be556,removed,38.0,,33,23,12,4
2026-09-26T02:03:01+00:00,730,4784a9bc8,removed,40.0,,33,17,11,4
2026-09-26T02:03:01+00:00,730,c98342556,removed,41.99,,28,43,24,4
2026-09-26T02:08:09+00:00,730,c98342556,listed,41.99,,28,43,24,
2026-09-26T02:08:09+00:00,730,f7826dbb8,price_change,45.0,50.0,30,95,9,
2026-09-26T02:08:09+00:00,730,1a84c575c,listed,60.0,,31,84,41,
2026-09-26T02:08:09+00:00,730,737b96d81,removed,47.0,,25,53,7,3
2026-09-26T02:08:09+00:00,730,7284c2643,removed,37.99,,26,30,4,3
2026-09-26T02:13:18+00:00,730,7e84c8899,listed,35.0,,32,44,10,
2026-09-26T02:13:18+00:00,730,737b96d81,listed,37.0,,25,53,7,
2026-09-26T02:13:18+00:00,730,7584c98c6,listed,40.0,,31,6,31,
2026-09-26T02:13:18+00:00,730,e484c681a,listed,47.0,,29,84,41,
2026-09-26T02:13:18+00:00,730,c98342556,removed,41.99,,28,43,24,3
2026-09-26T02:13:18+00:00,733,2567c16f7,removed,130.0,,31,39,15,0
2026-09-26T02:18:31+00:00,730,1481c16f9,price_change,40.0,52.0,32,44,8,
2026-09-26T02:18:31+00:00,730,7c84ceae5,listed,41.0,,27,76,24,
2026-09-26T02:18:31+00:00,730,a3830b1c7,removed,42.0,,28,66,32,3
2026-09-26T02:18:31+00:00,730,7e84c8899,removed,35.0,,32,44,10,3
2026-09-26T02:18:31+00:00,730,737b96d81,removed,37.0,,25,53,7,3
2026-09-26T02:18:31+00:00,731,616e76ece,price_change,150.0,87.0,34,50,25,
2026-09-26T02:18:31+00:00,731,6683cc5bf,removed,34.5,,28,88,16,0
2026-09-26T02:18:31+00:00,733,2567c16f7,listed,130.0,,31,39,15,
2026-09-26T02:18:31+00:00,734,d984cca13,listed,30.0,,27,77,8,
2026-09-26T02:23:39+00:00,730,e084cfb2c,listed,39.98,,31,15,12,
2026-09-26T02:23:39+00:00,730,9184d0b53,listed,40.0,,32,53,24,
2026-09-26T02:23:39+00:00,730,4282f25f3,price_change,42.0,50.0,33,17,10,
2026-09-26T02:23:39+00:00,730,cc8185958,removed,50.0,,25,42,11,5
2026-09-26T02:23:39+00:00,730,1481c16f9,removed,40.0,,32,44,8,5
2026-09-26T02:23:39+00:00,730,7584c98c6,removed,40.0,,31,6,31,5
2026-09-26T02:23:39+00:00,731,447bdd25a,removed,35.0,,27,86,38,1
2026-09-26T02:28:47+00:00,730,e084cfb2c,price_change,39.97,39.98,31,15,12,
2026-09-26T02:28:47+00:00,730,7584c98c6,listed,40.0,,31,6,31,
2026-09-26T02:28:47+00:00,730,0d84d5ca9,listed,40.0,,33,12,2,
2026-09-26T02:28:47+00:00,730,8584d2c55,listed,40.0,,32,45,22,
2026-09-26T02:28:47+00:00,730,ef84d3c7a,listed,50.0,,31,15,25,
2026-09-26T02:28:47+00:00,730,3977a98e0,removed,60.0,,26,46,22,1
2026-09-26T02:28:47+00:00,731,447bdd25a,listed,35.0,,27,86,38,
2026-09-26T02:33:56+00:00,730,7084d6d28,listed,39.95,,33,65,1,
2026-09-26T02:33:56+00:00,730,6684c7849,listed,44.96,,33,89,24,
2026-09-26T02:33:56+00:00,730,dc84d4c98,listed,50.0,,29,90,1,
2026-09-26T02:33:56+00:00,730,3a84bb426,removed,41.0,,30,65,14,2
2026-09-26T02:33:56+00:00,730,a883a21ee,removed,42.0,,32,47,21,2
2026-09-26T02:33:56+00:00,730,e084cfb2c,removed,39.97,,31,15,12,2
2026-09-26T02:33:56+00:00,731,447bdd25a,removed,35.0,,27,86,38,1
2026-09-26T02:39:08+00:00,730,df84d9f58,listed,45.0,,26,81,6,
2026-09-26T02:39:08+00:00,730,8d84985c9,removed,42.0,,26,39,26,2
2026-09-26T02:39:08+00:00,730,7c84ceae5,removed,41.0,,27,76,24,2
2026-09-26T02:39:08+00:00,730,9184d0b53,removed,40.0,,32,53,24,2
2026-09-26T02:39:08+00:00,730,7584c98c6,removed,40.0,,31,6,31,2
2026-09-26T02:44:21+00:00,730,b684d1c0f,listed,38.0,,25,42,9,
2026-09-26T02:44:21+00:00,730,6684c7849,price_change,39.99,44.96,33,89,24,
2026-09-26T02:44:21+00:00,730,7c84ceae5,listed,41.0,,27,76,24,
2026-09-26T02:44:21+00:00,730,8d84985c9,listed,42.0,,26,39,26,
2026-09-26T02:44:21+00:00,730,c6848b377,price_change,45.0,48.0,31,80,27,
2026-09-26T02:44:21+00:00,730,ad82505fd,removed,46.0,,29,95,19,4
2026-09-26T02:44:21+00:00,730,647a3f721,removed,54.0,,33,42,3,4
2026-09-26T02:44:21+00:00,730,7084d6d28,removed,39.95,,33,65,1,4
2026-09-26T02:44:21+00:00,733,2567c16f7,removed,130.0,,31,39,15,1
2026-09-26T02:49:31+00:00,730,3784df23b,listed,35.0,,26,85,23,
2026-09-26T02:49:31+00:00,730,3084674e0,price_change,38.0,48.0,27,82,16,
2026-09-26T02:49:31+00:00,730,3284c0600,removed,43.0,,28,88,43,2
2026-09-26T02:49:31+00:00,730,8584d2c55,removed,40.0,,32,45,22,2
2026-09-26T02:49:31+00:00,730,b684d1c0f,removed,38.0,,25,42,9,2
2026-09-26T02:49:31+00:00,731,7b84dc1a0,listed,100.0,,27,75,3,
2026-09-26T02:49:31+00:00,731,54838eb29,removed,35.0,,29,80,4,0
2026-09-26T02:54:42+00:00,730,9184e43b3,listed,37.0,,33,19,25,
2026-09-26T02:54:42+00:00,730,ef84e3317,listed,42.0,,33,12,27,
2026-09-26T02:54:42+00:00,730,be84e02a6,listed,45.0,,29,88,9,
2026-09-26T02:54:42+00:00,730,2584dd1dc,listed,47.0,,28,70,30,
2026-09-26T02:54:42+00:00,730,9477782c1,removed,45.0,,31,20,46,5
2026-09-26T02:54:42+00:00,730,4d84662fe,removed,42.0,,26,62,23,5
2026-09-26T02:54:42+00:00,730,3084674e0,removed,38.0,,27,82,16,5
2026-09-26T02:54:42+00:00,730,8d84985c9,removed,42.0,,26,39,26,5
2026-09-26T02:59:54+00:00,730,2f84e9493,listed,33.0,,32,24,9,
2026-09-26T02:59:54+00:00,730,1084e7455,listed,39.0,,33,7,28,
2026-09-26T02:59:54+00:00,730,8084b40fe,listed,42.0,,33,38,11,
2026-09-26T02:59:54+00:00,730,fc84ea4ad,listed,60.0,,33,7,1,
2026-09-26T02:59:54+00:00,730,4282f25f3,removed,42.0,,33,17,10,5
2026-09-26T02:59:54+00:00,730,59847bc1e,removed,42.0,,29,95,9,5
2026-09-26T02:59:54+00:00,730,0d84d5ca9,removed,40.0,,33,12,2,5
2026-09-26T02:59:54+00:00,730,6684c7849,removed,39.99,,33,89,24,5
2026-09-26T02:59:54+00:00,730,7c84ceae5,removed,41.0,,27,76,24,5
2026-09-26T02:59:54+00:00,730,3784df23b,removed,35.0,,26,85,23,5
2026-09-26T02:59:54+00:00,730,9184e43b3,removed,37.0,,33,19,25,5
2026-09-26T02:59:54+00:00,730,2584dd1dc,removed,47.0,,28,70,30,5
2026-09-26T03:05:04+00:00,730,9484ef5e4,listed,41.99,,32,83,10,
2026-09-26T03:05:04+00:00,730,3684f0617,listed,41.99,,33,96,20,
2026-09-26T03:05:04+00:00,730,ff84eb4c8,listed,43.0,,31,76,12,
2026-09-26T03:05:04+00:00,730,9477782c1,listed,45.0,,31,20,46,
2026-09-26T03:05:04+00:00,730,d884e643e,listed,55.0,,26,89,14,
2026-09-26T03:05:04+00:00,730,c5836af29,removed,49.0,,32,83,10,9
2026-09-26T03:05:04+00:00,730,3874525bd,removed,62.0,,33,96,20,9
2026-09-26T03:05:04+00:00,730,6d7f6e276,removed,70.0,,31,85,4,9
2026-09-26T03:05:04+00:00,730,9682b7007,removed,45.0,,32,83,7,9
2026-09-26T03:05:04+00:00,730,2f84e9493,removed,33.0,,32,24,9,9
2026-09-26T03:05:04+00:00,730,1084e7455,removed,39.0,,33,7,28,9
2026-09-26T03:05:04+00:00,733,387d741d5,price_change,175.0,127.0,27,86,38,
2026-09-26T03:10:14+00:00,730,4282f25f3,listed,42.0,,33,17,10,
2026-09-26T03:10:14+00:00,730,3284c0600,listed,43.0,,28,88,43,
2026-09-26T03:10:14+00:00,730,897dcbf89,removed,49.99,,30,85,20,1
2026-09-26T03:10:14+00:00,730,9484ef5e4,removed,41.99,,32,83,10,1
2026-09-26T03:10:14+00:00,730,ff84eb4c8,removed,43.0,,31,76,12,1
2026-09-26T03:10:14+00:00,731,0984f4706,listed,60.0,,33,96,20,
2026-09-26T03:10:14+00:00,731,3484f163a,listed,75.0,,33,75,26,
2026-09-26T03:15:27+00:00,730,3c84f984d,listed,41.99,,32,93,13,
2026-09-26T03:15:27+00:00,730,6f84f36d5,listed,50.0,,27,48,3,
2026-09-26T03:15:27+00:00,730,0d84f6753,listed,60.0,,28,37,14,
2026-09-26T03:15:27+00:00,730,d884f77b9,listed,60.0,,31,11,39,
2026-09-26T03:15:27+00:00,730,3a4fe60ee,removed,45.0,,26,46,27,6
2026-09-26T03:15:27+00:00,730,9381737ec,removed,45.0,,32,93,13,6
2026-09-26T03:15:27+00:00,730,ef84e3317,removed,42.0,,33,12,27,6
2026-09-26T03:15:27+00:00,730,3684f0617,removed,41.99,,33,96,20,6
2026-09-26T03:15:27+00:00,730,3284c0600,removed,43.0,,28,88,43,6
2026-09-26T03:15:27+00:00,731,037dd1121,price_change,55.0,99.99,30,85,20,
2026-09-26T03:15:27+00:00,733,ea7dd3155,price_change,130.0,250.0,30,85,20,
2026-09-26T03:15:27+00:00,733,bc84f8812,listed,140.0,,33,96,20,
2026-09-26T03:25:48+00:00,730,d084fdacb,listed,42.0,,26,74,6,
2026-09-26T03:25:48+00:00,730,348294629,removed,45.0,,31,80,17,3
2026-09-26T03:25:48+00:00,730,8084b40fe,removed,42.0,,33,38,11,3
2026-09-26T03:25:48+00:00,730,4282f25f3,removed,42.0,,33,17,10,3
2026-09-26T03:25:48+00:00,730,3c84f984d,removed,41.99,,32,93,13,3
2026-09-26T03:30:58+00:00,730,9382b8008,price_change,40.0,45.0,32,83,3,
2026-09-26T03:30:58+00:00,730,4282f25f3,listed,42.0,,33,17,10,
2026-09-26T03:30:58+00:00,730,6f835cb53,price_change,44.0,45.0,33,48,29,
2026-09-26T03:30:58+00:00,730,5b84ffbc9,listed,54.0,,28,85,25,
2026-09-26T03:30:58+00:00,730,7c7d7e7f3,removed,44.0,,27,30,16,4
2026-09-26T03:30:58+00:00,730,f383b5c32,removed,45.0,,29,83,21,4
2026-09-26T03:30:58+00:00,730,998485f6f,removed,45.0,,28,90,35,4
2026-09-26T03:30:58+00:00,730,d084fdacb,removed,42.0,,26,74,6,4
2026-09-26T03:30:58+00:00,731,1b84feb2b,listed,65.68,,29,74,2,
2026-09-26T03:36:10+00:00,730,838503ce1,listed,42.0,,29,66,14,
2026-09-26T03:36:10+00:00,730,348294629,listed,45.0,,31,80,17,
2026-09-26T03:36:10+00:00,730,9382b8008,removed,40.0,,32,83,3,2
2026-09-26T03:41:19+00:00,730,a88507e72,listed,38.0,,33,33,17,
2026-09-26T03:41:19+00:00,730,0e8505d57,listed,38.0,,32,84,8,
2026-09-26T03:41:19+00:00,730,608504d46,listed,39.0,,29,62,6,
2026-09-26T03:41:19+00:00,730,9782d41f1,removed,45.0,,34,60,29,3
2026-09-26T03:41:19+00:00,730,4282f25f3,removed,42.0,,33,17,10,3
2026-09-26T03:41:19+00:00,731,c58502c89,listed,50.0,,27,54,19,
2026-09-26T03:41:19+00:00,731,d175769a3,removed,36.0,,27,29,10,0
2026-09-26T03:46:29+00:00,730,a48509ef8,listed,40.0,,28,81,36,
2026-09-26T03:46:29+00:00,730,f7826dbb8,removed,45.0,,30,95,9,5
2026-09-26T03:46:29+00:00,730,a88507e72,removed,38.0,,33,33,17,5
2026-09-26T03:46:29+00:00,730,0e8505d57,removed,38.0,,32,84,8,5
2026-09-26T03:46:29+00:00,730,608504d46,removed,39.0,,29,62,6,5
2026-09-26T03:46:29+00:00,731,d175769a3,listed,36.0,,27,29,10,
2026-09-26T03:51:41+00:00,730,f7826dbb8,listed,45.0,,30,95,9,
2026-09-26T03:51:41+00:00,730,83850cf5c,listed,50.0,,30,90,13,
2026-09-26T03:51:41+00:00,730,348294629,removed,45.0,,31,80,17,1
2026-09-26T03:51:41+00:00,730,a48509ef8,removed,40.0,,28,81,36,1
2026-09-26T03:51:41+00:00,732,6e850dfbf,listed,114.0,,29,74,2,
2026-09-26T03:56:50+00:00,730,fc8511126,listed,41.99,,25,20,10,
2026-09-26T03:56:50+00:00,730,4f814e6fe,price_change,43.7,47.0,30,58,16,
2026-09-26T03:56:50+00:00,730,a28268668,price_change,45.0,50.0,27,27,2,
2026-09-26T03:56:50+00:00,730,e98308054,removed,45.0,,32,48,19,2
2026-09-26T03:56:50+00:00,730,808264418,removed,45.0,,32,86,1,2
2026-09-26T03:56:50+00:00,730,dd84b2e7c,removed,45.0,,29,37,20,2
2026-09-26T03:56:50+00:00,732,8051ceb76,price_change,99.99,130.0,32,63,4,
2026-09-26T03:56:50+00:00,732,3485131bb,listed,130.0,,34,84,27,
2026-09-26T03:56:50+00:00,733,ad8096734,price_change,135.0,145.0,27,94,7,
2026-09-26T03:56:50+00:00,733,1a51d2cc2,price_change,154.99,200.0,32,63,4,
2026-09-26T03:56:50+00:00,733,828512141,listed,170.0,,29,74,2,
2026-09-26T03:56:50+00:00,734,fa8514216,listed,45.0,,34,84,27,
2026-09-26T04:01:59+00:00,730,cf851525b,listed,44.99,,28,13,9,
2026-09-26T04:01:59+00:00,730,e98308054,listed,45.0,,32,48,19,
2026-09-26T04:01:59+00:00,730,8e827b4c9,removed,45.0,,32,78,7,2
2026-09-26T04:01:59+00:00,730,cc83302e1,removed,45.0,,33,74,10,2
2026-09-26T04:01:59+00:00,730,6f835cb53,removed,44.0,,33,48,29,2
2026-09-26T04:01:59+00:00,730,657bbb1ca,removed,55.0,,31,83,3,2
2026-09-26T04:01:59+00:00,730,838503ce1,removed,42.0,,29,66,14,2
2026-09-26T04:01:59+00:00,731,037dd1121,price_change,50.0,55.0,30,85,20,
2026-09-26T04:01:59+00:00,733,ea7dd3155,price_change,140.0,130.0,30,85,20,
2026-09-26T04:07:09+00:00,730,658494542,price_change,40.0,55.0,28,18,13,
2026-09-26T04:07:09+00:00,730,a48509ef8,listed,40.0,,28,81,36,
2026-09-26T04:07:09+00:00,730,cc83302e1,listed,45.0,,33,74,10,
2026-09-26T04:07:09+00:00,730,1f8518476,listed,50.0,,25,7,9,
2026-09-26T04:07:09+00:00,730,3080a561f,removed,100.0,,33,66,8,3
2026-09-26T04:12:21+00:00,730,e5851d5bd,listed,38.5,,29,62,27,
2026-09-26T04:12:21+00:00,730,6c851a4ef,listed,42.0,,32,56,7,
2026-09-26T04:12:21+00:00,730,f0851c580,listed,43.5,,30,46,26,
2026-09-26T04:12:21+00:00,730,6f835cb53,listed,44.0,,33,48,29,
2026-09-26T04:12:21+00:00,730,d28490441,price_change,44.99,47.0,31,87,32,
2026-09-26T04:12:21+00:00,730,1f8397e0e,price_change,45.9,47.0,33,74,8,
2026-09-26T04:12:21+00:00,730,658494542,removed,40.0,,28,18,13,4
2026-09-26T04:12:21+00:00,730,9477782c1,removed,45.0,,31,20,46,4
2026-09-26T04:12:21+00:00,731,357bbc202,price_change,60.0,70.0,31,83,3,
2026-09-26T04:17:32+00:00,730,ff851e5ec,listed,40.0,,26,55,24,
2026-09-26T04:17:32+00:00,730,ec850bf40,listed,42.0,,29,80,35,
2026-09-26T04:17:32+00:00,730,a785246fb,listed,43.0,,30,43,21,
2026-09-26T04:17:32+00:00,730,9185226ed,listed,45.0,,28,27,19,
2026-09-26T04:17:32+00:00,730,cf851525b,removed,44.99,,28,13,9,3
2026-09-26T04:17:32+00:00,730,e5851d5bd,removed,38.5,,29,62,27,3
2026-09-26T04:17:32+00:00,730,6c851a4ef,removed,42.0,,32,56,7,3
2026-09-26T04:22:41+00:00,730,9585236f5,listed,41.0,,25,17,3,
2026-09-26T04:22:41+00:00,730,a48509ef8,removed,40.0,,28,81,36,3
2026-09-26T04:22:41+00:00,730,ff851e5ec,removed,40.0,,26,55,24,3
2026-09-26T04:27:53+00:00,730,5585298a9,listed,35.0,,26,46,23,
2026-09-26T04:27:53+00:00,730,64852787d,listed,40.69,,29,44,6,
2026-09-26T04:27:53+00:00,730,1f8518476,price_change,43.0,50.0,25,7,9,
2026-09-26T04:27:53+00:00,730,78852889a,listed,44.99,,34,78,27,
2026-09-26T04:27:53+00:00,730,e885216ea,listed,48.0,,32,76,25,
2026-09-26T04:27:53+00:00,730,d28490441,removed,44.99,,31,87,32,2
2026-09-26T04:27:53+00:00,730,fc8511126,removed,41.99,,25,20,10,2
2026-09-26T04:27:53+00:00,730,9585236f5,removed,41.0,,25,17,3,2
2026-09-26T04:33:05+00:00,730,9585236f5,listed,41.0,,25,17,3,
2026-09-26T04:33:05+00:00,730,d28490441,listed,44.99,,31,87,32,
2026-09-26T04:33:05+00:00,730,60852a962,listed,66.0,,31,51,22,
2026-09-26T04:33:05+00:00,730,d68399e47,removed,44.0,,27,87,3,3
2026-09-26T04:33:05+00:00,730,ef742166b,removed,59.0,,34,61,20,3
2026-09-26T04:33:05+00:00,730,5585298a9,removed,35.0,,26,46,23,3
2026-09-26T04:33:05+00:00,730,64852787d,removed,40.69,,29,44,6,3
