ts,game_id,listed,sold,lowest,median_sale,frozen
2026-09-25T14:50:59+00:00,730,316,1524,42.0,49.99,0
2026-09-25T14:50:59+00:00,731,508,581,39.99,65.0,0
2026-09-25T14:50:59+00:00,732,285,371,73.0,115.0,0
2026-09-25T14:50:59+00:00,733,174,278,129.0,168.0,0
2026-09-25T14:50:59+00:00,734,266,207,29.99,48.5,0
2026-09-25T14:52:36+00:00,730,314,1524,44.0,49.99,0
2026-09-25T14:52:36+00:00,731,508,581,39.99,65.0,0
2026-09-25T14:52:36+00:00,732,285,371,73.0,115.0,0
2026-09-25T14:52:36+00:00,733,174,278,129.0,168.0,0
2026-09-25T14:52:36+00:00,734,266,207,29.99,48.5,0
2026-09-25T15:00:48+00:00,730,318,1526,41.0,49.99,0
2026-09-25T15:00:48+00:00,731,508,581,39.99,65.0,0
2026-09-25T15:00:48+00:00,732,285,371,73.0,115.0,0
2026-09-25T15:00:48+00:00,733,173,278,125.0,168.0,0
2026-09-25T15:00:48+00:00,734,266,207,29.99,48.5,0
2026-09-25T15:07:49+00:00,730,316,1528,42.0,49.99,0
2026-09-25T15:07:49+00:00,731,509,581,39.99,65.0,0
2026-09-25T15:07:49+00:00,732,285,371,73.0,115.0,0
2026-09-25T15:07:49+00:00,733,174,278,125.0,168.0,0
2026-09-25T15:07:49+00:00,734,266,207,29.99,48.5,0
2026-09-25T16:19:32+00:00,730,336,1553,37.0,49.9,0
2026-09-25T16:19:32+00:00,731,509,586,35.0,65.0,0
2026-09-25T16:19:32+00:00,732,287,371,70.0,115.0,0
2026-09-25T16:19:32+00:00,733,176,278,124.0,168.0,0
2026-09-25T16:19:32+00:00,734,268,207,29.99,48.5,0
2026-09-25T16:23:27+00:00,730,335,1556,36.0,49.84,0
2026-09-25T16:23:27+00:00,731,509,586,35.0,65.0,0
2026-09-25T16:23:27+00:00,732,287,371,70.0,115.0,0
2026-09-25T16:23:27+00:00,733,176,278,124.0,168.0,0
2026-09-25T16:23:27+00:00,734,268,207,29.99,48.5,0
2026-09-25T17:07:37+00:00,730,337,1574,36.0,49.5,0
2026-09-25T17:07:37+00:00,731,509,587,35.0,65.0,0
2026-09-25T17:07:37+00:00,732,286,371,69.0,115.0,0
2026-09-25T17:07:37+00:00,733,176,278,124.0,168.0,0
2026-09-25T17:07:37+00:00,734,268,207,25.0,48.5,0
2026-09-25T17:12:46+00:00,730,337,1577,38.0,49.49,0
2026-09-25T17:12:46+00:00,731,510,587,35.0,65.0,0
2026-09-25T17:12:46+00:00,732,286,371,69.0,115.0,0
2026-09-25T17:12:46+00:00,733,177,278,124.0,168.0,0
2026-09-25T17:12:46+00:00,734,269,207,25.0,48.5,0
2026-09-25T17:17:56+00:00,730,335,1582,35.0,49.24,0
2026-09-25T17:17:56+00:00,731,512,587,35.0,65.0,0
2026-09-25T17:17:56+00:00,732,286,371,69.0,115.0,0
2026-09-25T17:17:56+00:00,733,176,278,124.0,168.0,0
2026-09-25T17:17:56+00:00,734,269,207,25.0,48.5,0
2026-09-25T17:23:06+00:00,730,334,1584,36.0,49.0,0
2026-09-25T17:23:06+00:00,731,512,587,35.0,65.0,0
2026-09-25T17:23:06+00:00,732,286,371,69.0,115.0,0
2026-09-25T17:23:06+00:00,733,177,278,124.0,168.0,0
2026-09-25T17:23:06+00:00,734,269,207,25.0,48.5,0
2026-09-25T17:28:19+00:00,730,335,1585,36.0,49.0,0
2026-09-25T17:28:19+00:00,731,512,587,35.0,65.0,0
2026-09-25T17:28:19+00:00,732,285,372,70.0,115.0,0
2026-09-25T17:28:19+00:00,733,177,278,124.0,168.0,0
2026-09-25T17:28:19+00:00,734,269,207,25.0,48.5,0
2026-09-25T17:33:31+00:00,730,336,1589,36.0,49.0,0
2026-09-25T17:33:31+00:00,731,512,587,35.0,65.0,0
2026-09-25T17:33:31+00:00,732,285,372,70.0,115.0,0
2026-09-25T17:33:31+00:00,733,177,278,124.0,168.0,0
2026-09-25T17:33:31+00:00,734,269,207,25.0,48.5,0
2026-09-25T17:38:42+00:00,730,336,1593,29.0,49.0,0
2026-09-25T17:38:42+00:00,731,512,587,35.0,65.0,0
2026-09-25T17:38:42+00:00,732,285,372,70.0,115.0,0
2026-09-25T17:38:42+00:00,733,177,278,124.0,168.0,0
2026-09-25T17:38:42+00:00,734,269,207,25.0,48.5,0
2026-09-25T17:43:53+00:00,730,336,1595,38.0,49.0,0
2026-09-25T17:43:53+00:00,731,512,587,35.0,65.0,0
2026-09-25T17:43:53+00:00,732,285,372,70.0,115.0,0
2026-09-25T17:43:53+00:00,733,177,278,124.0,168.0,0
2026-09-25T17:43:53+00:00,734,269,207,25.0,48.5,0
2026-09-25T17:49:01+00:00,730,336,1599,35.0,49.0,0
2026-09-25T17:49:01+00:00,731,512,587,35.0,65.0,0
2026-09-25T17:49:01+00:00,732,284,373,70.0,115.0,0
2026-09-25T17:49:01+00:00,733,177,278,124.0,168.0,0
2026-09-25T17:49:01+00:00,734,269,207,25.0,48.5,0
2026-09-25T17:54:11+00:00,730,333,1602,40.0,49.0,0
2026-09-25T17:54:11+00:00,731,512,587,35.0,65.0,0
2026-09-25T17:54:11+00:00,732,285,373,70.0,115.0,0
2026-09-25T17:54:11+00:00,733,177,278,124.0,168.0,0
2026-09-25T17:54:11+00:00,734,269,207,25.0,48.5,0
2026-09-25T17:59:23+00:00,730,335,1604,37.0,49.0,0
2026-09-25T17:59:23+00:00,731,512,587,35.0,65.0,0
2026-09-25T17:59:23+00:00,732,285,373,70.0,115.0,0
2026-09-25T17:59:23+00:00,733,177,278,124.0,168.0,0
2026-09-25T17:59:23+00:00,734,269,207,25.0,48.5,0
2026-09-25T18:04:37+00:00,730,335,1605,35.0,49.0,0
2026-09-25T18:04:37+00:00,731,512,587,35.0,65.0,0
2026-09-25T18:04:37+00:00,732,285,373,70.0,115.0,0
2026-09-25T18:04:37+00:00,733,177,278,124.0,168.0,0
2026-09-25T18:04:37+00:00,734,269,207,25.0,48.5,0
2026-09-25T18:09:48+00:00,730,331,1610,37.0,48.98,0
2026-09-25T18:09:48+00:00,731,511,588,35.0,65.0,0
2026-09-25T18:09:48+00:00,732,285,373,70.0,115.0,0
2026-09-25T18:09:48+00:00,733,177,278,124.0,168.0,0
2026-09-25T18:09:48+00:00,734,269,207,25.0,48.5,0
2026-09-25T18:14:57+00:00,730,333,1611,35.0,48.96,0
2026-09-25T18:14:57+00:00,731,511,588,35.0,65.0,0
2026-09-25T18:14:57+00:00,732,284,373,70.0,115.0,0
2026-09-25T18:14:57+00:00,733,177,278,124.0,168.0,0
2026-09-25T18:14:57+00:00,734,269,207,25.0,48.5,0
2026-09-25T18:20:07+00:00,730,335,1613,35.5,48.67,0
2026-09-25T18:20:07+00:00,731,511,588,35.0,65.0,0
2026-09-25T18:20:07+00:00,732,285,373,70.0,115.0,0
2026-09-25T18:20:07+00:00,733,177,278,124.0,168.0,0
2026-09-25T18:20:07+00:00,734,269,207,25.0,48.5,0
2026-09-25T18:25:17+00:00,730,334,1615,34.99,48.5,0
2026-09-25T18:25:17+00:00,731,511,588,35.0,65.0,0
2026-09-25T18:25:17+00:00,732,285,373,70.0,115.0,0
2026-09-25T18:25:17+00:00,733,177,278,124.0,168.0,0
2026-09-25T18:25:17+00:00,734,269,207,25.0,48.5,0
2026-09-25T18:30:29+00:00,730,335,1616,34.99,48.5,0
2026-09-25T18:30:29+00:00,731,511,588,35.0,65.0,0
2026-09-25T18:30:29+00:00,732,285,373,70.0,115.0,0
2026-09-25T18:30:29+00:00,733,177,278,124.0,168.0,0
2026-09-25T18:30:29+00:00,734,269,207,25.0,48.5,0
2026-09-25T18:35:41+00:00,730,336,1617,32.0,48.5,0
2026-09-25T18:35:41+00:00,731,511,588,35.0,65.0,0
2026-09-25T18:35:41+00:00,732,285,373,70.0,115.0,0
2026-09-25T18:35:41+00:00,733,177,278,124.0,168.0,0
2026-09-25T18:35:41+00:00,734,269,207,25.0,48.5,0
2026-09-25T18:40:56+00:00,730,337,1619,34.99,48.0,0
2026-09-25T18:40:56+00:00,731,511,588,35.0,65.0,0
2026-09-25T18:40:56+00:00,732,285,373,70.0,115.0,0
2026-09-25T18:40:56+00:00,733,177,278,124.0,168.0,0
2026-09-25T18:40:56+00:00,734,269,207,25.0,48.5,0
2026-09-25T18:46:05+00:00,730,331,1622,35.0,48.0,0
2026-09-25T18:46:05+00:00,731,510,588,35.0,65.0,0
2026-09-25T18:46:05+00:00,732,285,373,70.0,115.0,0
2026-09-25T18:46:05+00:00,733,177,278,124.0,168.0,0
2026-09-25T18:46:05+00:00,734,269,207,25.0,48.5,0
2026-09-25T18:51:17+00:00,730,330,1625,32.0,48.0,0
2026-09-25T18:51:17+00:00,731,511,588,35.0,65.0,0
2026-09-25T18:51:17+00:00,732,285,373,70.0,115.0,0
2026-09-25T18:51:17+00:00,733,177,278,124.0,168.0,0
2026-09-25T18:51:17+00:00,734,269,207,25.0,48.5,0
2026-09-25T18:56:27+00:00,730,335,1628,34.0,48.0,0
2026-09-25T18:56:27+00:00,731,512,588,35.0,65.0,0
2026-09-25T18:56:27+00:00,732,285,374,69.99,115.0,0
2026-09-25T18:56:27+00:00,733,176,279,125.0,168.0,0
2026-09-25T18:56:27+00:00,734,269,207,25.0,48.5,0
2026-09-25T19:01:38+00:00,730,334,1629,33.0,48.0,0
2026-09-25T19:01:38+00:00,731,512,588,35.0,65.0,0
2026-09-25T19:01:38+00:00,732,285,374,69.99,115.0,0
2026-09-25T19:01:38+00:00,733,176,279,125.0,168.0,0
2026-09-25T19:01:38+00:00,734,269,207,25.0,48.5,0
2026-09-25T19:06:49+00:00,730,334,1630,34.75,48.0,0
2026-09-25T19:06:49+00:00,731,512,588,37.0,65.0,0
2026-09-25T19:06:49+00:00,732,285,374,69.99,115.0,0
2026-09-25T19:06:49+00:00,733,175,279,125.0,168.0,0
2026-09-25T19:06:49+00:00,734,269,207,25.0,48.5,0
2026-09-25T19:11:59+00:00,730,335,1630,33.0,48.0,0
2026-09-25T19:11:59+00:00,731,512,588,37.0,65.0,0
2026-09-25T19:11:59+00:00,732,285,374,69.99,115.0,0
2026-09-25T19:11:59+00:00,733,175,279,125.0,168.0,0
2026-09-25T19:11:59+00:00,734,269,207,25.0,48.5,0
2026-09-25T19:17:28+00:00,730,334,1634,34.0,48.0,0
2026-09-25T19:17:28+00:00,731,513,588,34.5,65.0,0
2026-09-25T19:17:28+00:00,732,285,374,69.99,115.0,0
2026-09-25T19:17:28+00:00,733,175,279,125.0,168.0,0
2026-09-25T19:17:28+00:00,734,269,207,25.0,48.5,0
2026-09-25T19:22:37+00:00,730,332,1638,34.75,48.0,0
2026-09-25T19:22:37+00:00,731,514,588,34.5,65.0,0
2026-09-25T19:22:37+00:00,732,285,374,69.99,115.0,0
2026-09-25T19:22:37+00:00,733,175,279,125.0,168.0,0
2026-09-25T19:22:37+00:00,734,269,207,25.0,48.5,0
2026-09-25T19:27:47+00:00,730,327,1640,35.0,48.0,0
2026-09-25T19:27:47+00:00,731,514,588,34.5,65.0,0
2026-09-25T19:27:47+00:00,732,285,374,69.99,115.0,0
2026-09-25T19:27:47+00:00,733,175,279,125.0,168.0,0
2026-09-25T19:27:47+00:00,734,269,207,25.0,48.5,0
2026-09-25T19:32:59+00:00,730,326,1644,35.49,48.0,0
2026-09-25T19:32:59+00:00,731,514,588,34.5,65.0,0
2026-09-25T19:32:59+00:00,732,285,374,69.99,115.0,0
2026-09-25T19:32:59+00:00,733,175,279,125.0,168.0,0
2026-09-25T19:32:59+00:00,734,269,207,25.0,48.5,0
2026-09-25T19:38:10+00:00,730,329,1647,34.99,48.0,0
2026-09-25T19:38:10+00:00,731,514,588,34.5,65.0,0
2026-09-25T19:38:10+00:00,732,285,374,69.99,115.0,0
2026-09-25T19:38:10+00:00,733,175,279,125.0,168.0,0
2026-09-25T19:38:10+00:00,734,269,207,25.0,48.5,0
2026-09-25T19:43:22+00:00,730,327,1648,34.99,48.0,0
2026-09-25T19:43:22+00:00,731,514,588,34.5,65.0,0
2026-09-25T19:43:22+00:00,732,285,374,69.99,115.0,0
2026-09-25T19:43:22+00:00,733,175,279,125.0,168.0,0
2026-09-25T19:43:22+00:00,734,269,207,25.0,48.5,0
2026-09-25T19:48:34+00:00,730,327,1652,34.97,48.0,0
2026-09-25T19:48:34+00:00,731,514,588,34.5,65.0,0
2026-09-25T19:48:34+00:00,732,284,376,69.99,115.0,0
2026-09-25T19:48:34+00:00,733,175,279,125.0,168.0,0
2026-09-25T19:48:34+00:00,734,269,207,25.0,48.5,0
2026-09-25T19:53:46+00:00,730,328,1654,34.97,48.0,0
2026-09-25T19:53:46+00:00,731,514,588,34.5,65.0,0
2026-09-25T19:53:46+00:00,732,285,376,69.99,115.0,0
2026-09-25T19:53:46+00:00,733,174,279,125.0,168.0,0
2026-09-25T19:53:46+00:00,734,269,207,25.0,48.5,0
2026-09-25T19:58:54+00:00,730,325,1656,35.0,48.0,0
2026-09-25T19:58:54+00:00,731,513,588,30.0,65.0,0
2026-09-25T19:58:54+00:00,732,285,376,69.99,115.0,0
2026-09-25T19:58:54+00:00,733,174,279,125.0,168.0,0
2026-09-25T19:58:54+00:00,734,269,207,25.0,48.5,0
2026-09-25T20:04:04+00:00,730,328,1657,34.0,48.0,0
2026-09-25T20:04:04+00:00,731,514,588,30.0,65.0,0
2026-09-25T20:04:04+00:00,732,285,376,69.99,115.0,0
2026-09-25T20:04:04+00:00,733,175,279,125.0,168.0,0
2026-09-25T20:04:04+00:00,734,269,207,25.0,48.5,0
2026-09-25T20:09:15+00:00,730,331,1657,34.0,48.0,0
2026-09-25T20:09:15+00:00,731,513,589,34.5,65.0,0
2026-09-25T20:09:15+00:00,732,285,376,69.99,115.0,0
2026-09-25T20:09:15+00:00,733,173,280,129.0,168.0,0
2026-09-25T20:09:15+00:00,734,269,207,25.0,48.5,0
2026-09-25T20:14:27+00:00,730,328,1663,34.97,47.0,0
2026-09-25T20:14:27+00:00,731,513,589,34.5,65.0,0
2026-09-25T20:14:27+00:00,732,284,376,69.99,115.0,0
2026-09-25T20:14:27+00:00,733,173,282,129.0,168.0,0
2026-09-25T20:14:27+00:00,734,269,207,25.0,48.5,0
2026-09-25T20:19:38+00:00,730,324,1668,34.99,47.0,0
2026-09-25T20:19:38+00:00,731,513,589,34.5,65.0,0
2026-09-25T20:19:38+00:00,732,284,376,69.99,115.0,0
2026-09-25T20:19:38+00:00,733,173,282,129.0,168.0,0
2026-09-25T20:19:38+00:00,734,269,207,25.0,48.5,0
2026-09-25T20:24:49+00:00,730,319,1670,36.0,47.0,0
2026-09-25T20:24:49+00:00,731,513,589,34.5,65.0,0
2026-09-25T20:24:49+00:00,732,284,376,69.99,115.0,0
2026-09-25T20:24:49+00:00,733,173,282,129.0,168.0,0
2026-09-25T20:24:49+00:00,734,269,207,25.0,48.5,0
2026-09-25T20:29:59+00:00,730,323,1673,34.0,47.0,0
2026-09-25T20:29:59+00:00,731,513,589,34.5,65.0,0
2026-09-25T20:29:59+00:00,732,284,376,69.99,115.0,0
2026-09-25T20:29:59+00:00,733,173,282,129.0,168.0,0
2026-09-25T20:29:59+00:00,734,269,207,25.0,48.5,0
2026-09-25T20:35:13+00:00,730,327,1675,33.0,47.0,0
2026-09-25T20:35:13+00:00,731,513,589,34.5,65.0,0
2026-09-25T20:35:13+00:00,732,284,376,69.99,115.0,0
2026-09-25T20:35:13+00:00,733,173,282,129.0,168.0,0
2026-09-25T20:35:13+00:00,734,269,207,25.0,48.5,0
2026-09-25T20:40:24+00:00,730,325,1678,33.0,47.0,0
2026-09-25T20:40:24+00:00,731,513,589,34.5,65.0,0
2026-09-25T20:40:24+00:00,732,284,376,69.99,115.0,0
2026-09-25T20:40:24+00:00,733,173,282,129.0,168.0,0
2026-09-25T20:40:24+00:00,734,269,207,25.0,48.5,0
2026-09-25T20:45:36+00:00,730,324,1681,35.0,47.0,0
2026-09-25T20:45:36+00:00,731,512,589,35.0,65.0,0
2026-09-25T20:45:36+00:00,732,283,377,69.99,115.0,0
2026-09-25T20:45:36+00:00,733,173,282,129.0,168.0,0
2026-09-25T20:45:36+00:00,734,269,207,25.0,48.5,0
2026-09-25T20:50:46+00:00,730,322,1684,35.0,47.0,0
2026-09-25T20:50:46+00:00,731,511,589,35.0,65.0,0
2026-09-25T20:50:46+00:00,732,283,377,69.99,115.0,0
2026-09-25T20:50:46+00:00,733,173,282,129.0,168.0,0
2026-09-25T20:50:46+00:00,734,269,207,25.0,48.5,0
2026-09-25T20:55:55+00:00,730,319,1687,35.0,47.0,0
2026-09-25T20:55:55+00:00,731,513,589,34.5,65.0,0
2026-09-25T20:55:55+00:00,732,283,377,69.99,115.0,0
2026-09-25T20:55:55+00:00,733,173,282,129.0,168.0,0
2026-09-25T20:55:55+00:00,734,269,207,25.0,48.5,0
2026-09-25T21:01:06+00:00,730,320,1688,36.0,47.0,0
2026-09-25T21:01:06+00:00,731,514,589,34.5,65.0,0
2026-09-25T21:01:06+00:00,732,283,377,69.99,115.0,0
2026-09-25T21:01:06+00:00,733,173,282,129.0,168.0,0
2026-09-25T21:01:06+00:00,734,269,207,25.0,48.5,0
2026-09-25T21:06:19+00:00,730,318,1695,35.0,47.0,0
2026-09-25T21:06:19+00:00,731,514,589,34.5,65.0,0
2026-09-25T21:06:19+00:00,732,283,377,69.99,115.0,0
2026-09-25T21:06:19+00:00,733,173,282,129.0,168.0,0
2026-09-25T21:06:19+00:00,734,269,207,25.0,48.5,0
2026-09-25T21:11:32+00:00,730,319,1696,34.99,47.0,0
2026-09-25T21:11:32+00:00,731,514,589,34.5,65.0,0
2026-09-25T21:11:32+00:00,732,283,377,69.99,115.0,0
2026-09-25T21:11:32+00:00,733,173,282,129.0,168.0,0
2026-09-25T21:11:32+00:00,734,269,207,25.0,48.5,0
2026-09-25T21:16:47+00:00,730,314,1701,35.0,47.0,0
2026-09-25T21:16:47+00:00,731,515,589,34.5,65.0,0
2026-09-25T21:16:47+00:00,732,284,377,69.99,115.0,0
2026-09-25T21:16:47+00:00,733,173,282,129.0,168.0,0
2026-09-25T21:16:47+00:00,734,268,208,29.99,48.3,0
2026-09-25T21:21:58+00:00,730,315,1704,38.0,47.0,0
2026-09-25T21:21:58+00:00,731,515,589,34.5,65.0,0
2026-09-25T21:21:58+00:00,732,284,377,69.99,115.0,0
2026-09-25T21:21:58+00:00,733,174,282,129.0,168.0,0
2026-09-25T21:21:58+00:00,734,268,208,29.99,48.3,0
2026-09-25T21:27:09+00:00,730,318,1707,37.0,47.0,0
2026-09-25T21:27:09+00:00,731,515,589,34.5,65.0,0
2026-09-25T21:27:09+00:00,732,284,377,69.99,115.0,0
2026-09-25T21:27:09+00:00,733,174,282,129.0,168.0,0
2026-09-25T21:27:09+00:00,734,268,208,29.99,48.3,0
2026-09-25T21:32:20+00:00,730,316,1712,38.0,47.0,0
2026-09-25T21:32:20+00:00,731,515,589,34.5,65.0,0
2026-09-25T21:32:20+00:00,732,284,377,69.99,115.0,0
2026-09-25T21:32:20+00:00,733,174,282,129.0,168.0,0
2026-09-25T21:32:20+00:00,734,268,208,29.99,48.3,0
2026-09-25T21:37:34+00:00,730,314,1713,38.0,47.0,0
2026-09-25T21:37:34+00:00,731,515,589,34.5,65.0,0
2026-09-25T21:37:34+00:00,732,284,377,69.99,115.0,0
2026-09-25T21:37:34+00:00,733,174,282,129.0,168.0,0
2026-09-25T21:37:34+00:00,734,268,208,29.99,48.3,0
2026-09-25T21:42:47+00:00,730,315,1715,37.5,47.0,0
2026-09-25T21:42:47+00:00,731,515,589,34.5,65.0,0
2026-09-25T21:42:47+00:00,732,284,377,69.99,115.0,0
2026-09-25T21:42:47+00:00,733,174,282,129.0,168.0,0
2026-09-25T21:42:47+00:00,734,268,208,29.99,48.3,0
2026-09-25T21:47:57+00:00,730,315,1717,37.0,47.0,0
2026-09-25T21:47:57+00:00,731,515,589,34.5,65.0,0
2026-09-25T21:47:57+00:00,732,284,377,69.99,115.0,0
2026-09-25T21:47:57+00:00,733,175,282,120.0,168.0,0
2026-09-25T21:47:57+00:00,734,268,208,29.99,48.3,0
2026-09-25T21:53:11+00:00,730,315,1717,38.0,47.0,0
2026-09-25T21:53:11+00:00,731,516,589,34.5,65.0,0
2026-09-25T21:53:11+00:00,732,284,377,69.99,115.0,0
2026-09-25T21:53:11+00:00,733,175,282,120.0,168.0,0
2026-09-25T21:53:11+00:00,734,268,208,29.99,48.3,0
2026-09-25T21:58:23+00:00,730,315,1718,37.0,47.0,0
2026-09-25T21:58:23+00:00,731,516,589,34.5,65.0,0
2026-09-25T21:58:23+00:00,732,285,377,69.99,115.0,0
2026-09-25T21:58:23+00:00,733,176,282,120.0,168.0,0
2026-09-25T21:58:23+00:00,734,268,208,29.99,48.3,0
2026-09-25T22:03:32+00:00,730,316,1722,37.98,47.0,0
2026-09-25T22:03:32+00:00,731,516,589,34.5,65.0,0
2026-09-25T22:03:32+00:00,732,285,377,69.99,115.0,0
2026-09-25T22:03:32+00:00,733,176,282,120.0,168.0,0
2026-09-25T22:03:32+00:00,734,269,208,29.99,48.3,0
2026-09-25T22:08:41+00:00,730,319,1723,37.5,47.0,0
2026-09-25T22:08:41+00:00,731,516,589,34.5,65.0,0
2026-09-25T22:08:41+00:00,732,285,377,69.99,115.0,0
2026-09-25T22:08:41+00:00,733,176,282,120.0,168.0,0
2026-09-25T22:08:41+00:00,734,269,208,29.99,48.3,0
2026-09-25T22:14:12+00:00,730,323,1725,35.0,47.0,0
2026-09-25T22:14:12+00:00,731,516,589,34.5,65.0,0
2026-09-25T22:14:12+00:00,732,285,377,69.99,115.0,0
2026-09-25T22:14:12+00:00,733,176,282,120.0,168.0,0
2026-09-25T22:14:12+00:00,734,269,208,29.99,48.3,0
2026-09-25T22:19:23+00:00,730,322,1728,34.0,47.0,0
2026-09-25T22:19:23+00:00,731,516,589,34.5,65.0,0
2026-09-25T22:19:23+00:00,732,285,377,69.99,115.0,0
2026-09-25T22:19:23+00:00,733,176,282,120.0,168.0,0
2026-09-25T22:19:23+00:00,734,269,208,29.99,48.3,0
2026-09-25T22:24:33+00:00,730,322,1734,33.33,46.94,0
2026-09-25T22:24:33+00:00,731,516,589,34.5,65.0,0
2026-09-25T22:24:33+00:00,732,285,377,69.99,115.0,0
2026-09-25T22:24:33+00:00,733,176,282,120.0,168.0,0
2026-09-25T22:24:33+00:00,734,269,208,29.99,48.3,0
2026-09-25T22:29:43+00:00,730,320,1741,35.0,46.5,0
2026-09-25T22:29:43+00:00,731,516,589,34.5,65.0,0
2026-09-25T22:29:43+00:00,732,285,377,69.99,115.0,0
2026-09-25T22:29:43+00:00,733,176,282,120.0,168.0,0
2026-09-25T22:29:43+00:00,734,269,208,29.99,48.3,0
2026-09-25T22:34:55+00:00,730,318,1744,37.96,46.0,0
2026-09-25T22:34:55+00:00,731,516,590,34.5,65.0,0
2026-09-25T22:34:55+00:00,732,285,377,69.99,115.0,0
2026-09-25T22:34:55+00:00,733,176,282,120.0,168.0,0
2026-09-25T22:34:55+00:00,734,269,208,29.99,48.3,0
2026-09-25T22:40:08+00:00,730,318,1747,36.0,46.0,0
2026-09-25T22:40:08+00:00,731,516,590,34.5,65.0,0
2026-09-25T22:40:08+00:00,732,285,377,69.99,115.0,0
2026-09-25T22:40:08+00:00,733,175,282,120.0,168.0,0
2026-09-25T22:40:08+00:00,734,269,208,29.99,48.3,0
2026-09-25T22:45:19+00:00,730,311,1754,40.0,46.0,0
2026-09-25T22:45:19+00:00,731,516,590,34.5,65.0,0
2026-09-25T22:45:19+00:00,732,285,377,69.99,115.0,0
2026-09-25T22:45:19+00:00,733,175,282,120.0,168.0,0
2026-09-25T22:45:19+00:00,734,269,208,29.99,48.3,0
2026-09-25T22:50:27+00:00,730,306,1763,39.99,46.0,0
2026-09-25T22:50:27+00:00,731,516,590,34.5,65.0,0
2026-09-25T22:50:27+00:00,732,285,377,69.99,115.0,0
2026-09-25T22:50:27+00:00,733,174,282,129.0,168.0,0
2026-09-25T22:50:27+00:00,734,269,208,29.99,48.3,0
2026-09-25T22:55:37+00:00,730,303,1769,38.0,46.0,0
2026-09-25T22:55:37+00:00,731,516,590,34.5,65.0,0
2026-09-25T22:55:37+00:00,732,285,377,69.98,115.0,0
2026-09-25T22:55:37+00:00,733,173,282,130.0,168.0,0
2026-09-25T22:55:37+00:00,734,269,208,29.99,48.3,0
2026-09-25T23:00:46+00:00,730,302,1770,40.0,46.0,0
2026-09-25T23:00:46+00:00,731,516,590,34.5,65.0,0
2026-09-25T23:00:46+00:00,732,284,378,69.99,115.0,0
2026-09-25T23:00:46+00:00,733,174,283,120.0,168.0,0
2026-09-25T23:00:46+00:00,734,269,208,29.99,48.3,0
2026-09-25T23:06:31+00:00,730,304,1773,38.0,46.0,0
2026-09-25T23:06:31+00:00,731,516,590,34.5,65.0,0
2026-09-25T23:06:31+00:00,732,283,379,72.0,115.0,0
2026-09-25T23:06:31+00:00,733,174,283,120.0,168.0,0
2026-09-25T23:06:31+00:00,734,269,208,29.99,48.3,0
2026-09-25T23:11:41+00:00,730,303,1775,36.0,46.0,0
2026-09-25T23:11:41+00:00,731,516,590,34.5,65.0,0
2026-09-25T23:11:41+00:00,732,283,379,72.0,115.0,0
2026-09-25T23:11:41+00:00,733,173,283,130.0,168.0,0
2026-09-25T23:11:41+00:00,734,269,208,29.99,48.3,0
2026-09-25T23:16:49+00:00,730,302,1777,38.0,45.99,0
2026-09-25T23:16:49+00:00,731,516,590,34.5,65.0,0
2026-09-25T23:16:49+00:00,732,283,379,72.0,115.0,0
2026-09-25T23:16:49+00:00,733,173,283,130.0,168.0,0
2026-09-25T23:16:49+00:00,734,269,208,29.99,48.3,0
2026-09-25T23:22:00+00:00,730,296,1781,39.99,45.99,0
2026-09-25T23:22:00+00:00,731,517,590,34.5,65.0,0
2026-09-25T23:22:00+00:00,732,283,379,72.0,115.0,0
2026-09-25T23:22:00+00:00,733,174,283,120.0,168.0,0
2026-09-25T23:22:00+00:00,734,269,208,29.99,48.3,0
2026-09-25T23:27:13+00:00,730,296,1781,37.99,45.99,0
2026-09-25T23:27:13+00:00,731,518,590,34.5,65.0,0
2026-09-25T23:27:13+00:00,732,283,379,72.0,115.0,0
2026-09-25T23:27:13+00:00,733,174,283,120.0,168.0,0
2026-09-25T23:27:13+00:00,734,269,208,29.99,48.3,0
2026-09-25T23:32:25+00:00,730,292,1787,39.99,45.5,0
2026-09-25T23:32:25+00:00,731,518,590,34.5,65.0,0
2026-09-25T23:32:25+00:00,732,283,379,72.0,115.0,0
2026-09-25T23:32:25+00:00,733,174,283,120.0,168.0,0
2026-09-25T23:32:25+00:00,734,269,208,29.99,48.3,0
2026-09-25T23:37:34+00:00,730,288,1791,40.0,45.5,0
2026-09-25T23:37:34+00:00,731,518,590,34.5,65.0,0
2026-09-25T23:37:34+00:00,732,283,379,72.0,115.0,0
2026-09-25T23:37:34+00:00,733,174,283,120.0,168.0,0
2026-09-25T23:37:34+00:00,734,269,208,29.99,48.3,0
2026-09-25T23:42:43+00:00,730,290,1797,39.5,45.0,0
2026-09-25T23:42:43+00:00,731,518,590,34.5,65.0,0
2026-09-25T23:42:43+00:00,732,283,379,72.0,115.0,0
2026-09-25T23:42:43+00:00,733,174,283,120.0,168.0,0
2026-09-25T23:42:43+00:00,734,269,208,29.99,48.3,0
2026-09-25T23:47:54+00:00,730,290,1800,39.99,45.0,0
2026-09-25T23:47:54+00:00,731,519,590,34.5,65.0,0
2026-09-25T23:47:54+00:00,732,283,379,72.0,115.0,0
2026-09-25T23:47:54+00:00,733,174,283,120.0,168.0,0
2026-09-25T23:47:54+00:00,734,269,208,29.99,48.3,0
2026-09-25T23:53:04+00:00,730,294,1801,39.98,45.0,0
2026-09-25T23:53:04+00:00,731,519,590,34.5,65.0,0
2026-09-25T23:53:04+00:00,732,283,379,72.0,115.0,0
2026-09-25T23:53:04+00:00,733,174,283,120.0,168.0,0
2026-09-25T23:53:04+00:00,734,269,208,29.99,48.3,0
2026-09-25T23:58:14+00:00,730,294,1804,37.99,45.0,0
2026-09-25T23:58:14+00:00,731,518,590,35.0,65.0,0
2026-09-25T23:58:14+00:00,732,283,379,72.0,115.0,0
2026-09-25T23:58:14+00:00,733,174,283,120.0,168.0,0
2026-09-25T23:58:14+00:00,734,269,208,29.99,48.3,0
2026-09-26T00:03:22+00:00,730,291,1807,40.0,45.0,0
2026-09-26T00:03:22+00:00,731,519,590,34.5,65.0,0
2026-09-26T00:03:22+00:00,732,283,379,72.0,115.0,0
2026-09-26T00:03:22+00:00,733,174,283,120.0,168.0,0
2026-09-26T00:03:22+00:00,734,269,208,29.99,48.3,0
2026-09-26T00:08:32+00:00,730,290,1809,40.0,45.0,0
2026-09-26T00:08:32+00:00,731,519,590,34.5,65.0,0
2026-09-26T00:08:32+00:00,732,283,379,72.0,115.0,0
2026-09-26T00:08:32+00:00,733,174,283,120.0,168.0,0
2026-09-26T00:08:32+00:00,734,269,208,29.99,48.3,0
2026-09-26T00:13:43+00:00,730,291,1813,38.0,45.0,0
2026-09-26T00:13:43+00:00,731,519,590,34.5,65.0,0
2026-09-26T00:13:43+00:00,732,283,379,72.0,115.0,0
2026-09-26T00:13:43+00:00,733,174,283,120.0,168.0,0
2026-09-26T00:13:43+00:00,734,268,208,30.0,48.3,0
2026-09-26T00:18:52+00:00,730,293,1815,39.0,45.0,0
2026-09-26T00:18:52+00:00,731,518,591,34.5,65.0,0
2026-09-26T00:18:52+00:00,732,283,379,72.0,115.0,0
2026-09-26T00:18:52+00:00,733,174,283,120.0,168.0,0
2026-09-26T00:18:52+00:00,734,269,208,29.99,48.3,0
2026-09-26T00:24:03+00:00,730,289,1818,40.0,45.0,0
2026-09-26T00:24:03+00:00,731,517,591,34.5,65.0,0
2026-09-26T00:24:03+00:00,732,283,379,71.99,115.0,0
2026-09-26T00:24:03+00:00,733,175,283,120.0,168.0,0
2026-09-26T00:24:03+00:00,734,269,208,29.99,48.3,0
2026-09-26T00:29:12+00:00,730,285,1825,37.99,45.0,0
2026-09-26T00:29:12+00:00,731,517,592,34.5,65.0,0
2026-09-26T00:29:12+00:00,732,283,379,71.99,115.0,0
2026-09-26T00:29:12+00:00,733,175,283,120.0,168.0,0
2026-09-26T00:29:12+00:00,734,269,208,29.99,48.3,0
2026-09-26T00:34:22+00:00,730,278,1832,40.0,45.0,0
2026-09-26T00:34:22+00:00,731,517,592,34.5,65.0,0
2026-09-26T00:34:22+00:00,732,283,379,71.99,115.0,0
2026-09-26T00:34:22+00:00,733,175,283,120.0,168.0,0
2026-09-26T00:34:22+00:00,734,269,208,29.99,48.3,0
2026-09-26T00:39:33+00:00,730,278,1836,39.67,45.0,0
2026-09-26T00:39:33+00:00,731,516,592,34.5,65.0,0
2026-09-26T00:39:33+00:00,732,283,379,71.99,115.0,0
2026-09-26T00:39:33+00:00,733,175,283,120.0,168.0,0
2026-09-26T00:39:33+00:00,734,269,208,29.99,48.3,0
2026-09-26T00:44:44+00:00,730,273,1844,39.98,45.0,0
2026-09-26T00:44:44+00:00,731,517,592,34.5,65.0,0
2026-09-26T00:44:44+00:00,732,283,379,71.99,115.0,0
2026-09-26T00:44:44+00:00,733,174,284,130.0,168.0,0
2026-09-26T00:44:44+00:00,734,268,209,29.99,48.1,0
2026-09-26T00:49:55+00:00,730,274,1848,38.0,45.0,0
2026-09-26T00:49:55+00:00,731,517,592,34.5,65.0,0
2026-09-26T00:49:55+00:00,732,283,379,71.99,115.0,0
2026-09-26T00:49:55+00:00,733,174,284,130.0,168.0,0
2026-09-26T00:49:55+00:00,734,268,209,29.99,48.1,0
2026-09-26T00:55:06+00:00,730,277,1852,39.0,45.0,0
2026-09-26T00:55:06+00:00,731,517,592,34.5,65.0,0
2026-09-26T00:55:06+00:00,732,283,379,71.99,115.0,0
2026-09-26T00:55:06+00:00,733,174,284,130.0,168.0,0
2026-09-26T00:55:06+00:00,734,268,209,29.99,48.1,0
2026-09-26T01:00:15+00:00,730,274,1856,39.99,45.0,0
2026-09-26T01:00:15+00:00,731,517,592,34.5,65.0,0
2026-09-26T01:00:15+00:00,732,283,379,71.99,115.0,0
2026-09-26T01:00:15+00:00,733,173,285,130.0,168.0,0
2026-09-26T01:00:15+00:00,734,268,209,29.99,48.1,0
2026-09-26T01:05:25+00:00,730,273,1862,39.0,45.0,0
2026-09-26T01:05:25+00:00,731,517,592,34.5,65.0,0
2026-09-26T01:05:25+00:00,732,283,379,71.99,115.0,0
2026-09-26T01:05:25+00:00,733,173,285,130.0,168.0,0
2026-09-26T01:05:25+00:00,734,268,209,29.99,48.1,0
2026-09-26T01:10:39+00:00,730,270,1865,38.0,45.0,0
2026-09-26T01:10:39+00:00,731,518,592,34.5,65.0,0
2026-09-26T01:10:39+00:00,732,283,379,71.99,115.0,0
2026-09-26T01:10:39+00:00,733,173,285,130.0,168.0,0
2026-09-26T01:10:39+00:00,734,268,209,29.99,48.1,0
2026-09-26T01:15:52+00:00,730,267,1870,35.0,45.0,0
2026-09-26T01:15:52+00:00,731,518,592,34.5,65.0,0
2026-09-26T01:15:52+00:00,732,283,379,71.99,115.0,0
2026-09-26T01:15:52+00:00,733,173,285,130.0,168.0,0
2026-09-26T01:15:52+00:00,734,268,209,29.99,48.1,0
2026-09-26T01:21:04+00:00,730,262,1876,40.0,45.0,0
2026-09-26T01:21:04+00:00,731,518,592,34.5,65.0,0
2026-09-26T01:21:04+00:00,732,284,379,71.99,115.0,0
2026-09-26T01:21:04+00:00,733,173,285,130.0,168.0,0
2026-09-26T01:21:04+00:00,734,268,209,29.99,48.1,0
2026-09-26T01:26:15+00:00,730,258,1884,42.0,45.0,0
2026-09-26T01:26:15+00:00,731,519,592,34.5,65.0,0
2026-09-26T01:26:15+00:00,732,284,379,71.99,115.0,0
2026-09-26T01:26:15+00:00,733,173,285,130.0,168.0,0
2026-09-26T01:26:15+00:00,734,268,209,29.99,48.1,0
2026-09-26T01:31:25+00:00,730,258,1887,38.99,45.0,0
2026-09-26T01:31:25+00:00,731,519,592,34.5,65.0,0
2026-09-26T01:31:25+00:00,732,284,379,71.99,115.0,0
2026-09-26T01:31:25+00:00,733,173,285,130.0,168.0,0
2026-09-26T01:31:25+00:00,734,268,209,29.99,48.1,0
2026-09-26T01:36:34+00:00,730,258,1889,35.0,45.0,0
2026-09-26T01:36:34+00:00,731,519,592,34.5,65.0,0
2026-09-26T01:36:34+00:00,732,284,379,71.99,115.0,0
2026-09-26T01:36:34+00:00,733,173,285,130.0,168.0,0
2026-09-26T01:36:34+00:00,734,268,209,29.99,48.1,0
2026-09-26T01:41:45+00:00,730,258,1893,35.0,45.0,0
2026-09-26T01:41:45+00:00,731,519,592,34.5,65.0,0
2026-09-26T01:41:45+00:00,732,284,379,71.99,115.0,0
2026-09-26T01:41:45+00:00,733,173,285,130.0,168.0,0
2026-09-26T01:41:45+00:00,734,268,209,29.99,48.1,0
2026-09-26T01:46:56+00:00,730,253,1896,40.0,45.0,0
2026-09-26T01:46:56+00:00,731,519,592,34.5,65.0,0
2026-09-26T01:46:56+00:00,732,284,379,71.99,115.0,0
2026-09-26T01:46:56+00:00,733,173,285,130.0,168.0,0
2026-09-26T01:46:56+00:00,734,268,209,29.99,48.1,0
2026-09-26T01:52:07+00:00,730,248,1902,41.0,45.0,0
2026-09-26T01:52:07+00:00,731,519,592,34.5,65.0,0
2026-09-26T01:52:07+00:00,732,284,379,71.99,115.0,0
2026-09-26T01:52:07+00:00,733,173,285,127.0,168.0,0
2026-09-26T01:52:07+00:00,734,268,209,29.99,48.1,0
2026-09-26T01:57:17+00:00,730,251,1904,37.99,45.0,0
2026-09-26T01:57:17+00:00,731,517,593,34.5,65.0,0
2026-09-26T01:57:17+00:00,732,284,379,71.99,115.0,0
2026-09-26T01:57:17+00:00,733,173,285,127.0,168.0,0
2026-09-26T01:57:17+00:00,734,268,209,29.99,48.1,0
2026-09-26T02:03:01+00:00,730,248,1908,37.99,45.0,0
2026-09-26T02:03:01+00:00,731,517,594,34.5,65.0,0
2026-09-26T02:03:01+00:00,732,284,379,71.99,115.0,0
2026-09-26T02:03:01+00:00,733,173,285,127.0,168.0,0
2026-09-26T02:03:01+00:00,734,268,209,29.99,48.1,0
2026-09-26T02:08:09+00:00,730,248,1911,41.0,45.0,0
2026-09-26T02:08:09+00:00,731,517,594,34.5,65.0,0
2026-09-26T02:08:09+00:00,732,284,379,71.99,115.0,0
2026-09-26T02:08:09+00:00,733,173,285,127.0,168.0,0
2026-09-26T02:08:09+00:00,734,268,209,29.99,48.1,0
2026-09-26T02:13:18+00:00,730,251,1914,35.0,45.0,0
2026-09-26T02:13:18+00:00,731,517,594,34.5,65.0,0
2026-09-26T02:13:18+00:00,732,284,379,71.99,115.0,0
2026-09-26T02:13:18+00:00,733,172,285,127.0,168.0,0
2026-09-26T02:13:18+00:00,734,268,209,29.99,48.1,0
2026-09-26T02:18:31+00:00,730,249,1917,40.0,45.0,0
2026-09-26T02:18:31+00:00,731,516,594,35.0,65.0,0
2026-09-26T02:18:31+00:00,732,284,379,71.99,115.0,0
2026-09-26T02:18:31+00:00,733,173,285,127.0,168.0,0
2026-09-26T02:18:31+00:00,734,269,209,29.99,48.1,0
2026-09-26T02:23:39+00:00,730,248,1922,39.98,45.0,0
2026-09-26T02:23:39+00:00,731,515,595,35.0,65.0,0
2026-09-26T02:23:39+00:00,732,284,379,71.99,115.0,0
2026-09-26T02:23:39+00:00,733,173,285,127.0,168.0,0
2026-09-26T02:23:39+00:00,734,269,209,29.99,48.1,0
2026-09-26T02:28:47+00:00,730,251,1923,39.97,45.0,0
2026-09-26T02:28:47+00:00,731,516,595,35.0,65.0,0
2026-09-26T02:28:47+00:00,732,284,379,71.99,115.0,0
2026-09-26T02:28:47+00:00,733,173,285,127.0,168.0,0
2026-09-26T02:28:47+00:00,734,269,209,29.99,48.1,0
2026-09-26T02:33:56+00:00,730,251,1925,39.95,45.0,0
2026-09-26T02:33:56+00:00,731,515,596,35.0,65.0,0
2026-09-26T02:33:56+00:00,732,284,379,71.99,115.0,0
2026-09-26T02:33:56+00:00,733,173,285,127.0,168.0,0
2026-09-26T02:33:56+00:00,734,269,209,29.99,48.1,0
2026-09-26T02:39:08+00:00,730,248,1927,39.95,45.0,0
2026-09-26T02:39:08+00:00,731,515,596,35.0,65.0,0
2026-09-26T02:39:08+00:00,732,284,379,71.99,115.0,0
2026-09-26T02:39:08+00:00,733,173,285,127.0,168.0,0
2026-09-26T02:39:08+00:00,734,269,209,29.99,48.1,0
2026-09-26T02:44:21+00:00,730,248,1931,38.0,45.0,0
2026-09-26T02:44:21+00:00,731,515,596,35.0,65.0,0
2026-09-26T02:44:21+00:00,732,284,379,71.99,115.0,0
2026-09-26T02:44:21+00:00,733,172,286,127.0,168.0,0
2026-09-26T02:44:21+00:00,734,269,209,29.99,48.1,0
2026-09-26T02:49:31+00:00,730,246,1933,35.0,45.0,0
2026-09-26T02:49:31+00:00,731,515,596,36.0,65.0,0
2026-09-26T02:49:31+00:00,732,284,379,71.99,115.0,0
2026-09-26T02:49:31+00:00,733,172,286,127.0,168.0,0
2026-09-26T02:49:31+00:00,734,269,209,29.99,48.1,0
2026-09-26T02:54:42+00:00,730,246,1938,35.0,45.0,0
2026-09-26T02:54:42+00:00,731,515,597,36.0,65.0,0
2026-09-26T02:54:42+00:00,732,284,379,71.99,115.0,0
2026-09-26T02:54:42+00:00,733,172,286,127.0,168.0,0
2026-09-26T02:54:42+00:00,734,269,209,29.99,48.1,0
2026-09-26T02:59:54+00:00,730,242,1943,33.0,45.0,0
2026-09-26T02:59:54+00:00,731,515,597,36.0,65.0,0
2026-09-26T02:59:54+00:00,732,284,379,71.99,115.0,0
2026-09-26T02:59:54+00:00,733,172,286,127.0,168.0,0
2026-09-26T02:59:54+00:00,734,269,209,29.99,48.1,0
2026-09-26T03:05:04+00:00,730,241,1952,41.99,45.0,0
2026-09-26T03:05:04+00:00,731,515,597,36.0,65.0,0
2026-09-26T03:05:04+00:00,732,284,379,71.99,115.0,0
2026-09-26T03:05:04+00:00,733,172,286,130.0,168.0,0
2026-09-26T03:05:04+00:00,734,269,209,29.99,48.1,0
2026-09-26T03:10:14+00:00,730,240,1953,41.99,45.0,0
2026-09-26T03:10:14+00:00,731,517,597,36.0,65.0,0
2026-09-26T03:10:14+00:00,732,284,379,71.99,115.0,0
2026-09-26T03:10:14+00:00,733,172,286,130.0,168.0,0
2026-09-26T03:10:14+00:00,734,269,209,29.99,48.1,0
2026-09-26T03:15:27+00:00,730,239,1959,41.99,45.0,0
2026-09-26T03:15:27+00:00,731,517,597,36.0,65.0,0
2026-09-26T03:15:27+00:00,732,284,379,71.99,115.0,0
2026-09-26T03:15:27+00:00,733,173,286,130.0,168.0,0
2026-09-26T03:15:27+00:00,734,269,209,29.99,48.1,0
2026-09-26T03:20:36+00:00,730,239,1963,41.99,45.0,0
2026-09-26T03:20:36+00:00,731,517,597,36.0,65.0,0
2026-09-26T03:20:36+00:00,732,284,379,71.99,115.0,0
2026-09-26T03:20:36+00:00,733,173,286,130.0,168.0,0
2026-09-26T03:20:36+00:00,734,269,209,29.99,48.1,0
2026-09-26T03:25:48+00:00,730,236,1966,42.0,45.0,0
2026-09-26T03:25:48+00:00,731,517,597,36.0,65.0,0
2026-09-26T03:25:48+00:00,732,284,379,71.99,115.0,0
2026-09-26T03:25:48+00:00,733,173,286,130.0,168.0,0
2026-09-26T03:25:48+00:00,734,269,209,29.99,48.1,0
2026-09-26T03:30:58+00:00,730,234,1970,40.0,45.0,0
2026-09-26T03:30:58+00:00,731,518,597,36.0,65.0,0
2026-09-26T03:30:58+00:00,732,284,379,71.99,115.0,0
2026-09-26T03:30:58+00:00,733,173,286,130.0,168.0,0
2026-09-26T03:30:58+00:00,734,269,209,29.99,48.1,0
2026-09-26T03:36:10+00:00,730,235,1972,42.0,45.0,0
2026-09-26T03:36:10+00:00,731,518,597,36.0,65.0,0
2026-09-26T03:36:10+00:00,732,284,379,71.99,115.0,0
2026-09-26T03:36:10+00:00,733,173,286,130.0,168.0,0
2026-09-26T03:36:10+00:00,734,269,209,29.99,48.1,0
2026-09-26T03:41:19+00:00,730,236,1975,38.0,45.0,0
2026-09-26T03:41:19+00:00,731,518,597,36.0,65.0,0
2026-09-26T03:41:19+00:00,732,284,379,71.99,115.0,0
2026-09-26T03:41:19+00:00,733,173,286,130.0,168.0,0
2026-09-26T03:41:19+00:00,734,269,209,29.99,48.1,0
2026-09-26T03:46:29+00:00,730,233,1980,40.0,45.0,0
2026-09-26T03:46:29+00:00,731,519,597,36.0,65.0,0
2026-09-26T03:46:29+00:00,732,284,379,71.99,115.0,0
2026-09-26T03:46:29+00:00,733,173,286,130.0,168.0,0
2026-09-26T03:46:29+00:00,734,269,209,29.99,48.1,0
2026-09-26T03:51:41+00:00,730,233,1981,42.0,45.0,0
2026-09-26T03:51:41+00:00,731,519,597,36.0,65.0,0
2026-09-26T03:51:41+00:00,732,285,379,71.99,115.0,0
2026-09-26T03:51:41+00:00,733,173,286,130.0,168.0,0
2026-09-26T03:51:41+00:00,734,269,209,29.99,48.1,0
2026-09-26T03:56:50+00:00,730,231,1983,41.99,45.0,0
2026-09-26T03:56:50+00:00,731,519,597,36.0,65.0,0
2026-09-26T03:56:50+00:00,732,286,379,71.99,115.0,0
2026-09-26T03:56:50+00:00,733,174,286,130.0,168.0,0
2026-09-26T03:56:50+00:00,734,270,209,29.99,48.1,0
2026-09-26T04:01:59+00:00,730,228,1985,41.99,45.0,0
2026-09-26T04:01:59+00:00,731,519,597,36.0,65.0,0
2026-09-26T04:01:59+00:00,732,286,379,71.99,115.0,0
2026-09-26T04:01:59+00:00,733,174,286,130.0,168.0,0
2026-09-26T04:01:59+00:00,734,270,209,29.99,48.1,0
2026-09-26T04:07:09+00:00,730,230,1988,40.0,45.0,0
2026-09-26T04:07:09+00:00,731,519,597,36.0,65.0,0
2026-09-26T04:07:09+00:00,732,286,379,71.99,115.0,0
2026-09-26T04:07:09+00:00,733,174,286,130.0,168.0,0
2026-09-26T04:07:09+00:00,734,270,209,29.99,48.1,0
2026-09-26T04:12:21+00:00,730,232,1992,38.5,45.0,0
2026-09-26T04:12:21+00:00,731,519,597,36.0,65.0,0
2026-09-26T04:12:21+00:00,732,286,379,71.99,115.0,0
2026-09-26T04:12:21+00:00,733,174,286,130.0,168.0,0
2026-09-26T04:12:21+00:00,734,270,209,29.99,48.1,0
2026-09-26T04:17:32+00:00,730,233,1995,40.0,45.0,0
2026-09-26T04:17:32+00:00,731,519,597,36.0,65.0,0
2026-09-26T04:17:32+00:00,732,286,379,71.99,115.0,0
2026-09-26T04:17:32+00:00,733,174,286,130.0,168.0,0
2026-09-26T04:17:32+00:00,734,270,209,29.99,48.1,0
2026-09-26T04:22:41+00:00,730,232,1998,41.0,45.0,0
2026-09-26T04:22:41+00:00,731,519,597,36.0,65.0,0
2026-09-26T04:22:41+00:00,732,286,379,71.99,115.0,0
2026-09-26T04:22:41+00:00,733,174,286,130.0,168.0,0
2026-09-26T04:22:41+00:00,734,270,209,29.99,48.1,0
2026-09-26T04:27:53+00:00,730,233,2000,35.0,45.0,0
2026-09-26T04:27:53+00:00,731,519,597,36.0,65.0,0
2026-09-26T04:27:53+00:00,732,286,379,71.99,115.0,0
2026-09-26T04:27:53+00:00,733,174,286,130.0,168.0,0
2026-09-26T04:27:53+00:00,734,270,209,29.99,48.1,0
2026-09-26T04:33:05+00:00,730,232,2003,41.0,45.0,0
2026-09-26T04:33:05+00:00,731,519,597,36.0,65.0,0
2026-09-26T04:33:05+00:00,732,286,379,71.99,115.0,0
2026-09-26T04:33:05+00:00,733,174,286,130.0,168.0,0
2026-09-26T04:33:05+00:00,734,270,209,29.99,48.1,0
2026-09-26T04:38:16+00:00,730,229,2008,43.0,45.0,0
2026-09-26T04:38:16+00:00,731,519,597,36.0,65.0,0
2026-09-26T04:38:16+00:00,732,286,379,71.99,115.0,0
2026-09-26T04:38:16+00:00,733,174,286,130.0,168.0,0
2026-09-26T04:38:16+00:00,734,270,209,29.99,48.1,0
2026-09-26T04:43:27+00:00,730,231,2010,42.0,45.0,0
2026-09-26T04:43:27+00:00,731,519,597,36.0,65.0,0
2026-09-26T04:43:27+00:00,732,286,379,71.99,115.0,0
2026-09-26T04:43:27+00:00,733,174,286,130.0,168.0,0
2026-09-26T04:43:27+00:00,734,270,209,29.99,48.1,0
2026-09-26T04:48:37+00:00,730,230,2011,43.0,45.0,0
2026-09-26T04:48:37+00:00,731,520,597,34.0,65.0,0
2026-09-26T04:48:37+00:00,732,286,379,71.99,115.0,0
2026-09-26T04:48:37+00:00,733,175,286,130.0,168.0,0
2026-09-26T04:48:37+00:00,734,270,209,29.99,48.1,0
2026-09-26T04:53:46+00:00,730,230,2012,42.0,45.0,0
2026-09-26T04:53:46+00:00,731,520,597,34.0,65.0,0
2026-09-26T04:53:46+00:00,732,286,379,71.99,115.0,0
2026-09-26T04:53:46+00:00,733,175,286,130.0,168.0,0
2026-09-26T04:53:46+00:00,734,270,209,29.99,48.1,0
2026-09-26T04:58:55+00:00,730,233,2014,40.0,45.0,0
2026-09-26T04:58:55+00:00,731,520,597,34.0,65.0,0
2026-09-26T04:58:55+00:00,732,286,379,71.99,115.0,0
2026-09-26T04:58:55+00:00,733,175,286,130.0,168.0,0
2026-09-26T04:58:55+00:00,734,270,209,29.99,48.1,0
2026-09-26T05:04:03+00:00,730,234,2014,40.0,45.0,0
2026-09-26T05:04:03+00:00,731,520,597,34.0,65.0,0
2026-09-26T05:04:03+00:00,732,285,379,72.0,115.0,0
2026-09-26T05:04:03+00:00,733,175,286,130.0,168.0,0
2026-09-26T05:04:03+00:00,734,270,209,29.99,48.1,0
2026-09-26T05:09:12+00:00,730,236,2014,40.0,45.0,0
2026-09-26T05:09:12+00:00,731,520,597,34.0,65.0,0
2026-09-26T05:09:12+00:00,732,285,380,72.0,115.0,0
2026-09-26T05:09:12+00:00,733,175,286,130.0,168.0,0
2026-09-26T05:09:12+00:00,734,270,209,29.99,48.1,0
2026-09-26T05:14:23+00:00,730,236,2016,40.0,45.0,0
2026-09-26T05:14:23+00:00,731,520,597,34.0,65.0,0
2026-09-26T05:14:23+00:00,732,285,380,72.0,115.0,0
2026-09-26T05:14:23+00:00,733,175,286,130.0,168.0,0
2026-09-26T05:14:23+00:00,734,270,209,29.99,48.1,0
2026-09-26T05:19:33+00:00,730,237,2016,40.0,45.0,0
2026-09-26T05:19:33+00:00,731,520,597,34.0,65.0,0
2026-09-26T05:19:33+00:00,732,285,380,72.0,115.0,0
2026-09-26T05:19:33+00:00,733,175,286,130.0,168.0,0
2026-09-26T05:19:33+00:00,734,270,209,29.99,48.1,0
2026-09-26T05:24:44+00:00,730,238,2018,41.5,45.0,0
2026-09-26T05:24:44+00:00,731,520,597,34.0,65.0,0
2026-09-26T05:24:44+00:00,732,285,380,72.0,115.0,0
2026-09-26T05:24:44+00:00,733,175,286,130.0,168.0,0
2026-09-26T05:24:44+00:00,734,270,209,29.99,48.1,0
2026-09-26T05:29:56+00:00,730,237,2020,41.5,45.0,0
2026-09-26T05:29:56+00:00,731,520,597,34.0,65.0,0
2026-09-26T05:29:56+00:00,732,285,380,72.0,115.0,0
2026-09-26T05:29:56+00:00,733,175,286,130.0,168.0,0
2026-09-26T05:29:56+00:00,734,270,209,29.99,48.1,0
2026-09-26T05:35:04+00:00,730,237,2021,40.0,45.0,0
2026-09-26T05:35:04+00:00,731,520,597,34.0,65.0,0
2026-09-26T05:35:04+00:00,732,285,380,72.0,115.0,0
2026-09-26T05:35:04+00:00,733,175,286,130.0,168.0,0
2026-09-26T05:35:04+00:00,734,270,209,29.99,48.1,0
2026-09-26T05:40:15+00:00,730,235,2023,42.0,45.0,0
2026-09-26T05:40:15+00:00,731,520,597,34.0,65.0,0
2026-09-26T05:40:15+00:00,732,285,380,72.0,115.0,0
2026-09-26T05:40:15+00:00,733,175,286,130.0,168.0,0
2026-09-26T05:40:15+00:00,734,270,209,29.99,48.1,0
2026-09-26T05:45:24+00:00,730,232,2025,42.0,45.0,0
2026-09-26T05:45:24+00:00,731,520,597,34.0,65.0,0
2026-09-26T05:45:24+00:00,732,285,380,72.0,115.0,0
2026-09-26T05:45:24+00:00,733,175,286,130.0,168.0,0
2026-09-26T05:45:24+00:00,734,270,209,29.99,48.1,0
2026-09-26T05:50:33+00:00,730,230,2029,43.5,45.0,0
2026-09-26T05:50:33+00:00,731,520,597,34.0,65.0,0
2026-09-26T05:50:33+00:00,732,285,380,72.0,115.0,0
2026-09-26T05:50:33+00:00,733,175,286,130.0,168.0,0
2026-09-26T05:50:33+00:00,734,270,209,29.99,48.1,0
2026-09-26T05:55:45+00:00,730,229,2031,44.5,45.0,0
2026-09-26T05:55:45+00:00,731,520,597,34.0,65.0,0
2026-09-26T05:55:45+00:00,732,285,380,72.0,115.0,0
2026-09-26T05:55:45+00:00,733,175,286,130.0,168.0,0
2026-09-26T05:55:45+00:00,734,270,209,29.99,48.1,0
2026-09-26T06:00:56+00:00,730,229,2034,40.0,45.0,0
2026-09-26T06:00:56+00:00,731,520,597,34.0,65.0,0
2026-09-26T06:00:56+00:00,732,286,380,72.0,115.0,0
2026-09-26T06:00:56+00:00,733,175,286,130.0,168.0,0
2026-09-26T06:00:56+00:00,734,271,209,29.99,48.1,0
2026-09-26T06:06:06+00:00,730,229,2035,44.99,45.0,0
2026-09-26T06:06:06+00:00,731,520,597,34.0,65.0,0
2026-09-26T06:06:06+00:00,732,286,380,72.0,115.0,0
2026-09-26T06:06:06+00:00,733,175,286,130.0,168.0,0
2026-09-26T06:06:06+00:00,734,271,209,29.99,48.1,0
2026-09-26T06:11:17+00:00,730,234,2035,40.0,45.0,0
2026-09-26T06:11:17+00:00,731,520,597,34.0,65.0,0
2026-09-26T06:11:17+00:00,732,286,380,72.0,115.0,0
2026-09-26T06:11:17+00:00,733,175,286,130.0,168.0,0
2026-09-26T06:11:17+00:00,734,271,209,29.99,48.1,0
2026-09-26T06:16:28+00:00,730,234,2035,40.0,45.0,0
2026-09-26T06:16:28+00:00,731,520,597,34.0,65.0,0
2026-09-26T06:16:28+00:00,732,286,380,72.0,115.0,0
2026-09-26T06:16:28+00:00,733,175,286,130.0,168.0,0
2026-09-26T06:16:28+00:00,734,271,209,29.99,48.1,0
2026-09-26T06:21:38+00:00,730,234,2035,38.0,45.0,0
2026-09-26T06:21:38+00:00,731,520,597,34.0,65.0,0
2026-09-26T06:21:38+00:00,732,286,380,72.0,115.0,0
2026-09-26T06:21:38+00:00,733,175,286,130.0,168.0,0
2026-09-26T06:21:38+00:00,734,271,209,29.99,48.1,0
2026-09-26T06:26:55+00:00,730,235,2035,38.0,45.0,0
2026-09-26T06:26:55+00:00,731,520,597,34.0,65.0,0
2026-09-26T06:26:55+00:00,732,286,380,72.0,115.0,0
2026-09-26T06:26:55+00:00,733,175,286,130.0,168.0,0
2026-09-26T06:26:55+00:00,734,271,209,29.99,48.1,0
2026-09-26T06:32:09+00:00,730,234,2037,40.0,45.0,0
2026-09-26T06:32:09+00:00,731,520,597,34.0,65.0,0
2026-09-26T06:32:09+00:00,732,286,380,72.0,115.0,0
2026-09-26T06:32:09+00:00,733,175,286,130.0,168.0,0
2026-09-26T06:32:09+00:00,734,271,209,29.99,48.1,0
2026-09-26T06:37:23+00:00,730,233,2038,40.0,45.0,0
2026-09-26T06:37:23+00:00,731,520,597,34.0,65.0,0
2026-09-26T06:37:23+00:00,732,286,380,72.0,115.0,0
2026-09-26T06:37:23+00:00,733,175,286,130.0,168.0,0
2026-09-26T06:37:23+00:00,734,271,209,29.99,48.1,0
2026-09-26T06:42:32+00:00,730,231,2041,41.0,45.0,0
2026-09-26T06:42:32+00:00,731,520,597,34.0,65.0,0
2026-09-26T06:42:32+00:00,732,286,380,72.0,115.0,0
2026-09-26T06:42:32+00:00,733,175,286,130.0,168.0,0
2026-09-26T06:42:32+00:00,734,271,209,29.99,48.1,0
2026-09-26T06:47:41+00:00,730,235,2042,39.0,45.0,0
2026-09-26T06:47:41+00:00,731,520,597,34.0,65.0,0
2026-09-26T06:47:41+00:00,732,286,380,72.0,115.0,0
2026-09-26T06:47:41+00:00,733,175,286,130.0,168.0,0
2026-09-26T06:47:41+00:00,734,271,209,29.99,48.1,0
2026-09-26T06:52:54+00:00,730,234,2042,39.99,45.0,0
2026-09-26T06:52:54+00:00,731,520,597,34.0,65.0,0
2026-09-26T06:52:54+00:00,732,286,380,72.0,115.0,0
2026-09-26T06:52:54+00:00,733,175,286,130.0,168.0,0
2026-09-26T06:52:54+00:00,734,271,209,29.99,48.1,0
2026-09-26T06:58:02+00:00,730,235,2043,39.0,45.0,0
2026-09-26T06:58:02+00:00,731,520,597,34.0,65.0,0
2026-09-26T06:58:02+00:00,732,286,380,72.0,115.0,0
2026-09-26T06:58:02+00:00,733,175,286,130.0,168.0,0
2026-09-26T06:58:02+00:00,734,271,209,29.99,48.1,0
2026-09-26T07:03:09+00:00,730,232,2047,40.0,45.0,0
2026-09-26T07:03:09+00:00,731,520,597,34.0,65.0,0
2026-09-26T07:03:09+00:00,732,286,380,72.0,115.0,0
2026-09-26T07:03:09+00:00,733,175,286,130.0,168.0,0
2026-09-26T07:03:09+00:00,734,271,209,29.99,48.1,0
2026-09-26T07:08:20+00:00,730,231,2050,41.0,45.0,0
2026-09-26T07:08:20+00:00,731,520,597,34.0,65.0,0
2026-09-26T07:08:20+00:00,732,286,380,72.0,115.0,0
2026-09-26T07:08:20+00:00,733,175,286,130.0,168.0,0
2026-09-26T07:08:20+00:00,734,271,209,29.99,48.1,0
2026-09-26T07:13:31+00:00,730,229,2052,44.99,45.0,0
2026-09-26T07:13:31+00:00,731,520,597,34.0,65.0,0
2026-09-26T07:13:31+00:00,732,286,380,72.0,115.0,0
2026-09-26T07:13:31+00:00,733,175,286,130.0,168.0,0
2026-09-26T07:13:31+00:00,734,271,209,29.99,48.1,0
2026-09-26T07:18:39+00:00,730,232,2052,40.0,45.0,0
2026-09-26T07:18:39+00:00,731,520,597,34.0,65.0,0
2026-09-26T07:18:39+00:00,732,286,380,72.0,115.0,0
2026-09-26T07:18:39+00:00,733,175,286,130.0,168.0,0
2026-09-26T07:18:39+00:00,734,271,209,29.99,48.1,0
2026-09-26T07:23:48+00:00,730,232,2052,40.0,45.0,0
2026-09-26T07:23:48+00:00,731,520,597,34.0,65.0,0
2026-09-26T07:23:48+00:00,732,286,380,72.0,115.0,0
2026-09-26T07:23:48+00:00,733,175,286,130.0,168.0,0
2026-09-26T07:23:48+00:00,734,271,209,29.99,48.1,0
2026-09-26T07:28:59+00:00,730,231,2053,44.0,45.0,0
2026-09-26T07:28:59+00:00,731,520,597,34.0,65.0,0
2026-09-26T07:28:59+00:00,732,286,380,72.0,115.0,0
2026-09-26T07:28:59+00:00,733,175,286,130.0,168.0,0
2026-09-26T07:28:59+00:00,734,271,209,29.99,48.1,0
2026-09-26T07:34:08+00:00,730,232,2055,40.0,45.0,0
2026-09-26T07:34:08+00:00,731,520,597,34.0,65.0,0
2026-09-26T07:34:08+00:00,732,286,380,72.0,115.0,0
2026-09-26T07:34:08+00:00,733,175,286,130.0,168.0,0
2026-09-26T07:34:08+00:00,734,271,209,29.99,48.1,0
2026-09-26T07:39:19+00:00,730,231,2056,44.99,45.0,0
2026-09-26T07:39:19+00:00,731,520,597,34.0,65.0,0
2026-09-26T07:39:19+00:00,732,286,380,72.0,115.0,0
2026-09-26T07:39:19+00:00,733,175,286,130.0,168.0,0
2026-09-26T07:39:19+00:00,734,271,209,29.99,48.1,0
2026-09-26T07:44:28+00:00,730,231,2056,44.99,45.0,0
2026-09-26T07:44:28+00:00,731,520,597,34.0,65.0,0
2026-09-26T07:44:28+00:00,732,286,380,72.0,115.0,0
2026-09-26T07:44:28+00:00,733,175,286,130.0,168.0,0
2026-09-26T07:44:28+00:00,734,271,209,29.99,48.1,0
2026-09-26T07:49:39+00:00,730,231,2056,44.99,45.0,0
2026-09-26T07:49:39+00:00,731,520,597,34.0,65.0,0
2026-09-26T07:49:39+00:00,732,286,380,72.0,115.0,0
2026-09-26T07:49:39+00:00,733,175,286,130.0,168.0,0
2026-09-26T07:49:39+00:00,734,271,209,29.99,48.1,0
2026-09-26T07:54:49+00:00,730,232,2056,40.0,45.0,0
2026-09-26T07:54:49+00:00,731,520,597,34.0,65.0,0
2026-09-26T07:54:49+00:00,732,286,380,72.0,115.0,0
2026-09-26T07:54:49+00:00,733,175,286,130.0,168.0,0
2026-09-26T07:54:49+00:00,734,271,209,29.99,48.1,0
2026-09-26T07:59:58+00:00,730,230,2057,40.0,45.0,0
2026-09-26T07:59:58+00:00,731,520,597,34.0,65.0,0
2026-09-26T07:59:58+00:00,732,286,380,72.0,115.0,0
2026-09-26T07:59:58+00:00,733,175,286,130.0,168.0,0
2026-09-26T07:59:58+00:00,734,271,209,29.99,48.1,0
2026-09-26T08:05:09+00:00,730,230,2057,40.0,45.0,0
2026-09-26T08:05:09+00:00,731,520,597,34.0,65.0,0
2026-09-26T08:05:09+00:00,732,286,380,72.0,115.0,0
2026-09-26T08:05:09+00:00,733,175,286,130.0,168.0,0
2026-09-26T08:05:09+00:00,734,271,209,29.99,48.1,0
2026-09-26T08:10:19+00:00,730,230,2057,40.0,45.0,0
2026-09-26T08:10:19+00:00,731,520,597,34.0,65.0,0
2026-09-26T08:10:19+00:00,732,286,380,72.0,115.0,0
2026-09-26T08:10:19+00:00,733,175,286,130.0,168.0,0
2026-09-26T08:10:19+00:00,734,271,209,29.99,48.1,0
2026-09-26T08:15:30+00:00,730,231,2057,40.0,45.0,0
2026-09-26T08:15:30+00:00,731,520,597,34.0,65.0,0
2026-09-26T08:15:30+00:00,732,286,380,72.0,115.0,0
2026-09-26T08:15:30+00:00,733,175,286,130.0,168.0,0
2026-09-26T08:15:30+00:00,734,271,209,29.99,48.1,0
2026-09-26T08:20:41+00:00,730,230,2059,40.0,45.0,0
2026-09-26T08:20:41+00:00,731,520,597,34.0,65.0,0
2026-09-26T08:20:41+00:00,732,286,380,72.0,115.0,0
2026-09-26T08:20:41+00:00,733,175,286,130.0,168.0,0
2026-09-26T08:20:41+00:00,734,271,209,29.99,48.1,0
2026-09-26T08:25:50+00:00,730,230,2059,40.0,45.0,0
2026-09-26T08:25:50+00:00,731,520,597,34.0,65.0,0
2026-09-26T08:25:50+00:00,732,286,380,72.0,115.0,0
2026-09-26T08:25:50+00:00,733,175,286,130.0,168.0,0
2026-09-26T08:25:50+00:00,734,271,209,29.99,48.1,0
2026-09-26T08:30:59+00:00,730,230,2059,40.0,45.0,0
2026-09-26T08:30:59+00:00,731,520,597,34.0,65.0,0
2026-09-26T08:30:59+00:00,732,286,380,72.0,115.0,0
2026-09-26T08:30:59+00:00,733,175,286,130.0,168.0,0
2026-09-26T08:30:59+00:00,734,271,209,29.99,48.1,0
2026-09-26T08:36:12+00:00,730,231,2059,39.0,45.0,0
2026-09-26T08:36:12+00:00,731,520,597,34.0,65.0,0
2026-09-26T08:36:12+00:00,732,286,380,72.0,115.0,0
2026-09-26T08:36:12+00:00,733,175,286,130.0,168.0,0
2026-09-26T08:36:12+00:00,734,271,209,29.99,48.1,0
2026-09-26T08:41:22+00:00,730,231,2059,39.0,45.0,0
2026-09-26T08:41:22+00:00,731,520,597,34.0,65.0,0
2026-09-26T08:41:22+00:00,732,286,380,72.0,115.0,0
2026-09-26T08:41:22+00:00,733,175,286,130.0,168.0,0
2026-09-26T08:41:22+00:00,734,271,209,29.99,48.1,0
2026-09-26T08:46:31+00:00,730,231,2059,39.0,45.0,0
2026-09-26T08:46:31+00:00,731,520,597,34.0,65.0,0
2026-09-26T08:46:31+00:00,732,286,380,72.0,115.0,0
2026-09-26T08:46:31+00:00,733,175,286,130.0,168.0,0
2026-09-26T08:46:31+00:00,734,271,209,29.99,48.1,0
2026-09-26T08:51:40+00:00,730,231,2059,39.0,45.0,0
2026-09-26T08:51:40+00:00,731,520,597,34.0,65.0,0
2026-09-26T08:51:40+00:00,732,286,380,72.0,115.0,0
2026-09-26T08:51:40+00:00,733,175,286,130.0,168.0,0
2026-09-26T08:51:40+00:00,734,271,209,29.99,48.1,0
2026-09-26T08:56:50+00:00,730,232,2059,39.0,45.0,0
2026-09-26T08:56:50+00:00,731,520,597,34.0,65.0,0
2026-09-26T08:56:50+00:00,732,286,380,72.0,115.0,0
2026-09-26T08:56:50+00:00,733,175,286,130.0,168.0,0
2026-09-26T08:56:50+00:00,734,271,209,29.99,48.1,0
2026-09-26T09:02:01+00:00,730,232,2059,39.0,45.0,0
2026-09-26T09:02:01+00:00,731,520,597,34.0,65.0,0
2026-09-26T09:02:01+00:00,732,286,380,72.0,115.0,0
2026-09-26T09:02:01+00:00,733,175,286,130.0,168.0,0
2026-09-26T09:02:01+00:00,734,271,209,29.99,48.1,0
2026-09-26T09:07:11+00:00,730,232,2059,39.0,45.0,0
2026-09-26T09:07:11+00:00,731,520,597,34.0,65.0,0
2026-09-26T09:07:11+00:00,732,286,380,72.0,115.0,0
2026-09-26T09:07:11+00:00,733,175,286,130.0,168.0,0
2026-09-26T09:07:11+00:00,734,271,209,29.99,48.1,0
2026-09-26T09:12:21+00:00,730,231,2060,40.0,45.0,0
2026-09-26T09:12:21+00:00,731,520,597,34.0,65.0,0
2026-09-26T09:12:21+00:00,732,286,380,72.0,115.0,0
2026-09-26T09:12:21+00:00,733,175,286,130.0,168.0,0
2026-09-26T09:12:21+00:00,734,271,209,29.99,48.1,0
2026-09-26T09:17:30+00:00,730,232,2060,35.0,45.0,0
2026-09-26T09:17:30+00:00,731,520,597,34.0,65.0,0
2026-09-26T09:17:30+00:00,732,286,380,72.0,115.0,0
2026-09-26T09:17:30+00:00,733,175,286,130.0,168.0,0
2026-09-26T09:17:30+00:00,734,271,209,29.99,48.1,0
2026-09-26T09:22:41+00:00,730,231,2061,40.0,45.0,0
2026-09-26T09:22:41+00:00,731,520,597,34.0,65.0,0
2026-09-26T09:22:41+00:00,732,286,380,72.0,115.0,0
2026-09-26T09:22:41+00:00,733,175,286,130.0,168.0,0
2026-09-26T09:22:41+00:00,734,271,209,29.99,48.1,0
2026-09-26T09:27:54+00:00,730,232,2061,40.0,45.0,0
2026-09-26T09:27:54+00:00,731,520,597,34.0,65.0,0
2026-09-26T09:27:54+00:00,732,286,380,72.0,115.0,0
2026-09-26T09:27:54+00:00,733,175,286,130.0,168.0,0
2026-09-26T09:27:54+00:00,734,271,209,29.99,48.1,0
2026-09-26T09:33:05+00:00,730,232,2061,40.0,45.0,0
2026-09-26T09:33:05+00:00,731,520,597,34.0,65.0,0
2026-09-26T09:33:05+00:00,732,286,380,72.0,115.0,0
2026-09-26T09:33:05+00:00,733,175,286,130.0,168.0,0
2026-09-26T09:33:05+00:00,734,271,209,29.99,48.1,0
2026-09-26T09:38:15+00:00,730,233,2061,36.0,45.0,0
2026-09-26T09:38:15+00:00,731,520,597,34.0,65.0,0
2026-09-26T09:38:15+00:00,732,286,380,72.0,115.0,0
2026-09-26T09:38:15+00:00,733,175,286,130.0,168.0,0
2026-09-26T09:38:15+00:00,734,271,209,29.99,48.1,0
2026-09-26T09:43:24+00:00,730,234,2061,36.0,45.0,0
2026-09-26T09:43:24+00:00,731,520,597,34.0,65.0,0
2026-09-26T09:43:24+00:00,732,286,380,72.0,115.0,0
2026-09-26T09:43:24+00:00,733,175,286,130.0,168.0,0
2026-09-26T09:43:24+00:00,734,271,209,29.99,48.1,0
2026-09-26T09:48:33+00:00,730,235,2061,35.0,45.0,0
2026-09-26T09:48:33+00:00,731,520,597,34.0,65.0,0
2026-09-26T09:48:33+00:00,732,286,380,72.0,115.0,0
2026-09-26T09:48:33+00:00,733,175,286,130.0,168.0,0
2026-09-26T09:48:33+00:00,734,271,209,29.99,48.1,0
2026-09-26T09:53:41+00:00,730,235,2061,35.0,45.0,0
2026-09-26T09:53:41+00:00,731,520,597,34.0,65.0,0
2026-09-26T09:53:41+00:00,732,286,380,72.0,115.0,0
2026-09-26T09:53:41+00:00,733,175,286,130.0,168.0,0
2026-09-26T09:53:41+00:00,734,271,209,29.99,48.1,0
2026-09-26T09:58:52+00:00,730,235,2061,35.0,45.0,0
2026-09-26T09:58:52+00:00,731,520,597,34.0,65.0,0
2026-09-26T09:58:52+00:00,732,286,380,72.0,115.0,0
2026-09-26T09:58:52+00:00,733,175,286,130.0,168.0,0
2026-09-26T09:58:52+00:00,734,271,209,29.99,48.1,0
2026-09-26T10:04:03+00:00,730,235,2061,35.0,45.0,0
2026-09-26T10:04:03+00:00,731,520,597,34.0,65.0,0
2026-09-26T10:04:03+00:00,732,286,380,72.0,115.0,0
2026-09-26T10:04:03+00:00,733,175,286,130.0,168.0,0
2026-09-26T10:04:03+00:00,734,271,209,29.99,48.1,0
2026-09-26T10:09:11+00:00,730,235,2061,35.0,45.0,0
2026-09-26T10:09:11+00:00,731,520,597,34.0,65.0,0
2026-09-26T10:09:11+00:00,732,286,380,72.0,115.0,0
2026-09-26T10:09:11+00:00,733,175,286,130.0,168.0,0
2026-09-26T10:09:11+00:00,734,271,209,29.99,48.1,0
2026-09-26T10:14:22+00:00,730,238,2061,30.0,45.0,0
2026-09-26T10:14:22+00:00,731,520,597,34.0,65.0,0
2026-09-26T10:14:22+00:00,732,286,380,72.0,115.0,0
2026-09-26T10:14:22+00:00,733,175,286,130.0,168.0,0
2026-09-26T10:14:22+00:00,734,271,209,29.99,48.1,0
2026-09-26T10:19:34+00:00,730,239,2061,30.0,45.0,0
2026-09-26T10:19:34+00:00,731,520,597,34.0,65.0,0
2026-09-26T10:19:34+00:00,732,286,380,72.0,115.0,0
2026-09-26T10:19:34+00:00,733,175,286,130.0,168.0,0
2026-09-26T10:19:34+00:00,734,271,209,29.99,48.1,0
2026-09-26T10:24:45+00:00,730,239,2061,30.0,45.0,0
2026-09-26T10:24:45+00:00,731,520,597,34.0,65.0,0
2026-09-26T10:24:45+00:00,732,286,380,72.0,115.0,0
2026-09-26T10:24:45+00:00,733,175,286,130.0,168.0,0
2026-09-26T10:24:45+00:00,734,271,209,29.99,48.1,0
2026-09-26T10:29:56+00:00,730,239,2061,30.0,45.0,0
2026-09-26T10:29:56+00:00,731,520,597,34.0,65.0,0
2026-09-26T10:29:56+00:00,732,286,380,72.0,115.0,0
2026-09-26T10:29:56+00:00,733,175,286,130.0,168.0,0
2026-09-26T10:29:56+00:00,734,271,209,29.99,48.1,0
2026-09-26T10:35:08+00:00,730,239,2061,30.0,45.0,0
2026-09-26T10:35:08+00:00,731,520,597,34.0,65.0,0
2026-09-26T10:35:08+00:00,732,286,380,72.0,115.0,0
2026-09-26T10:35:08+00:00,733,175,286,130.0,168.0,0
2026-09-26T10:35:08+00:00,734,271,209,29.99,48.1,0
2026-09-26T10:40:18+00:00,730,239,2061,30.0,45.0,0
2026-09-26T10:40:18+00:00,731,520,597,34.0,65.0,0
2026-09-26T10:40:18+00:00,732,286,380,72.0,115.0,0
2026-09-26T10:40:18+00:00,733,175,286,130.0,168.0,0
2026-09-26T10:40:18+00:00,734,271,209,29.99,48.1,0
2026-09-26T10:45:27+00:00,730,239,2061,30.0,45.0,0
2026-09-26T10:45:27+00:00,731,520,597,34.0,65.0,0
2026-09-26T10:45:27+00:00,732,286,380,72.0,115.0,0
2026-09-26T10:45:27+00:00,733,175,286,130.0,168.0,0
2026-09-26T10:45:27+00:00,734,271,209,29.99,48.1,0
2026-09-26T10:50:36+00:00,730,238,2062,30.0,45.0,0
2026-09-26T10:50:36+00:00,731,520,597,34.0,65.0,0
2026-09-26T10:50:36+00:00,732,286,380,72.0,115.0,0
2026-09-26T10:50:36+00:00,733,175,286,130.0,168.0,0
2026-09-26T10:50:36+00:00,734,271,209,29.99,48.1,0
2026-09-26T10:55:44+00:00,730,238,2062,30.0,45.0,0
2026-09-26T10:55:44+00:00,731,520,597,34.0,65.0,0
2026-09-26T10:55:44+00:00,732,286,380,72.0,115.0,0
2026-09-26T10:55:44+00:00,733,175,286,130.0,168.0,0
2026-09-26T10:55:44+00:00,734,271,209,29.99,48.1,0
2026-09-26T11:00:55+00:00,730,237,2062,34.75,45.0,0
2026-09-26T11:00:55+00:00,731,520,597,34.0,65.0,0
2026-09-26T11:00:55+00:00,732,286,380,72.0,115.0,0
2026-09-26T11:00:55+00:00,733,175,286,130.0,168.0,0
2026-09-26T11:00:55+00:00,734,271,209,29.99,48.1,0
2026-09-26T11:06:08+00:00,730,236,2062,34.99,45.0,0
2026-09-26T11:06:08+00:00,731,520,597,34.0,65.0,0
2026-09-26T11:06:08+00:00,732,286,380,72.0,115.0,0
2026-09-26T11:06:08+00:00,733,175,286,130.0,168.0,0
2026-09-26T11:06:08+00:00,734,271,209,29.99,48.1,0
2026-09-26T11:11:18+00:00,730,235,2065,35.0,45.0,0
2026-09-26T11:11:18+00:00,731,520,597,34.0,65.0,0
2026-09-26T11:11:18+00:00,732,286,380,72.0,115.0,0
2026-09-26T11:11:18+00:00,733,175,286,130.0,168.0,0
2026-09-26T11:11:18+00:00,734,271,209,29.99,48.1,0
2026-09-26T11:16:27+00:00,730,235,2065,34.0,45.0,0
2026-09-26T11:16:27+00:00,731,520,597,34.0,65.0,0
2026-09-26T11:16:27+00:00,732,286,380,72.0,115.0,0
2026-09-26T11:16:27+00:00,733,175,286,130.0,168.0,0
2026-09-26T11:16:27+00:00,734,271,209,29.99,48.1,0
2026-09-26T11:21:38+00:00,730,233,2066,34.0,45.0,0
2026-09-26T11:21:38+00:00,731,520,597,34.0,65.0,0
2026-09-26T11:21:38+00:00,732,286,380,72.0,115.0,0
2026-09-26T11:21:38+00:00,733,175,286,130.0,168.0,0
2026-09-26T11:21:38+00:00,734,271,209,29.99,48.1,0
2026-09-26T11:26:48+00:00,730,234,2066,34.0,45.0,0
2026-09-26T11:26:48+00:00,731,520,597,34.0,65.0,0
2026-09-26T11:26:48+00:00,732,286,380,72.0,115.0,0
2026-09-26T11:26:48+00:00,733,175,286,130.0,168.0,0
2026-09-26T11:26:48+00:00,734,271,209,29.99,48.1,0
2026-09-26T11:32:00+00:00,730,233,2067,30.0,45.0,0
2026-09-26T11:32:00+00:00,731,520,597,34.0,65.0,0
2026-09-26T11:32:00+00:00,732,286,380,72.0,115.0,0
2026-09-26T11:32:00+00:00,733,175,286,130.0,168.0,0
2026-09-26T11:32:00+00:00,734,271,209,29.99,48.1,0
2026-09-26T11:37:10+00:00,730,233,2067,30.0,45.0,0
2026-09-26T11:37:10+00:00,731,520,597,34.0,65.0,0
2026-09-26T11:37:10+00:00,732,286,380,72.0,115.0,0
2026-09-26T11:37:10+00:00,733,175,286,130.0,168.0,0
2026-09-26T11:37:10+00:00,734,271,209,29.99,48.1,0
2026-09-26T11:42:19+00:00,730,234,2067,25.0,45.0,0
2026-09-26T11:42:19+00:00,731,520,597,34.0,65.0,0
2026-09-26T11:42:19+00:00,732,286,380,72.0,115.0,0
2026-09-26T11:42:19+00:00,733,175,286,130.0,168.0,0
2026-09-26T11:42:19+00:00,734,271,209,29.99,48.1,0
2026-09-26T11:47:29+00:00,730,233,2067,30.0,45.0,0
2026-09-26T11:47:29+00:00,731,520,597,34.0,65.0,0
2026-09-26T11:47:29+00:00,732,286,380,72.0,115.0,0
2026-09-26T11:47:29+00:00,733,175,286,130.0,168.0,0
2026-09-26T11:47:29+00:00,734,271,209,29.99,48.1,0
2026-09-26T11:52:36+00:00,730,231,2068,35.0,45.0,0
2026-09-26T11:52:36+00:00,731,520,597,34.0,65.0,0
2026-09-26T11:52:36+00:00,732,286,380,72.0,115.0,0
2026-09-26T11:52:36+00:00,733,175,286,130.0,168.0,0
2026-09-26T11:52:36+00:00,734,271,209,29.99,48.1,0
2026-09-26T11:57:48+00:00,730,229,2071,35.0,45.0,0
2026-09-26T11:57:48+00:00,731,520,597,34.0,65.0,0
2026-09-26T11:57:48+00:00,732,286,380,72.0,115.0,0
2026-09-26T11:57:48+00:00,733,175,286,130.0,168.0,0
2026-09-26T11:57:48+00:00,734,271,209,29.99,48.1,0
2026-09-26T12:02:59+00:00,730,232,2071,35.0,45.0,0
2026-09-26T12:02:59+00:00,731,520,597,34.0,65.0,0
2026-09-26T12:02:59+00:00,732,286,380,72.0,115.0,0
2026-09-26T12:02:59+00:00,733,175,286,130.0,168.0,0
2026-09-26T12:02:59+00:00,734,271,209,29.99,48.1,0
2026-09-26T12:08:10+00:00,730,231,2071,35.0,45.0,0
2026-09-26T12:08:10+00:00,731,519,597,35.0,65.0,0
2026-09-26T12:08:10+00:00,732,286,380,72.0,115.0,0
2026-09-26T12:08:10+00:00,733,175,286,130.0,168.0,0
2026-09-26T12:08:10+00:00,734,271,209,29.99,48.1,0
2026-09-26T12:13:21+00:00,730,232,2072,35.0,45.0,0
2026-09-26T12:13:21+00:00,731,518,599,36.0,65.0,0
2026-09-26T12:13:21+00:00,732,286,380,72.0,115.0,0
2026-09-26T12:13:21+00:00,733,175,286,130.0,168.0,0
2026-09-26T12:13:21+00:00,734,271,209,29.99,48.1,0
2026-09-26T12:18:30+00:00,730,234,2076,34.99,45.0,0
2026-09-26T12:18:30+00:00,731,518,599,36.0,65.0,0
2026-09-26T12:18:30+00:00,732,286,380,72.0,115.0,0
2026-09-26T12:18:30+00:00,733,175,286,130.0,168.0,0
2026-09-26T12:18:30+00:00,734,271,209,29.99,48.1,0
2026-09-26T12:23:40+00:00,730,234,2077,34.99,45.0,0
2026-09-26T12:23:40+00:00,731,518,599,36.0,65.0,0
2026-09-26T12:23:40+00:00,732,286,380,72.0,115.0,0
2026-09-26T12:23:40+00:00,733,175,286,130.0,168.0,0
2026-09-26T12:23:40+00:00,734,271,209,29.99,48.1,0
2026-09-26T12:28:50+00:00,730,235,2077,34.99,45.0,0
2026-09-26T12:28:50+00:00,731,518,599,36.0,65.0,0
2026-09-26T12:28:50+00:00,732,287,380,72.0,115.0,0
2026-09-26T12:28:50+00:00,733,175,286,130.0,168.0,0
2026-09-26T12:28:50+00:00,734,271,209,29.99,48.1,0
2026-09-26T12:34:03+00:00,730,234,2079,34.0,45.0,0
2026-09-26T12:34:03+00:00,731,518,599,36.0,65.0,0
2026-09-26T12:34:03+00:00,732,287,380,72.0,115.0,0
2026-09-26T12:34:03+00:00,733,176,286,130.0,168.0,0
2026-09-26T12:34:03+00:00,734,271,209,29.99,48.1,0
2026-09-26T12:39:15+00:00,730,234,2080,32.99,45.0,0
2026-09-26T12:39:15+00:00,731,519,599,36.0,65.0,0
2026-09-26T12:39:15+00:00,732,287,380,72.0,115.0,0
2026-09-26T12:39:15+00:00,733,176,286,130.0,168.0,0
2026-09-26T12:39:15+00:00,734,271,209,29.99,48.1,0
2026-09-26T12:44:26+00:00,730,231,2082,33.0,45.0,0
2026-09-26T12:44:26+00:00,731,519,599,36.0,65.0,0
2026-09-26T12:44:26+00:00,732,287,380,72.0,115.0,0
2026-09-26T12:44:26+00:00,733,176,286,130.0,168.0,0
2026-09-26T12:44:26+00:00,734,271,209,29.99,48.1,0
2026-09-26T12:49:36+00:00,730,230,2083,32.0,45.0,0
2026-09-26T12:49:36+00:00,731,519,599,36.0,65.0,0
2026-09-26T12:49:36+00:00,732,287,380,72.0,115.0,0
2026-09-26T12:49:36+00:00,733,176,286,130.0,168.0,0
2026-09-26T12:49:36+00:00,734,271,209,29.99,48.1,0
2026-09-26T12:54:46+00:00,730,228,2085,34.0,45.0,0
2026-09-26T12:54:46+00:00,731,519,599,36.0,65.0,0
2026-09-26T12:54:46+00:00,732,287,380,72.0,115.0,0
2026-09-26T12:54:46+00:00,733,176,286,130.0,168.0,0
2026-09-26T12:54:46+00:00,734,271,209,29.99,48.1,0
2026-09-26T12:59:57+00:00,730,230,2086,28.0,45.0,0
2026-09-26T12:59:57+00:00,731,519,599,36.0,65.0,0
2026-09-26T12:59:57+00:00,732,287,380,72.0,115.0,0
2026-09-26T12:59:57+00:00,733,176,286,130.0,168.0,0
2026-09-26T12:59:57+00:00,734,271,209,29.99,48.1,0
2026-09-26T13:05:07+00:00,730,224,2093,34.0,45.0,0
2026-09-26T13:05:07+00:00,731,519,599,36.0,65.0,0
2026-09-26T13:05:07+00:00,732,287,380,72.0,115.0,0
2026-09-26T13:05:07+00:00,733,176,286,130.0,168.0,0
2026-09-26T13:05:07+00:00,734,271,209,29.99,48.1,0
2026-09-26T13:10:19+00:00,730,220,2094,36.0,45.0,0
2026-09-26T13:10:19+00:00,731,520,599,33.0,65.0,0
2026-09-26T13:10:19+00:00,732,287,380,72.0,115.0,0
2026-09-26T13:10:19+00:00,733,176,286,130.0,168.0,0
2026-09-26T13:10:19+00:00,734,271,209,29.99,48.1,0
2026-09-26T13:15:29+00:00,730,220,2102,35.0,45.0,0
2026-09-26T13:15:29+00:00,731,520,599,33.0,65.0,0
2026-09-26T13:15:29+00:00,732,287,380,72.0,115.0,0
2026-09-26T13:15:29+00:00,733,176,286,130.0,168.0,0
2026-09-26T13:15:29+00:00,734,271,209,29.99,48.1,0
2026-09-26T13:20:40+00:00,730,221,2104,36.0,45.0,0
2026-09-26T13:20:40+00:00,731,520,599,33.0,65.0,0
2026-09-26T13:20:40+00:00,732,287,380,72.0,115.0,0
2026-09-26T13:20:40+00:00,733,176,286,130.0,168.0,0
2026-09-26T13:20:40+00:00,734,271,209,29.99,48.1,0
2026-09-26T13:25:49+00:00,730,219,2106,38.0,45.0,0
2026-09-26T13:25:49+00:00,731,520,599,33.0,65.0,0
2026-09-26T13:25:49+00:00,732,287,380,72.0,115.0,0
2026-09-26T13:25:49+00:00,733,176,286,130.0,168.0,0
2026-09-26T13:25:49+00:00,734,271,209,29.99,48.1,0
2026-09-26T13:31:01+00:00,730,217,2109,39.95,45.0,0
2026-09-26T13:31:01+00:00,731,520,599,33.0,65.0,0
2026-09-26T13:31:01+00:00,732,287,380,72.0,115.0,0
2026-09-26T13:31:01+00:00,733,176,286,130.0,168.0,0
2026-09-26T13:31:01+00:00,734,271,209,29.99,48.1,0
2026-09-26T13:36:14+00:00,730,217,2114,25.0,45.0,0
2026-09-26T13:36:14+00:00,731,520,599,33.0,65.0,0
2026-09-26T13:36:14+00:00,732,287,380,72.0,115.0,0
2026-09-26T13:36:14+00:00,733,176,286,130.0,168.0,0
2026-09-26T13:36:14+00:00,734,271,209,29.99,48.1,0
2026-09-26T13:41:25+00:00,730,214,2121,35.99,45.0,0
2026-09-26T13:41:25+00:00,731,520,599,33.0,65.0,0
2026-09-26T13:41:25+00:00,732,287,380,72.0,115.0,0
2026-09-26T13:41:25+00:00,733,176,286,130.0,168.0,0
2026-09-26T13:41:25+00:00,734,271,209,29.99,48.1,0
2026-09-26T13:46:38+00:00,730,210,2125,37.0,44.99,0
2026-09-26T13:46:38+00:00,731,520,599,33.0,65.0,0
2026-09-26T13:46:38+00:00,732,287,380,72.0,115.0,0
2026-09-26T13:46:38+00:00,733,176,286,130.0,168.0,0
2026-09-26T13:46:38+00:00,734,271,209,29.99,48.1,0
2026-09-26T13:51:48+00:00,730,204,2128,42.0,44.99,0
2026-09-26T13:51:48+00:00,731,520,599,33.0,65.0,0
2026-09-26T13:51:48+00:00,732,287,380,72.0,115.0,0
2026-09-26T13:51:48+00:00,733,176,286,130.0,168.0,0
2026-09-26T13:51:48+00:00,734,271,209,29.99,48.1,0
2026-09-26T13:56:59+00:00,730,205,2135,36.0,44.99,0
2026-09-26T13:56:59+00:00,731,520,599,33.0,65.0,0
2026-09-26T13:56:59+00:00,732,287,380,72.0,115.0,0
2026-09-26T13:56:59+00:00,733,176,286,130.0,168.0,0
2026-09-26T13:56:59+00:00,734,271,209,29.99,48.1,0
2026-09-26T14:02:07+00:00,730,203,2141,40.0,44.99,0
2026-09-26T14:02:07+00:00,731,520,599,33.0,65.0,0
2026-09-26T14:02:07+00:00,732,287,380,72.0,115.0,0
2026-09-26T14:02:07+00:00,733,176,286,130.0,168.0,0
2026-09-26T14:02:07+00:00,734,271,209,29.99,48.1,0
2026-09-26T14:07:16+00:00,730,201,2144,38.0,44.99,0
2026-09-26T14:07:16+00:00,731,520,599,33.0,65.0,0
2026-09-26T14:07:16+00:00,732,287,380,72.0,115.0,0
2026-09-26T14:07:16+00:00,733,176,286,130.0,168.0,0
2026-09-26T14:07:16+00:00,734,271,209,29.99,48.1,0
2026-09-26T14:12:27+00:00,730,200,2153,36.0,44.99,0
2026-09-26T14:12:27+00:00,731,520,599,33.0,65.0,0
2026-09-26T14:12:27+00:00,732,287,380,72.0,115.0,0
2026-09-26T14:12:27+00:00,733,176,286,130.0,168.0,0
2026-09-26T14:12:27+00:00,734,271,209,29.99,48.1,0
2026-09-26T14:17:36+00:00,730,197,2160,41.0,44.98,0
2026-09-26T14:17:36+00:00,731,520,599,33.0,65.0,0
2026-09-26T14:17:36+00:00,732,287,380,72.0,115.0,0
2026-09-26T14:17:36+00:00,733,176,286,130.0,168.0,0
2026-09-26T14:17:36+00:00,734,271,209,29.99,48.1,0
2026-09-26T14:22:46+00:00,730,198,2164,36.0,44.98,0
2026-09-26T14:22:46+00:00,731,520,599,33.0,65.0,0
2026-09-26T14:22:46+00:00,732,287,380,72.0,115.0,0
2026-09-26T14:22:46+00:00,733,176,286,130.0,168.0,0
2026-09-26T14:22:46+00:00,734,271,209,29.99,48.1,0
2026-09-26T14:27:55+00:00,730,199,2167,36.0,44.98,0
2026-09-26T14:27:55+00:00,731,521,599,33.0,65.0,0
2026-09-26T14:27:55+00:00,732,287,380,72.0,115.0,0
2026-09-26T14:27:55+00:00,733,176,286,130.0,168.0,0
2026-09-26T14:27:55+00:00,734,271,209,29.99,48.1,0
2026-09-26T14:33:05+00:00,730,196,2173,39.0,44.98,0
2026-09-26T14:33:05+00:00,731,521,599,33.0,65.0,0
2026-09-26T14:33:05+00:00,732,287,380,72.0,115.0,0
2026-09-26T14:33:05+00:00,733,176,286,130.0,168.0,0
2026-09-26T14:33:05+00:00,734,271,209,29.99,48.1,0
2026-09-26T14:38:17+00:00,730,191,2180,40.0,44.98,0
2026-09-26T14:38:17+00:00,731,521,599,33.0,65.0,0
2026-09-26T14:38:17+00:00,732,287,380,72.0,115.0,0
2026-09-26T14:38:17+00:00,733,176,286,130.0,168.0,0
2026-09-26T14:38:17+00:00,734,271,209,29.99,48.1,0
2026-09-26T14:43:30+00:00,730,184,2185,45.0,44.97,0
2026-09-26T14:43:30+00:00,731,521,599,33.0,65.0,0
2026-09-26T14:43:30+00:00,732,287,380,72.0,115.0,0
2026-09-26T14:43:30+00:00,733,175,286,130.0,168.0,0
2026-09-26T14:43:30+00:00,734,271,209,29.99,48.1,0
2026-09-26T14:48:41+00:00,730,191,2194,41.0,44.91,0
2026-09-26T14:48:41+00:00,731,521,599,33.0,65.0,0
2026-09-26T14:48:41+00:00,732,287,380,72.0,115.0,0
2026-09-26T14:48:41+00:00,733,176,286,130.0,168.0,0
2026-09-26T14:48:41+00:00,734,271,209,29.99,48.1,0
2026-09-26T14:53:50+00:00,730,190,2198,42.0,44.74,0
2026-09-26T14:53:50+00:00,731,520,600,36.0,65.0,0
2026-09-26T14:53:50+00:00,732,287,380,72.0,115.0,0
2026-09-26T14:53:50+00:00,733,177,286,130.0,168.0,0
2026-09-26T14:53:50+00:00,734,271,209,29.99,48.1,0
2026-09-26T14:59:02+00:00,730,181,2209,42.0,44.5,0
2026-09-26T14:59:02+00:00,731,519,600,36.0,65.0,0
2026-09-26T14:59:02+00:00,732,287,380,72.0,115.0,0
2026-09-26T14:59:02+00:00,733,177,286,130.0,168.0,0
2026-09-26T14:59:02+00:00,734,271,209,29.99,48.1,0
2026-09-26T15:04:12+00:00,730,180,2216,44.67,44.5,0
2026-09-26T15:04:12+00:00,731,519,600,36.0,65.0,0
2026-09-26T15:04:12+00:00,732,287,380,72.0,115.0,0
2026-09-26T15:04:12+00:00,733,177,286,130.0,168.0,0
2026-09-26T15:04:12+00:00,734,271,209,29.99,48.1,0
2026-09-26T15:09:22+00:00,730,170,2229,45.0,44.5,0
2026-09-26T15:09:22+00:00,731,519,600,36.0,65.0,0
2026-09-26T15:09:22+00:00,732,287,380,72.0,115.0,0
2026-09-26T15:09:22+00:00,733,177,286,130.0,168.0,0
2026-09-26T15:09:22+00:00,734,271,209,29.99,48.1,0
2026-09-26T15:14:35+00:00,730,159,2241,44.99,44.5,0
2026-09-26T15:14:35+00:00,731,517,601,37.0,65.0,0
2026-09-26T15:14:35+00:00,732,287,380,72.0,115.0,0
2026-09-26T15:14:35+00:00,733,177,286,130.0,168.0,0
2026-09-26T15:14:35+00:00,734,271,209,29.99,48.1,0
2026-09-26T15:19:47+00:00,730,153,2252,36.0,44.5,0
2026-09-26T15:19:47+00:00,731,516,603,38.0,65.0,0
2026-09-26T15:19:47+00:00,732,287,380,72.0,115.0,0
2026-09-26T15:19:47+00:00,733,177,286,130.0,168.0,0
2026-09-26T15:19:47+00:00,734,271,209,29.99,48.1,0
2026-09-26T15:24:57+00:00,730,150,2267,40.0,44.5,0
2026-09-26T15:24:57+00:00,731,513,606,38.0,64.99,0
2026-09-26T15:24:57+00:00,732,287,380,72.0,115.0,0
2026-09-26T15:24:57+00:00,733,177,286,130.0,168.0,0
2026-09-26T15:24:57+00:00,734,271,209,29.99,48.1,0
2026-09-26T15:30:06+00:00,730,133,2283,47.0,44.5,1
2026-09-26T15:30:06+00:00,731,514,606,38.0,64.99,0
2026-09-26T15:30:06+00:00,732,287,380,72.0,115.0,0
2026-09-26T15:30:06+00:00,733,177,286,130.0,168.0,0
2026-09-26T15:30:06+00:00,734,271,209,29.99,48.1,0
2026-09-26T15:35:18+00:00,730,143,2290,35.0,44.67,1
2026-09-26T15:35:18+00:00,731,514,606,38.0,64.99,0
2026-09-26T15:35:18+00:00,732,287,380,72.0,115.0,0
2026-09-26T15:35:18+00:00,733,177,286,130.0,168.0,0
2026-09-26T15:35:18+00:00,734,271,209,29.99,48.1,0
2026-09-26T15:40:28+00:00,730,125,2291,34.99,44.67,1
2026-09-26T15:40:28+00:00,731,514,606,38.0,64.99,0
2026-09-26T15:40:28+00:00,732,287,380,72.0,115.0,0
2026-09-26T15:40:28+00:00,733,177,286,130.0,168.0,0
2026-09-26T15:40:28+00:00,734,271,209,29.99,48.1,0
2026-09-26T15:45:36+00:00,730,106,2291,34.99,44.67,1
2026-09-26T15:45:36+00:00,731,514,606,38.0,64.99,0
2026-09-26T15:45:36+00:00,732,287,380,72.0,115.0,0
2026-09-26T15:45:36+00:00,733,177,286,130.0,168.0,0
2026-09-26T15:45:36+00:00,734,271,209,29.99,48.1,0
2026-09-26T15:50:45+00:00,730,86,2291,34.99,44.67,1
2026-09-26T15:50:45+00:00,731,515,606,38.0,64.99,0
2026-09-26T15:50:45+00:00,732,287,380,72.0,115.0,0
2026-09-26T15:50:45+00:00,733,177,286,130.0,168.0,0
2026-09-26T15:50:45+00:00,734,271,209,29.99,48.1,0
2026-09-26T15:55:54+00:00,730,65,2291,34.99,44.67,1
2026-09-26T15:55:54+00:00,731,515,606,38.0,64.99,0
2026-09-26T15:55:54+00:00,732,287,380,72.0,115.0,0
2026-09-26T15:55:54+00:00,733,177,286,130.0,168.0,0
2026-09-26T15:55:54+00:00,734,270,209,30.0,48.1,0
2026-09-26T16:01:06+00:00,730,45,2291,34.99,44.67,1
2026-09-26T16:01:06+00:00,731,515,606,38.0,64.99,0
2026-09-26T16:01:06+00:00,732,287,380,72.0,115.0,0
2026-09-26T16:01:06+00:00,733,177,286,130.0,168.0,0
2026-09-26T16:01:06+00:00,734,270,210,30.0,48.1,0
2026-09-26T16:06:15+00:00,730,25,2291,34.99,44.67,1
2026-09-26T16:06:15+00:00,731,515,606,38.0,64.99,0
2026-09-26T16:06:15+00:00,732,287,380,72.0,115.0,0
2026-09-26T16:06:15+00:00,733,177,286,130.0,168.0,0
2026-09-26T16:06:15+00:00,734,270,210,30.0,48.1,0
2026-09-26T16:11:23+00:00,730,6,2291,34.99,44.67,1
2026-09-26T16:11:23+00:00,731,514,606,39.0,64.99,0
2026-09-26T16:11:23+00:00,732,287,380,72.0,115.0,0
2026-09-26T16:11:23+00:00,733,177,286,130.0,168.0,0
2026-09-26T16:11:23+00:00,734,270,210,30.0,48.1,0
2026-09-26T16:16:32+00:00,730,3,2291,34.99,44.67,1
2026-09-26T16:16:32+00:00,731,516,606,37.99,64.99,0
2026-09-26T16:16:32+00:00,732,286,381,74.0,115.0,0
2026-09-26T16:16:32+00:00,733,177,286,130.0,168.0,0
2026-09-26T16:16:32+00:00,734,270,210,30.0,48.1,0
2026-09-26T16:21:41+00:00,730,3,2291,34.99,44.67,1
2026-09-26T16:21:41+00:00,731,518,606,37.99,64.99,0
2026-09-26T16:21:41+00:00,732,287,381,74.0,115.0,0
2026-09-26T16:21:41+00:00,733,177,286,130.0,168.0,0
2026-09-26T16:21:41+00:00,734,270,210,30.0,48.1,0
2026-09-26T16:26:51+00:00,730,3,2291,34.99,44.67,1
2026-09-26T16:26:51+00:00,731,517,606,38.0,64.99,0
2026-09-26T16:26:51+00:00,732,286,381,74.0,115.0,0
2026-09-26T16:26:51+00:00,733,177,286,130.0,168.0,0
2026-09-26T16:26:51+00:00,734,270,210,30.0,48.1,0
2026-09-26T16:32:01+00:00,730,3,2291,34.99,44.67,1
2026-09-26T16:32:01+00:00,731,517,608,37.99,64.5,0
2026-09-26T16:32:01+00:00,732,286,382,74.0,115.0,0
2026-09-26T16:32:01+00:00,733,177,286,130.0,168.0,0
2026-09-26T16:32:01+00:00,734,270,210,30.0,48.1,0
2026-09-26T16:37:11+00:00,731,517,608,37.99,64.5,0
2026-09-26T16:37:11+00:00,732,287,383,73.99,115.0,0
2026-09-26T16:37:11+00:00,733,177,286,130.0,168.0,0
2026-09-26T16:37:11+00:00,734,270,210,30.0,48.1,0
2026-09-26T16:42:21+00:00,731,516,608,38.0,64.5,0
2026-09-26T16:42:21+00:00,732,284,384,74.0,115.0,0
2026-09-26T16:42:21+00:00,733,175,286,130.0,168.0,0
2026-09-26T16:42:21+00:00,734,270,210,30.0,48.1,0
2026-09-26T16:47:32+00:00,731,517,608,37.99,64.5,0
2026-09-26T16:47:32+00:00,732,283,387,74.99,115.0,0
2026-09-26T16:47:32+00:00,733,177,286,130.0,168.0,0
2026-09-26T16:47:32+00:00,734,270,210,30.0,48.1,0
2026-09-26T16:52:43+00:00,731,516,608,38.0,64.5,0
2026-09-26T16:52:43+00:00,732,283,387,74.99,115.0,0
2026-09-26T16:52:43+00:00,733,177,286,130.0,168.0,0
2026-09-26T16:52:43+00:00,734,270,210,30.0,48.1,0
2026-09-26T16:57:53+00:00,731,517,608,36.0,64.5,0
2026-09-26T16:57:53+00:00,732,283,387,74.99,115.0,0
2026-09-26T16:57:53+00:00,733,177,286,130.0,168.0,0
2026-09-26T16:57:53+00:00,734,270,210,30.0,48.1,0
2026-09-26T17:03:03+00:00,731,515,610,36.0,64.0,0
2026-09-26T17:03:03+00:00,732,284,387,74.99,115.0,0
2026-09-26T17:03:03+00:00,733,178,286,130.0,168.0,0
2026-09-26T17:03:03+00:00,734,270,210,30.0,48.1,0
2026-09-26T17:08:14+00:00,731,516,610,36.0,64.0,0
2026-09-26T17:08:14+00:00,732,284,387,74.99,115.0,0
2026-09-26T17:08:14+00:00,733,178,286,130.0,168.0,0
2026-09-26T17:08:14+00:00,734,270,210,30.0,48.1,0
2026-09-26T17:13:24+00:00,731,514,612,36.0,64.0,0
2026-09-26T17:13:24+00:00,732,284,387,74.99,115.0,0
2026-09-26T17:13:24+00:00,733,178,286,130.0,168.0,0
2026-09-26T17:13:24+00:00,734,270,210,30.0,48.1,0
2026-09-26T17:18:37+00:00,731,515,612,36.0,64.0,0
2026-09-26T17:18:37+00:00,732,284,387,74.99,115.0,0
2026-09-26T17:18:37+00:00,733,178,286,130.0,168.0,0
2026-09-26T17:18:37+00:00,734,270,210,30.0,48.1,0
2026-09-26T17:23:47+00:00,731,514,612,36.0,64.0,0
2026-09-26T17:23:47+00:00,732,284,387,74.99,115.0,0
2026-09-26T17:23:47+00:00,733,178,286,130.0,168.0,0
2026-09-26T17:23:47+00:00,734,270,210,30.0,48.1,0
2026-09-26T17:28:55+00:00,731,516,612,36.0,64.0,0
2026-09-26T17:28:55+00:00,732,285,387,74.5,115.0,0
2026-09-26T17:28:55+00:00,733,178,286,130.0,168.0,0
2026-09-26T17:28:55+00:00,734,270,210,30.0,48.1,0
2026-09-26T17:34:05+00:00,731,514,614,36.0,64.0,0
2026-09-26T17:34:05+00:00,732,285,387,74.5,115.0,0
2026-09-26T17:34:05+00:00,733,178,286,130.0,168.0,0
2026-09-26T17:34:05+00:00,734,270,210,30.0,48.1,0
2026-09-26T17:39:14+00:00,731,512,616,36.0,64.0,0
2026-09-26T17:39:14+00:00,732,285,387,74.5,115.0,0
2026-09-26T17:39:14+00:00,733,178,286,130.0,168.0,0
2026-09-26T17:39:14+00:00,734,270,210,30.0,48.1,0
2026-09-26T17:44:25+00:00,731,512,616,36.0,64.0,0
2026-09-26T17:44:25+00:00,732,285,387,74.5,115.0,0
2026-09-26T17:44:25+00:00,733,178,286,130.0,168.0,0
2026-09-26T17:44:25+00:00,734,270,210,30.0,48.1,0
2026-09-26T17:49:37+00:00,731,510,616,39.98,64.0,0
2026-09-26T17:49:37+00:00,732,285,387,74.5,115.0,0
2026-09-26T17:49:37+00:00,733,178,286,130.0,168.0,0
2026-09-26T17:49:37+00:00,734,270,210,30.0,48.1,0
2026-09-26T17:54:47+00:00,731,509,617,39.98,64.0,0
2026-09-26T17:54:47+00:00,732,285,387,74.5,115.0,0
2026-09-26T17:54:47+00:00,733,178,286,130.0,168.0,0
2026-09-26T17:54:47+00:00,734,270,210,30.0,48.1,0
2026-09-26T17:59:56+00:00,731,512,617,36.0,64.0,0
2026-09-26T17:59:56+00:00,732,285,387,74.5,115.0,0
2026-09-26T17:59:56+00:00,733,178,286,130.0,168.0,0
2026-09-26T17:59:56+00:00,734,270,210,30.0,48.1,0
2026-09-26T18:05:06+00:00,731,513,617,36.0,64.0,0
2026-09-26T18:05:06+00:00,732,285,387,74.5,115.0,0
2026-09-26T18:05:06+00:00,733,178,286,130.0,168.0,0
2026-09-26T18:05:06+00:00,734,270,210,30.0,48.1,0
2026-09-26T18:10:18+00:00,731,513,617,36.0,64.0,0
2026-09-26T18:10:18+00:00,732,284,387,74.99,115.0,0
2026-09-26T18:10:18+00:00,733,178,286,130.0,168.0,0
2026-09-26T18:10:18+00:00,734,270,210,30.0,48.1,0
2026-09-26T18:15:28+00:00,731,513,617,36.0,64.0,0
2026-09-26T18:15:28+00:00,732,284,387,74.99,115.0,0
2026-09-26T18:15:28+00:00,733,178,286,130.0,168.0,0
2026-09-26T18:15:28+00:00,734,270,210,30.0,48.1,0
2026-09-26T18:20:43+00:00,731,513,617,36.0,64.0,0
2026-09-26T18:20:43+00:00,732,285,387,74.5,115.0,0
2026-09-26T18:20:43+00:00,733,178,286,130.0,168.0,0
2026-09-26T18:20:43+00:00,734,270,210,30.0,48.1,0
2026-09-26T18:25:54+00:00,731,513,617,36.0,64.0,0
2026-09-26T18:25:54+00:00,732,284,388,74.5,115.0,0
2026-09-26T18:25:54+00:00,733,178,286,130.0,168.0,0
2026-09-26T18:25:54+00:00,734,269,210,30.0,48.1,0
2026-09-26T18:31:04+00:00,731,512,618,37.99,64.0,0
2026-09-26T18:31:04+00:00,732,284,388,74.5,115.0,0
2026-09-26T18:31:04+00:00,733,178,286,130.0,168.0,0
2026-09-26T18:31:04+00:00,734,269,210,30.0,48.1,0
2026-09-26T18:36:15+00:00,731,510,619,37.99,63.99,0
2026-09-26T18:36:15+00:00,732,284,388,74.5,115.0,0
2026-09-26T18:36:15+00:00,733,177,286,130.0,168.0,0
2026-09-26T18:36:15+00:00,734,269,210,30.0,48.1,0
2026-09-26T18:41:28+00:00,731,510,620,39.98,63.99,0
2026-09-26T18:41:28+00:00,732,284,388,74.5,115.0,0
2026-09-26T18:41:28+00:00,733,176,287,130.0,168.0,0
2026-09-26T18:41:28+00:00,734,267,210,30.0,48.1,0
2026-09-26T18:46:38+00:00,731,511,620,37.99,63.99,0
2026-09-26T18:46:38+00:00,732,284,388,74.5,115.0,0
2026-09-26T18:46:38+00:00,733,176,288,130.0,168.0,0
2026-09-26T18:46:38+00:00,734,268,211,30.0,48.1,0
2026-09-26T18:51:52+00:00,731,510,620,39.98,63.99,0
2026-09-26T18:51:52+00:00,732,285,388,74.5,115.0,0
2026-09-26T18:51:52+00:00,733,176,288,130.0,168.0,0
2026-09-26T18:51:52+00:00,734,268,211,30.0,48.1,0
2026-09-26T18:57:05+00:00,731,511,620,37.99,63.99,0
2026-09-26T18:57:05+00:00,732,285,388,74.5,115.0,0
2026-09-26T18:57:05+00:00,733,176,288,130.0,168.0,0
2026-09-26T18:57:05+00:00,734,268,211,30.0,48.1,0
2026-09-26T19:02:16+00:00,731,510,620,39.98,63.99,0
2026-09-26T19:02:16+00:00,732,285,388,74.0,115.0,0
2026-09-26T19:02:16+00:00,733,176,288,130.0,168.0,0
2026-09-26T19:02:16+00:00,734,268,211,30.0,48.1,0
2026-09-26T19:07:28+00:00,731,512,620,37.99,63.99,0
2026-09-26T19:07:28+00:00,732,284,389,74.0,115.0,0
2026-09-26T19:07:28+00:00,733,176,288,130.0,168.0,0
2026-09-26T19:07:28+00:00,734,268,211,30.0,48.1,0
2026-09-26T19:12:39+00:00,731,512,620,37.99,63.99,0
2026-09-26T19:12:39+00:00,732,285,389,74.0,115.0,0
2026-09-26T19:12:39+00:00,733,176,288,130.0,168.0,0
2026-09-26T19:12:39+00:00,734,268,211,30.0,48.1,0
2026-09-26T19:17:54+00:00,731,511,620,39.97,63.99,0
2026-09-26T19:17:54+00:00,732,285,389,74.0,115.0,0
2026-09-26T19:17:54+00:00,733,176,288,130.0,168.0,0
2026-09-26T19:17:54+00:00,734,268,211,30.0,48.1,0
2026-09-26T19:23:06+00:00,731,512,620,37.99,63.99,0
2026-09-26T19:23:06+00:00,732,285,389,74.0,115.0,0
2026-09-26T19:23:06+00:00,733,176,288,130.0,168.0,0
2026-09-26T19:23:06+00:00,734,266,213,30.0,48.09,0
2026-09-26T19:28:18+00:00,731,512,620,37.99,63.99,0
2026-09-26T19:28:18+00:00,732,285,389,74.0,115.0,0
2026-09-26T19:28:18+00:00,733,176,288,130.0,168.0,0
2026-09-26T19:28:18+00:00,734,266,213,30.0,48.09,0
2026-09-26T19:33:28+00:00,731,511,620,39.97,63.99,0
2026-09-26T19:33:28+00:00,732,285,389,74.0,115.0,0
2026-09-26T19:33:28+00:00,733,176,288,130.0,168.0,0
2026-09-26T19:33:28+00:00,734,266,213,30.0,48.09,0
2026-09-26T19:38:38+00:00,731,511,621,39.97,63.99,0
2026-09-26T19:38:38+00:00,732,285,389,74.0,115.0,0
2026-09-26T19:38:38+00:00,733,176,288,130.0,168.0,0
2026-09-26T19:38:38+00:00,734,266,213,30.0,48.09,0
2026-09-26T19:43:48+00:00,731,509,622,40.0,63.99,0
2026-09-26T19:43:48+00:00,732,285,389,74.0,115.0,0
2026-09-26T19:43:48+00:00,733,176,288,130.0,168.0,0
2026-09-26T19:43:48+00:00,734,266,213,30.0,48.09,0
2026-09-26T19:49:02+00:00,731,510,622,39.97,63.99,0
2026-09-26T19:49:02+00:00,732,285,389,74.0,115.0,0
2026-09-26T19:49:02+00:00,733,176,288,130.0,168.0,0
2026-09-26T19:49:02+00:00,734,266,213,30.0,48.09,0
2026-09-26T19:54:15+00:00,731,509,622,39.97,63.99,0
2026-09-26T19:54:15+00:00,732,285,389,74.0,115.0,0
2026-09-26T19:54:15+00:00,733,176,288,130.0,168.0,0
2026-09-26T19:54:15+00:00,734,266,213,30.0,48.09,0
2026-09-26T19:59:25+00:00,731,510,623,39.95,63.99,0
2026-09-26T19:59:25+00:00,732,285,389,74.0,115.0,0
2026-09-26T19:59:25+00:00,733,176,288,130.0,168.0,0
2026-09-26T19:59:25+00:00,734,266,213,29.0,48.09,0
2026-09-26T20:04:36+00:00,731,510,623,39.95,63.99,0
2026-09-26T20:04:36+00:00,732,285,389,74.0,115.0,0
2026-09-26T20:04:36+00:00,733,176,288,130.0,168.0,0
2026-09-26T20:04:36+00:00,734,266,213,29.0,48.09,0
2026-09-26T20:09:47+00:00,731,507,626,39.95,63.98,0
2026-09-26T20:09:47+00:00,732,285,389,74.0,115.0,0
2026-09-26T20:09:47+00:00,733,176,288,130.0,168.0,0
2026-09-26T20:09:47+00:00,734,266,213,29.0,48.09,0
2026-09-26T20:14:59+00:00,731,507,626,39.95,63.98,0
2026-09-26T20:14:59+00:00,732,285,389,74.0,115.0,0
2026-09-26T20:14:59+00:00,733,176,288,130.0,168.0,0
2026-09-26T20:14:59+00:00,734,266,213,29.0,48.09,0
2026-09-26T20:20:09+00:00,731,506,626,39.95,63.98,0
2026-09-26T20:20:09+00:00,732,285,389,74.0,115.0,0
2026-09-26T20:20:09+00:00,733,176,288,130.0,168.0,0
2026-09-26T20:20:09+00:00,734,266,213,29.0,48.09,0
2026-09-26T20:25:19+00:00,731,506,627,39.95,63.98,0
2026-09-26T20:25:19+00:00,732,285,389,74.0,115.0,0
2026-09-26T20:25:19+00:00,733,176,288,130.0,168.0,0
2026-09-26T20:25:19+00:00,734,266,213,29.0,48.09,0
2026-09-26T20:30:31+00:00,731,506,627,39.95,63.98,0
2026-09-26T20:30:31+00:00,732,285,389,74.0,115.0,0
2026-09-26T20:30:31+00:00,733,176,288,130.0,168.0,0
2026-09-26T20:30:31+00:00,734,266,213,29.0,48.09,0
2026-09-26T20:35:39+00:00,731,504,628,39.95,63.94,0
2026-09-26T20:35:39+00:00,732,285,389,74.0,115.0,0
2026-09-26T20:35:39+00:00,733,176,288,130.0,168.0,0
2026-09-26T20:35:39+00:00,734,266,213,29.0,48.09,0
2026-09-26T20:40:48+00:00,731,506,628,39.95,63.94,0
2026-09-26T20:40:48+00:00,732,285,389,74.0,115.0,0
2026-09-26T20:40:48+00:00,733,175,288,130.0,168.0,0
2026-09-26T20:40:48+00:00,734,266,213,29.0,48.09,0
2026-09-26T20:45:59+00:00,731,507,628,39.95,63.94,0
2026-09-26T20:45:59+00:00,732,285,389,74.0,115.0,0
2026-09-26T20:45:59+00:00,733,175,288,130.0,168.0,0
2026-09-26T20:45:59+00:00,734,266,213,29.0,48.09,0
2026-09-26T20:51:10+00:00,731,508,628,39.95,63.94,0
2026-09-26T20:51:10+00:00,732,285,389,74.0,115.0,0
2026-09-26T20:51:10+00:00,733,176,288,130.0,168.0,0
2026-09-26T20:51:10+00:00,734,266,213,29.0,48.09,0
2026-09-26T20:56:21+00:00,731,508,628,39.95,63.94,0
2026-09-26T20:56:21+00:00,732,286,389,74.0,115.0,0
2026-09-26T20:56:21+00:00,733,176,288,130.0,168.0,0
2026-09-26T20:56:21+00:00,734,267,213,29.0,48.09,0
2026-09-26T21:01:34+00:00,731,508,628,39.95,63.94,0
2026-09-26T21:01:34+00:00,732,286,389,74.0,115.0,0
2026-09-26T21:01:34+00:00,733,176,288,130.0,168.0,0
2026-09-26T21:01:34+00:00,734,267,213,29.0,48.09,0
2026-09-26T21:06:46+00:00,731,508,628,39.95,63.94,0
2026-09-26T21:06:46+00:00,732,286,389,74.0,115.0,0
2026-09-26T21:06:46+00:00,733,175,288,130.0,168.0,0
2026-09-26T21:06:46+00:00,734,267,213,29.0,48.09,0
2026-09-26T21:11:57+00:00,731,509,628,39.95,63.94,0
2026-09-26T21:11:57+00:00,732,286,389,74.0,115.0,0
2026-09-26T21:11:57+00:00,733,175,288,130.0,168.0,0
2026-09-26T21:11:57+00:00,734,267,213,29.0,48.09,0
2026-09-26T21:17:08+00:00,731,509,628,39.95,63.94,0
2026-09-26T21:17:08+00:00,732,286,389,74.0,115.0,0
2026-09-26T21:17:08+00:00,733,176,288,130.0,168.0,0
2026-09-26T21:17:08+00:00,734,267,213,29.0,48.09,0
2026-09-26T21:22:21+00:00,731,509,628,39.95,63.94,0
2026-09-26T21:22:21+00:00,732,286,389,74.0,115.0,0
2026-09-26T21:22:21+00:00,733,176,288,130.0,168.0,0
2026-09-26T21:22:21+00:00,734,267,213,29.0,48.09,0
2026-09-26T21:27:31+00:00,731,509,628,39.95,63.94,0
2026-09-26T21:27:31+00:00,732,285,390,74.0,115.0,0
2026-09-26T21:27:31+00:00,733,176,288,130.0,168.0,0
2026-09-26T21:27:31+00:00,734,267,213,29.0,48.09,0
2026-09-26T21:32:43+00:00,731,509,628,39.95,63.94,0
2026-09-26T21:32:43+00:00,732,285,390,74.0,115.0,0
2026-09-26T21:32:43+00:00,733,176,288,130.0,168.0,0
2026-09-26T21:32:43+00:00,734,267,213,29.0,48.09,0
2026-09-26T21:37:53+00:00,731,509,628,39.95,63.94,0
2026-09-26T21:37:53+00:00,732,285,390,73.0,115.0,0
2026-09-26T21:37:53+00:00,733,176,288,130.0,168.0,0
2026-09-26T21:37:53+00:00,734,267,213,29.0,48.09,0
2026-09-26T21:43:04+00:00,731,509,628,39.95,63.94,0
2026-09-26T21:43:04+00:00,732,285,390,73.0,115.0,0
2026-09-26T21:43:04+00:00,733,176,288,130.0,168.0,0
2026-09-26T21:43:04+00:00,734,267,213,29.0,48.09,0
2026-09-26T21:48:14+00:00,731,509,628,39.95,63.94,0
2026-09-26T21:48:14+00:00,732,285,390,73.0,115.0,0
2026-09-26T21:48:14+00:00,733,176,288,130.0,168.0,0
2026-09-26T21:48:14+00:00,734,267,213,29.0,48.09,0
2026-09-26T21:53:22+00:00,731,509,628,39.95,63.94,0
2026-09-26T21:53:22+00:00,732,285,390,73.0,115.0,0
2026-09-26T21:53:22+00:00,733,176,288,130.0,168.0,0
2026-09-26T21:53:22+00:00,734,267,213,29.0,48.09,0
2026-09-26T21:58:34+00:00,731,508,628,39.99,63.94,0
2026-09-26T21:58:34+00:00,732,286,390,73.0,115.0,0
2026-09-26T21:58:34+00:00,733,176,288,130.0,168.0,0
2026-09-26T21:58:34+00:00,734,267,213,29.0,48.09,0
2026-09-26T22:03:45+00:00,731,509,628,39.95,63.94,0
2026-09-26T22:03:45+00:00,732,286,390,73.0,115.0,0
2026-09-26T22:03:45+00:00,733,176,288,130.0,168.0,0
2026-09-26T22:03:45+00:00,734,267,213,29.0,48.09,0
2026-09-26T22:08:56+00:00,731,508,628,39.99,63.94,0
2026-09-26T22:08:56+00:00,732,286,390,73.0,115.0,0
2026-09-26T22:08:56+00:00,733,176,288,130.0,168.0,0
2026-09-26T22:08:56+00:00,734,267,213,29.0,48.09,0
2026-09-26T22:14:07+00:00,731,508,629,39.99,63.9,0
2026-09-26T22:14:07+00:00,732,286,390,73.0,115.0,0
2026-09-26T22:14:07+00:00,733,176,288,130.0,168.0,0
2026-09-26T22:14:07+00:00,734,267,213,29.0,48.09,0
2026-09-26T22:19:16+00:00,731,508,629,39.99,63.9,0
2026-09-26T22:19:16+00:00,732,286,390,73.0,115.0,0
2026-09-26T22:19:16+00:00,733,176,288,130.0,168.0,0
2026-09-26T22:19:16+00:00,734,267,213,29.0,48.09,0
2026-09-26T22:24:25+00:00,731,508,629,39.99,63.9,0
2026-09-26T22:24:25+00:00,732,286,390,73.0,115.0,0
2026-09-26T22:24:25+00:00,733,177,288,125.0,168.0,0
2026-09-26T22:24:25+00:00,734,267,213,29.0,48.09,0
2026-09-26T22:29:35+00:00,731,507,629,39.99,63.9,0
2026-09-26T22:29:35+00:00,732,286,390,73.0,115.0,0
2026-09-26T22:29:35+00:00,733,177,288,125.0,168.0,0
2026-09-26T22:29:35+00:00,734,267,213,29.0,48.09,0
2026-09-26T22:34:45+00:00,731,507,629,39.99,63.9,0
2026-09-26T22:34:45+00:00,732,286,390,73.0,115.0,0
2026-09-26T22:34:45+00:00,733,178,288,125.0,168.0,0
2026-09-26T22:34:45+00:00,734,267,213,29.0,48.09,0
2026-09-26T22:39:57+00:00,731,509,629,39.99,63.9,0
2026-09-26T22:39:57+00:00,732,287,390,73.0,115.0,0
2026-09-26T22:39:57+00:00,733,178,288,125.0,168.0,0
2026-09-26T22:39:57+00:00,734,268,213,29.0,48.09,0
2026-09-26T22:45:08+00:00,731,509,629,39.99,63.9,0
2026-09-26T22:45:08+00:00,732,287,390,73.0,115.0,0
2026-09-26T22:45:08+00:00,733,178,288,125.0,168.0,0
2026-09-26T22:45:08+00:00,734,268,213,29.0,48.09,0
2026-09-26T22:50:17+00:00,731,509,629,39.99,63.9,0
2026-09-26T22:50:17+00:00,732,287,390,73.0,115.0,0
2026-09-26T22:50:17+00:00,733,178,288,125.0,168.0,0
2026-09-26T22:50:17+00:00,734,268,213,29.0,48.09,0
2026-09-26T22:55:27+00:00,731,510,629,39.99,63.9,0
2026-09-26T22:55:27+00:00,732,287,390,73.0,115.0,0
2026-09-26T22:55:27+00:00,733,178,288,125.0,168.0,0
2026-09-26T22:55:27+00:00,734,267,213,30.0,48.09,0
2026-09-26T23:00:38+00:00,731,511,629,39.99,63.9,0
2026-09-26T23:00:38+00:00,732,287,390,73.0,115.0,0
2026-09-26T23:00:38+00:00,733,178,288,125.0,168.0,0
2026-09-26T23:00:38+00:00,734,268,213,29.0,48.09,0
2026-09-26T23:05:51+00:00,731,510,630,39.99,63.9,0
2026-09-26T23:05:51+00:00,732,287,390,70.0,115.0,0
2026-09-26T23:05:51+00:00,733,178,288,125.0,168.0,0
2026-09-26T23:05:51+00:00,734,268,213,29.0,48.09,0
2026-09-26T23:11:02+00:00,731,514,630,39.99,63.9,0
2026-09-26T23:11:02+00:00,732,287,390,70.0,115.0,0
2026-09-26T23:11:02+00:00,733,180,288,125.0,168.0,0
2026-09-26T23:11:02+00:00,734,268,213,29.0,48.09,0
2026-09-26T23:16:14+00:00,731,516,630,39.95,63.9,0
2026-09-26T23:16:14+00:00,732,287,391,69.69,115.0,0
2026-09-26T23:16:14+00:00,733,180,288,125.0,168.0,0
2026-09-26T23:16:14+00:00,734,268,213,29.0,48.09,0
2026-09-26T23:21:24+00:00,731,516,630,39.95,63.9,0
2026-09-26T23:21:24+00:00,732,287,391,69.69,115.0,0
2026-09-26T23:21:24+00:00,733,181,288,124.0,168.0,0
2026-09-26T23:21:24+00:00,734,268,213,29.0,48.09,0
2026-09-26T23:26:34+00:00,731,518,630,39.95,63.9,0
2026-09-26T23:26:34+00:00,732,287,391,69.69,115.0,0
2026-09-26T23:26:34+00:00,733,181,288,124.0,168.0,0
2026-09-26T23:26:34+00:00,734,268,213,29.0,48.09,0
2026-09-26T23:31:47+00:00,731,519,630,39.95,63.9,0
2026-09-26T23:31:47+00:00,732,287,391,69.69,115.0,0
2026-09-26T23:31:47+00:00,733,181,288,124.0,168.0,0
2026-09-26T23:31:47+00:00,734,268,213,29.0,48.09,0
2026-09-26T23:36:58+00:00,731,519,630,39.95,63.9,0
2026-09-26T23:36:58+00:00,732,287,391,69.69,115.0,0
2026-09-26T23:36:58+00:00,733,181,288,124.0,168.0,0
2026-09-26T23:36:58+00:00,734,268,213,29.0,48.09,0
2026-09-26T23:42:07+00:00,731,521,630,39.94,63.9,0
2026-09-26T23:42:07+00:00,732,287,391,69.69,115.0,0
2026-09-26T23:42:07+00:00,733,181,288,124.0,168.0,0
2026-09-26T23:42:07+00:00,734,268,213,29.0,48.09,0
2026-09-26T23:47:19+00:00,731,521,630,39.94,63.9,0
2026-09-26T23:47:19+00:00,732,287,391,69.69,115.0,0
2026-09-26T23:47:19+00:00,733,181,288,124.0,168.0,0
2026-09-26T23:47:19+00:00,734,268,213,29.0,48.09,0
2026-09-26T23:52:30+00:00,731,521,630,39.94,63.9,0
2026-09-26T23:52:30+00:00,732,288,391,69.69,115.0,0
2026-09-26T23:52:30+00:00,733,181,288,124.0,168.0,0
2026-09-26T23:52:30+00:00,734,268,213,29.0,48.09,0
2026-09-26T23:57:41+00:00,731,521,630,39.94,63.9,0
2026-09-26T23:57:41+00:00,732,288,391,69.69,115.0,0
2026-09-26T23:57:41+00:00,733,181,288,124.0,168.0,0
2026-09-26T23:57:41+00:00,734,268,213,29.0,48.09,0
2026-09-27T00:02:51+00:00,731,521,630,39.94,63.9,0
2026-09-27T00:02:51+00:00,732,288,391,69.69,115.0,0
2026-09-27T00:02:51+00:00,733,179,289,124.0,167.99,0
2026-09-27T00:02:51+00:00,734,268,213,29.0,48.09,0
2026-09-27T00:08:00+00:00,731,521,630,39.94,63.9,0
2026-09-27T00:08:00+00:00,732,288,391,69.69,115.0,0
2026-09-27T00:08:00+00:00,733,179,290,124.0,167.9,0
2026-09-27T00:08:00+00:00,734,268,213,29.0,48.09,0
2026-09-27T00:13:13+00:00,731,521,630,39.94,63.9,0
2026-09-27T00:13:13+00:00,732,288,391,69.69,115.0,0
2026-09-27T00:13:13+00:00,733,179,290,124.0,167.9,0
2026-09-27T00:13:13+00:00,734,268,213,29.0,48.09,0
2026-09-27T00:18:22+00:00,731,519,632,39.99,63.44,0
2026-09-27T00:18:22+00:00,732,288,391,69.69,115.0,0
2026-09-27T00:18:22+00:00,733,179,290,124.0,167.9,0
2026-09-27T00:18:22+00:00,734,268,213,29.0,48.09,0
2026-09-27T00:23:31+00:00,731,518,633,40.0,63.0,0
2026-09-27T00:23:31+00:00,732,288,391,69.69,115.0,0
2026-09-27T00:23:31+00:00,733,179,290,124.0,167.9,0
2026-09-27T00:23:31+00:00,734,268,213,29.0,48.09,0
2026-09-27T00:28:41+00:00,731,518,633,40.0,63.0,0
2026-09-27T00:28:41+00:00,732,288,391,69.69,115.0,0
2026-09-27T00:28:41+00:00,733,179,290,124.0,167.9,0
2026-09-27T00:28:41+00:00,734,268,213,29.0,48.09,0
2026-09-27T00:33:53+00:00,731,520,633,40.0,63.0,0
2026-09-27T00:33:53+00:00,732,288,391,67.67,115.0,0
2026-09-27T00:33:53+00:00,733,179,290,120.0,167.9,0
2026-09-27T00:33:53+00:00,734,268,213,29.0,48.09,0
2026-09-27T00:39:03+00:00,731,520,633,40.0,63.0,0
2026-09-27T00:39:03+00:00,732,288,391,67.67,115.0,0
2026-09-27T00:39:03+00:00,733,178,290,124.0,167.9,0
2026-09-27T00:39:03+00:00,734,268,213,29.0,48.09,0
2026-09-27T00:44:13+00:00,731,520,633,40.0,63.0,0
2026-09-27T00:44:13+00:00,732,288,391,67.67,115.0,0
2026-09-27T00:44:13+00:00,733,180,290,120.0,167.9,0
2026-09-27T00:44:13+00:00,734,268,213,29.0,48.09,0
2026-09-27T00:49:22+00:00,731,521,633,35.0,63.0,0
2026-09-27T00:49:22+00:00,732,287,392,69.69,115.0,0
2026-09-27T00:49:22+00:00,733,180,290,120.0,167.9,0
2026-09-27T00:49:22+00:00,734,267,214,30.0,48.08,0
2026-09-27T00:54:30+00:00,731,523,633,35.0,63.0,0
2026-09-27T00:54:30+00:00,732,287,392,69.69,115.0,0
2026-09-27T00:54:30+00:00,733,180,290,120.0,167.9,0
2026-09-27T00:54:30+00:00,734,267,214,30.0,48.08,0
2026-09-27T00:59:39+00:00,731,523,633,35.0,63.0,0
2026-09-27T00:59:39+00:00,732,287,392,69.69,115.0,0
2026-09-27T00:59:39+00:00,733,180,290,120.0,167.9,0
2026-09-27T00:59:39+00:00,734,267,214,30.0,48.08,0
2026-09-27T01:04:50+00:00,731,523,633,35.0,63.0,0
2026-09-27T01:04:50+00:00,732,287,392,69.69,115.0,0
2026-09-27T01:04:50+00:00,733,180,290,120.0,167.9,0
2026-09-27T01:04:50+00:00,734,267,214,30.0,48.08,0
2026-09-27T01:10:00+00:00,731,520,635,35.0,63.0,0
2026-09-27T01:10:00+00:00,732,287,392,69.69,115.0,0
2026-09-27T01:10:00+00:00,733,180,291,119.99,167.8,0
2026-09-27T01:10:00+00:00,734,267,214,30.0,48.08,0
2026-09-27T01:15:09+00:00,731,521,635,35.0,63.0,0
2026-09-27T01:15:09+00:00,732,287,392,69.69,115.0,0
2026-09-27T01:15:09+00:00,733,180,291,119.99,167.8,0
2026-09-27T01:15:09+00:00,734,266,215,30.0,48.08,0
2026-09-27T01:20:19+00:00,731,522,635,30.0,63.0,0
2026-09-27T01:20:19+00:00,732,287,392,70.0,115.0,0
2026-09-27T01:20:19+00:00,733,180,291,119.99,167.8,0
2026-09-27T01:20:19+00:00,734,266,215,30.0,48.08,0
2026-09-27T01:25:30+00:00,731,522,635,30.0,63.0,0
2026-09-27T01:25:30+00:00,732,287,392,70.0,115.0,0
2026-09-27T01:25:30+00:00,733,181,291,119.99,167.8,0
2026-09-27T01:25:30+00:00,734,266,215,30.0,48.08,0
2026-09-27T01:30:39+00:00,731,522,636,35.0,63.0,0
2026-09-27T01:30:39+00:00,732,286,392,73.0,115.0,0
2026-09-27T01:30:39+00:00,733,181,291,119.99,167.8,0
2026-09-27T01:30:39+00:00,734,266,215,30.0,48.08,0
2026-09-27T01:35:47+00:00,731,522,636,35.0,63.0,0
2026-09-27T01:35:47+00:00,732,286,392,73.0,115.0,0
2026-09-27T01:35:47+00:00,733,181,291,119.99,167.8,0
2026-09-27T01:35:47+00:00,734,266,215,30.0,48.08,0
2026-09-27T01:40:57+00:00,731,522,636,35.0,63.0,0
2026-09-27T01:40:57+00:00,732,287,392,70.0,115.0,0
2026-09-27T01:40:57+00:00,733,181,291,119.99,167.8,0
2026-09-27T01:40:57+00:00,734,265,215,30.0,48.08,0
2026-09-27T01:46:09+00:00,731,523,636,35.0,63.0,0
2026-09-27T01:46:09+00:00,732,287,392,70.0,115.0,0
2026-09-27T01:46:09+00:00,733,181,291,119.99,167.8,0
2026-09-27T01:46:09+00:00,734,266,215,30.0,48.08,0
2026-09-27T01:51:20+00:00,731,523,636,35.0,63.0,0
2026-09-27T01:51:20+00:00,732,287,392,70.0,115.0,0
2026-09-27T01:51:20+00:00,733,181,291,119.99,167.8,0
2026-09-27T01:51:20+00:00,734,266,215,30.0,48.08,0
2026-09-27T01:56:31+00:00,731,521,637,35.0,63.0,0
2026-09-27T01:56:31+00:00,732,287,392,70.0,115.0,0
2026-09-27T01:56:31+00:00,733,181,291,119.99,167.8,0
2026-09-27T01:56:31+00:00,734,266,215,30.0,48.08,0
2026-09-27T02:01:43+00:00,731,523,637,35.0,63.0,0
2026-09-27T02:01:43+00:00,732,287,392,70.0,115.0,0
2026-09-27T02:01:43+00:00,733,181,291,119.99,167.8,0
2026-09-27T02:01:43+00:00,734,266,215,30.0,48.08,0
2026-09-27T02:06:56+00:00,731,523,637,35.0,63.0,0
2026-09-27T02:06:56+00:00,732,287,392,70.0,115.0,0
2026-09-27T02:06:56+00:00,733,181,291,119.99,167.8,0
2026-09-27T02:06:56+00:00,734,266,215,30.0,48.08,0
2026-09-27T02:12:06+00:00,731,522,637,35.0,63.0,0
2026-09-27T02:12:06+00:00,732,287,392,70.0,115.0,0
2026-09-27T02:12:06+00:00,733,181,291,119.99,167.8,0
2026-09-27T02:12:06+00:00,734,266,215,30.0,48.08,0
2026-09-27T02:17:51+00:00,731,521,637,35.0,63.0,0
2026-09-27T02:17:51+00:00,732,287,392,70.0,115.0,0
2026-09-27T02:17:51+00:00,733,181,291,119.99,167.8,0
2026-09-27T02:17:51+00:00,734,265,215,30.0,48.08,0
2026-09-27T02:23:00+00:00,731,520,637,39.0,63.0,0
2026-09-27T02:23:00+00:00,732,288,392,70.0,115.0,0
2026-09-27T02:23:00+00:00,733,180,292,120.0,167.4,0
2026-09-27T02:23:00+00:00,734,265,215,30.0,48.08,0
2026-09-27T02:28:11+00:00,731,520,639,39.0,63.0,0
2026-09-27T02:28:11+00:00,732,288,392,70.0,115.0,0
2026-09-27T02:28:11+00:00,733,180,292,120.0,167.4,0
2026-09-27T02:28:11+00:00,734,265,215,30.0,48.08,0
2026-09-27T02:33:56+00:00,731,520,639,39.0,63.0,0
2026-09-27T02:33:56+00:00,732,288,392,70.0,115.0,0
2026-09-27T02:33:56+00:00,733,180,292,120.0,167.4,0
2026-09-27T02:33:56+00:00,734,265,215,30.0,48.08,0
2026-09-27T02:39:04+00:00,731,519,640,40.0,63.0,0
2026-09-27T02:39:04+00:00,732,288,392,70.0,115.0,0
2026-09-27T02:39:04+00:00,733,180,292,120.0,167.4,0
2026-09-27T02:39:04+00:00,734,265,215,30.0,48.08,0
2026-09-27T02:44:15+00:00,731,519,640,40.0,63.0,0
2026-09-27T02:44:15+00:00,732,288,392,70.0,115.0,0
2026-09-27T02:44:15+00:00,733,180,292,120.0,167.4,0
2026-09-27T02:44:15+00:00,734,265,215,30.0,48.08,0
2026-09-27T02:49:28+00:00,731,519,640,40.0,63.0,0
2026-09-27T02:49:28+00:00,732,288,392,70.0,115.0,0
2026-09-27T02:49:28+00:00,733,180,292,120.0,167.4,0
2026-09-27T02:49:28+00:00,734,265,215,30.0,48.08,0
2026-09-27T02:54:40+00:00,731,517,641,40.0,63.0,0
2026-09-27T02:54:40+00:00,732,288,392,70.0,115.0,0
2026-09-27T02:54:40+00:00,733,180,292,120.0,167.4,0
2026-09-27T02:54:40+00:00,734,265,215,30.0,48.08,0
2026-09-27T02:59:52+00:00,731,518,641,40.0,63.0,0
2026-09-27T02:59:52+00:00,732,288,392,70.0,115.0,0
2026-09-27T02:59:52+00:00,733,180,292,120.0,167.4,0
2026-09-27T02:59:52+00:00,734,265,215,30.0,48.08,0
2026-09-27T03:05:04+00:00,731,518,641,40.0,63.0,0
2026-09-27T03:05:04+00:00,732,288,392,70.0,115.0,0
2026-09-27T03:05:04+00:00,733,180,292,120.0,167.4,0
2026-09-27T03:05:04+00:00,734,265,215,30.0,48.08,0
2026-09-27T03:10:15+00:00,731,518,641,40.0,63.0,0
2026-09-27T03:10:15+00:00,732,288,392,70.0,115.0,0
2026-09-27T03:10:15+00:00,733,180,292,120.0,167.4,0
2026-09-27T03:10:15+00:00,734,265,215,30.0,48.08,0
2026-09-27T03:15:25+00:00,731,519,641,40.0,63.0,0
2026-09-27T03:15:25+00:00,732,288,392,70.0,115.0,0
2026-09-27T03:15:25+00:00,733,180,292,120.0,167.4,0
2026-09-27T03:15:25+00:00,734,265,215,30.0,48.08,0
2026-09-27T03:20:37+00:00,731,519,641,40.0,63.0,0
2026-09-27T03:20:37+00:00,732,288,392,70.0,115.0,0
2026-09-27T03:20:37+00:00,733,180,292,120.0,167.4,0
2026-09-27T03:20:37+00:00,734,265,215,30.0,48.08,0
2026-09-27T03:25:48+00:00,731,519,641,40.0,63.0,0
2026-09-27T03:25:48+00:00,732,288,392,70.0,115.0,0
2026-09-27T03:25:48+00:00,733,180,292,120.0,167.4,0
2026-09-27T03:25:48+00:00,734,265,215,30.0,48.08,0
2026-09-27T03:31:00+00:00,731,519,641,40.0,63.0,0
2026-09-27T03:31:00+00:00,732,288,392,70.0,115.0,0
2026-09-27T03:31:00+00:00,733,180,292,120.0,167.4,0
2026-09-27T03:31:00+00:00,734,265,215,30.0,48.08,0
2026-09-27T03:36:12+00:00,731,519,641,40.0,63.0,0
2026-09-27T03:36:12+00:00,732,288,392,70.0,115.0,0
2026-09-27T03:36:12+00:00,733,180,292,120.0,167.4,0
2026-09-27T03:36:12+00:00,734,265,215,30.0,48.08,0
2026-09-27T03:41:24+00:00,731,519,641,40.0,63.0,0
2026-09-27T03:41:24+00:00,732,288,392,70.0,115.0,0
2026-09-27T03:41:24+00:00,733,181,292,120.0,167.4,0
2026-09-27T03:41:24+00:00,734,265,215,30.0,48.08,0
2026-09-27T03:46:35+00:00,731,519,641,40.0,63.0,0
2026-09-27T03:46:35+00:00,732,288,392,70.0,115.0,0
2026-09-27T03:46:35+00:00,733,180,292,125.0,167.4,0
2026-09-27T03:46:35+00:00,734,265,215,30.0,48.08,0
2026-09-27T03:51:46+00:00,731,519,641,40.0,63.0,0
2026-09-27T03:51:46+00:00,732,288,392,70.0,115.0,0
2026-09-27T03:51:46+00:00,733,180,293,125.0,167.0,0
2026-09-27T03:51:46+00:00,734,265,215,30.0,48.08,0
2026-09-27T03:56:58+00:00,731,519,641,40.0,63.0,0
2026-09-27T03:56:58+00:00,732,288,392,70.0,115.0,0
2026-09-27T03:56:58+00:00,733,180,293,125.0,167.0,0
2026-09-27T03:56:58+00:00,734,265,215,30.0,48.08,0
2026-09-27T04:02:09+00:00,731,519,641,40.0,63.0,0
2026-09-27T04:02:09+00:00,732,288,392,70.0,115.0,0
2026-09-27T04:02:09+00:00,733,180,293,125.0,167.0,0
2026-09-27T04:02:09+00:00,734,265,215,30.0,48.08,0
2026-09-27T04:07:20+00:00,731,519,641,40.0,63.0,0
2026-09-27T04:07:20+00:00,732,288,392,70.0,115.0,0
2026-09-27T04:07:20+00:00,733,180,293,125.0,167.0,0
2026-09-27T04:07:20+00:00,734,265,215,30.0,48.08,0
2026-09-27T04:12:31+00:00,731,519,641,40.0,63.0,0
2026-09-27T04:12:31+00:00,732,288,392,70.0,115.0,0
2026-09-27T04:12:31+00:00,733,180,293,125.0,167.0,0
2026-09-27T04:12:31+00:00,734,265,215,30.0,48.08,0
2026-09-27T04:17:41+00:00,731,519,641,40.0,63.0,0
2026-09-27T04:17:41+00:00,732,288,392,70.0,115.0,0
2026-09-27T04:17:41+00:00,733,180,293,125.0,167.0,0
2026-09-27T04:17:41+00:00,734,265,215,30.0,48.08,0
2026-09-27T04:22:53+00:00,731,519,641,40.0,63.0,0
2026-09-27T04:22:53+00:00,732,288,392,70.0,115.0,0
2026-09-27T04:22:53+00:00,733,180,293,125.0,167.0,0
2026-09-27T04:22:53+00:00,734,265,215,30.0,48.08,0
2026-09-27T04:28:05+00:00,731,519,641,40.0,63.0,0
2026-09-27T04:28:05+00:00,732,288,392,70.0,115.0,0
2026-09-27T04:28:05+00:00,733,180,293,125.0,167.0,0
2026-09-27T04:28:05+00:00,734,265,215,30.0,48.08,0
2026-09-27T04:33:15+00:00,731,519,641,40.0,63.0,0
2026-09-27T04:33:15+00:00,732,288,392,70.0,115.0,0
2026-09-27T04:33:15+00:00,733,180,293,125.0,167.0,0
2026-09-27T04:33:15+00:00,734,265,215,30.0,48.08,0
2026-09-27T04:38:24+00:00,731,519,641,40.0,63.0,0
2026-09-27T04:38:24+00:00,732,288,392,70.0,115.0,0
2026-09-27T04:38:24+00:00,733,180,293,125.0,167.0,0
2026-09-27T04:38:24+00:00,734,265,215,30.0,48.08,0
2026-09-27T04:43:35+00:00,731,519,641,40.0,63.0,0
2026-09-27T04:43:35+00:00,732,288,392,70.0,115.0,0
2026-09-27T04:43:35+00:00,733,180,293,125.0,167.0,0
2026-09-27T04:43:35+00:00,734,265,215,30.0,48.08,0
2026-09-27T04:48:46+00:00,731,519,641,40.0,63.0,0
2026-09-27T04:48:46+00:00,732,288,392,70.0,115.0,0
2026-09-27T04:48:46+00:00,733,180,293,125.0,167.0,0
2026-09-27T04:48:46+00:00,734,265,215,30.0,48.08,0
2026-09-27T04:53:57+00:00,731,519,641,40.0,63.0,0
2026-09-27T04:53:57+00:00,732,288,392,70.0,115.0,0
2026-09-27T04:53:57+00:00,733,180,293,125.0,167.0,0
2026-09-27T04:53:57+00:00,734,265,215,30.0,48.08,0
2026-09-27T04:59:05+00:00,731,519,641,40.0,63.0,0
2026-09-27T04:59:05+00:00,732,288,392,70.0,115.0,0
2026-09-27T04:59:05+00:00,733,180,293,125.0,167.0,0
2026-09-27T04:59:05+00:00,734,265,215,30.0,48.08,0
2026-09-27T05:04:16+00:00,731,519,641,40.0,63.0,0
2026-09-27T05:04:16+00:00,732,288,392,70.0,115.0,0
2026-09-27T05:04:16+00:00,733,180,293,125.0,167.0,0
2026-09-27T05:04:16+00:00,734,265,215,30.0,48.08,0
2026-09-27T05:09:28+00:00,731,519,641,40.0,63.0,0
2026-09-27T05:09:28+00:00,732,288,392,70.0,115.0,0
2026-09-27T05:09:28+00:00,733,180,293,125.0,167.0,0
2026-09-27T05:09:28+00:00,734,265,215,30.0,48.08,0
2026-09-27T05:14:39+00:00,731,519,641,40.0,63.0,0
2026-09-27T05:14:39+00:00,732,288,392,70.0,115.0,0
2026-09-27T05:14:39+00:00,733,180,293,125.0,167.0,0
2026-09-27T05:14:39+00:00,734,265,215,30.0,48.08,0
2026-09-27T05:19:49+00:00,731,519,641,40.0,63.0,0
2026-09-27T05:19:49+00:00,732,288,392,70.0,115.0,0
2026-09-27T05:19:49+00:00,733,180,293,125.0,167.0,0
2026-09-27T05:19:49+00:00,734,265,215,30.0,48.08,0
2026-09-27T05:24:59+00:00,731,519,641,39.0,63.0,0
2026-09-27T05:24:59+00:00,732,288,392,70.0,115.0,0
2026-09-27T05:24:59+00:00,733,180,293,125.0,167.0,0
2026-09-27T05:24:59+00:00,734,265,215,30.0,48.08,0
2026-09-27T05:30:10+00:00,731,519,641,39.0,63.0,0
2026-09-27T05:30:10+00:00,732,288,392,70.0,115.0,0
2026-09-27T05:30:10+00:00,733,180,293,125.0,167.0,0
2026-09-27T05:30:10+00:00,734,265,215,30.0,48.08,0
2026-09-27T05:35:19+00:00,731,520,641,39.0,63.0,0
2026-09-27T05:35:19+00:00,732,288,392,70.0,115.0,0
2026-09-27T05:35:19+00:00,733,180,293,125.0,167.0,0
2026-09-27T05:35:19+00:00,734,265,215,30.0,48.08,0
2026-09-27T05:40:30+00:00,731,520,641,39.0,63.0,0
2026-09-27T05:40:30+00:00,732,288,392,70.0,115.0,0
2026-09-27T05:40:30+00:00,733,180,293,125.0,167.0,0
2026-09-27T05:40:30+00:00,734,265,215,30.0,48.08,0
2026-09-27T05:45:40+00:00,731,519,641,40.0,63.0,0
2026-09-27T05:45:40+00:00,732,288,392,70.0,115.0,0
2026-09-27T05:45:40+00:00,733,180,293,125.0,167.0,0
2026-09-27T05:45:40+00:00,734,265,215,30.0,48.08,0
2026-09-27T05:50:51+00:00,731,519,641,40.0,63.0,0
2026-09-27T05:50:51+00:00,732,288,392,70.0,115.0,0
2026-09-27T05:50:51+00:00,733,180,293,125.0,167.0,0
2026-09-27T05:50:51+00:00,734,265,215,30.0,48.08,0
2026-09-27T05:56:01+00:00,731,521,641,39.0,63.0,0
2026-09-27T05:56:01+00:00,732,288,392,70.0,115.0,0
2026-09-27T05:56:01+00:00,733,180,293,125.0,167.0,0
2026-09-27T05:56:01+00:00,734,265,215,30.0,48.08,0
2026-09-27T06:01:12+00:00,731,521,641,39.0,63.0,0
2026-09-27T06:01:12+00:00,732,288,392,70.0,115.0,0
2026-09-27T06:01:12+00:00,733,180,293,125.0,167.0,0
2026-09-27T06:01:12+00:00,734,265,215,30.0,48.08,0
2026-09-27T06:06:23+00:00,731,521,641,39.0,63.0,0
2026-09-27T06:06:23+00:00,732,288,392,70.0,115.0,0
2026-09-27T06:06:23+00:00,733,180,293,125.0,167.0,0
2026-09-27T06:06:23+00:00,734,265,215,30.0,48.08,0
2026-09-27T06:11:34+00:00,731,521,641,39.0,63.0,0
2026-09-27T06:11:34+00:00,732,288,392,70.0,115.0,0
2026-09-27T06:11:34+00:00,733,180,293,125.0,167.0,0
2026-09-27T06:11:34+00:00,734,265,215,30.0,48.08,0
2026-09-27T06:16:44+00:00,731,522,641,39.0,63.0,0
2026-09-27T06:16:44+00:00,732,288,392,70.0,115.0,0
2026-09-27T06:16:44+00:00,733,180,293,125.0,167.0,0
2026-09-27T06:16:44+00:00,734,265,215,30.0,48.08,0
2026-09-27T06:21:54+00:00,731,522,641,39.0,63.0,0
2026-09-27T06:21:54+00:00,732,288,392,70.0,115.0,0
2026-09-27T06:21:54+00:00,733,180,293,125.0,167.0,0
2026-09-27T06:21:54+00:00,734,265,215,30.0,48.08,0
2026-09-27T06:27:04+00:00,731,522,641,39.0,63.0,0
2026-09-27T06:27:04+00:00,732,288,392,70.0,115.0,0
2026-09-27T06:27:04+00:00,733,180,293,125.0,167.0,0
2026-09-27T06:27:04+00:00,734,265,215,30.0,48.08,0
2026-09-27T06:32:15+00:00,731,522,641,39.0,63.0,0
2026-09-27T06:32:15+00:00,732,288,392,70.0,115.0,0
2026-09-27T06:32:15+00:00,733,180,293,125.0,167.0,0
2026-09-27T06:32:15+00:00,734,265,215,30.0,48.08,0
2026-09-27T06:37:24+00:00,731,522,641,39.0,63.0,0
2026-09-27T06:37:24+00:00,732,288,392,70.0,115.0,0
2026-09-27T06:37:24+00:00,733,180,293,125.0,167.0,0
2026-09-27T06:37:24+00:00,734,265,215,30.0,48.08,0
2026-09-27T06:42:34+00:00,731,522,641,39.0,63.0,0
2026-09-27T06:42:34+00:00,732,288,392,70.0,115.0,0
2026-09-27T06:42:34+00:00,733,180,293,125.0,167.0,0
2026-09-27T06:42:34+00:00,734,265,215,30.0,48.08,0
2026-09-27T06:47:44+00:00,731,522,641,39.0,63.0,0
2026-09-27T06:47:44+00:00,732,288,392,70.0,115.0,0
2026-09-27T06:47:44+00:00,733,180,293,125.0,167.0,0
2026-09-27T06:47:44+00:00,734,265,215,30.0,48.08,0
2026-09-27T06:52:54+00:00,731,522,641,39.0,63.0,0
2026-09-27T06:52:54+00:00,732,288,392,70.0,115.0,0
2026-09-27T06:52:54+00:00,733,180,293,125.0,167.0,0
2026-09-27T06:52:54+00:00,734,265,215,30.0,48.08,0
2026-09-27T06:58:40+00:00,731,522,641,39.0,63.0,0
2026-09-27T06:58:40+00:00,732,288,392,70.0,115.0,0
2026-09-27T06:58:40+00:00,733,180,293,125.0,167.0,0
2026-09-27T06:58:40+00:00,734,265,215,30.0,48.08,0
2026-09-27T07:03:51+00:00,731,522,641,39.0,63.0,0
2026-09-27T07:03:51+00:00,732,288,392,70.0,115.0,0
2026-09-27T07:03:51+00:00,733,180,293,125.0,167.0,0
2026-09-27T07:03:51+00:00,734,265,215,30.0,48.08,0
2026-09-27T07:09:02+00:00,731,522,641,39.0,63.0,0
2026-09-27T07:09:02+00:00,732,288,392,70.0,115.0,0
2026-09-27T07:09:02+00:00,733,180,293,125.0,167.0,0
2026-09-27T07:09:02+00:00,734,265,215,30.0,48.08,0
2026-09-27T07:14:13+00:00,731,522,641,39.0,63.0,0
2026-09-27T07:14:13+00:00,732,288,392,70.0,115.0,0
2026-09-27T07:14:13+00:00,733,180,293,125.0,167.0,0
2026-09-27T07:14:13+00:00,734,265,215,30.0,48.08,0
2026-09-27T07:19:23+00:00,731,522,641,39.0,63.0,0
2026-09-27T07:19:23+00:00,732,288,392,70.0,115.0,0
2026-09-27T07:19:23+00:00,733,180,293,125.0,167.0,0
2026-09-27T07:19:23+00:00,734,265,215,30.0,48.08,0
2026-09-27T07:24:34+00:00,731,522,641,39.0,63.0,0
2026-09-27T07:24:34+00:00,732,288,392,70.0,115.0,0
2026-09-27T07:24:34+00:00,733,180,293,125.0,167.0,0
2026-09-27T07:24:34+00:00,734,265,215,30.0,48.08,0
2026-09-27T07:29:44+00:00,731,522,641,39.0,63.0,0
2026-09-27T07:29:44+00:00,732,288,392,70.0,115.0,0
2026-09-27T07:29:44+00:00,733,180,293,125.0,167.0,0
2026-09-27T07:29:44+00:00,734,265,215,30.0,48.08,0
2026-09-27T07:34:58+00:00,731,522,641,39.0,63.0,0
2026-09-27T07:34:58+00:00,732,288,392,70.0,115.0,0
2026-09-27T07:34:58+00:00,733,180,293,125.0,167.0,0
2026-09-27T07:34:58+00:00,734,265,215,30.0,48.08,0
2026-09-27T07:40:08+00:00,731,522,641,39.0,63.0,0
2026-09-27T07:40:08+00:00,732,288,392,70.0,115.0,0
2026-09-27T07:40:08+00:00,733,180,293,125.0,167.0,0
2026-09-27T07:40:08+00:00,734,265,215,30.0,48.08,0
2026-09-27T07:45:19+00:00,731,522,641,39.0,63.0,0
2026-09-27T07:45:19+00:00,732,288,392,70.0,115.0,0
2026-09-27T07:45:19+00:00,733,180,293,125.0,167.0,0
2026-09-27T07:45:19+00:00,734,265,215,30.0,48.08,0
2026-09-27T07:50:30+00:00,731,522,641,39.0,63.0,0
2026-09-27T07:50:30+00:00,732,288,392,70.0,115.0,0
2026-09-27T07:50:30+00:00,733,180,293,125.0,167.0,0
2026-09-27T07:50:30+00:00,734,265,215,30.0,48.08,0
2026-09-27T07:55:40+00:00,731,522,641,39.0,63.0,0
2026-09-27T07:55:40+00:00,732,288,392,70.0,115.0,0
2026-09-27T07:55:40+00:00,733,180,293,125.0,167.0,0
2026-09-27T07:55:40+00:00,734,265,215,30.0,48.08,0
2026-09-27T08:00:53+00:00,731,522,641,39.0,63.0,0
2026-09-27T08:00:53+00:00,732,288,392,70.0,115.0,0
2026-09-27T08:00:53+00:00,733,180,293,125.0,167.0,0
2026-09-27T08:00:53+00:00,734,265,215,30.0,48.08,0
2026-09-27T08:06:05+00:00,731,522,641,39.0,63.0,0
2026-09-27T08:06:05+00:00,732,288,392,70.0,115.0,0
2026-09-27T08:06:05+00:00,733,180,293,125.0,167.0,0
2026-09-27T08:06:05+00:00,734,265,215,30.0,48.08,0
2026-09-27T08:11:15+00:00,731,522,641,39.0,63.0,0
2026-09-27T08:11:15+00:00,732,288,392,70.0,115.0,0
2026-09-27T08:11:15+00:00,733,180,293,125.0,167.0,0
2026-09-27T08:11:15+00:00,734,265,215,30.0,48.08,0
2026-09-27T08:16:24+00:00,731,522,641,39.0,63.0,0
2026-09-27T08:16:24+00:00,732,288,392,70.0,115.0,0
2026-09-27T08:16:24+00:00,733,180,293,125.0,167.0,0
2026-09-27T08:16:24+00:00,734,265,215,30.0,48.08,0
2026-09-27T08:21:33+00:00,731,522,641,39.0,63.0,0
2026-09-27T08:21:33+00:00,732,288,392,70.0,115.0,0
2026-09-27T08:21:33+00:00,733,180,293,125.0,167.0,0
2026-09-27T08:21:33+00:00,734,265,215,30.0,48.08,0
2026-09-27T08:26:44+00:00,731,522,641,39.0,63.0,0
2026-09-27T08:26:44+00:00,732,288,392,70.0,115.0,0
2026-09-27T08:26:44+00:00,733,180,293,125.0,167.0,0
2026-09-27T08:26:44+00:00,734,265,215,30.0,48.08,0
2026-09-27T08:31:55+00:00,731,522,641,39.0,63.0,0
2026-09-27T08:31:55+00:00,732,288,392,70.0,115.0,0
2026-09-27T08:31:55+00:00,733,180,293,125.0,167.0,0
2026-09-27T08:31:55+00:00,734,265,215,30.0,48.08,0
2026-09-27T08:37:07+00:00,731,522,641,39.0,63.0,0
2026-09-27T08:37:07+00:00,732,288,392,70.0,115.0,0
2026-09-27T08:37:07+00:00,733,180,293,125.0,167.0,0
2026-09-27T08:37:07+00:00,734,265,215,30.0,48.08,0
2026-09-27T08:42:18+00:00,731,522,641,39.0,63.0,0
2026-09-27T08:42:18+00:00,732,288,392,70.0,115.0,0
2026-09-27T08:42:18+00:00,733,180,293,125.0,167.0,0
2026-09-27T08:42:18+00:00,734,265,215,30.0,48.08,0
2026-09-27T08:47:30+00:00,731,522,641,39.0,63.0,0
2026-09-27T08:47:30+00:00,732,288,392,70.0,115.0,0
2026-09-27T08:47:30+00:00,733,180,293,125.0,167.0,0
2026-09-27T08:47:30+00:00,734,265,215,30.0,48.08,0
2026-09-27T08:52:42+00:00,731,522,641,39.0,63.0,0
2026-09-27T08:52:42+00:00,732,288,392,70.0,115.0,0
2026-09-27T08:52:42+00:00,733,180,293,125.0,167.0,0
2026-09-27T08:52:42+00:00,734,265,215,30.0,48.08,0
2026-09-27T08:57:53+00:00,731,522,641,39.0,63.0,0
2026-09-27T08:57:53+00:00,732,288,392,70.0,115.0,0
2026-09-27T08:57:53+00:00,733,180,293,125.0,167.0,0
2026-09-27T08:57:53+00:00,734,265,215,30.0,48.08,0
2026-09-27T09:03:05+00:00,731,522,641,39.0,63.0,0
2026-09-27T09:03:05+00:00,732,288,392,70.0,115.0,0
2026-09-27T09:03:05+00:00,733,180,293,125.0,167.0,0
2026-09-27T09:03:05+00:00,734,265,215,30.0,48.08,0
2026-09-27T09:08:15+00:00,731,522,641,39.0,63.0,0
2026-09-27T09:08:15+00:00,732,288,392,70.0,115.0,0
2026-09-27T09:08:15+00:00,733,180,293,125.0,167.0,0
2026-09-27T09:08:15+00:00,734,265,215,30.0,48.08,0
2026-09-27T09:13:25+00:00,731,522,641,39.0,63.0,0
2026-09-27T09:13:25+00:00,732,288,392,70.0,115.0,0
2026-09-27T09:13:25+00:00,733,180,293,125.0,167.0,0
2026-09-27T09:13:25+00:00,734,265,215,30.0,48.08,0
2026-09-27T09:18:35+00:00,731,522,641,39.0,63.0,0
2026-09-27T09:18:35+00:00,732,288,392,70.0,115.0,0
2026-09-27T09:18:35+00:00,733,180,293,125.0,167.0,0
2026-09-27T09:18:35+00:00,734,265,215,30.0,48.08,0
2026-09-27T09:23:46+00:00,731,522,641,39.0,63.0,0
2026-09-27T09:23:46+00:00,732,288,392,70.0,115.0,0
2026-09-27T09:23:46+00:00,733,180,293,125.0,167.0,0
2026-09-27T09:23:46+00:00,734,265,215,30.0,48.08,0
2026-09-27T09:28:56+00:00,731,522,641,39.0,63.0,0
2026-09-27T09:28:56+00:00,732,288,392,70.0,115.0,0
2026-09-27T09:28:56+00:00,733,180,293,125.0,167.0,0
2026-09-27T09:28:56+00:00,734,265,215,30.0,48.08,0
2026-09-27T09:34:06+00:00,731,522,641,39.0,63.0,0
2026-09-27T09:34:06+00:00,732,288,392,70.0,115.0,0
2026-09-27T09:34:06+00:00,733,180,293,125.0,167.0,0
2026-09-27T09:34:06+00:00,734,265,215,30.0,48.08,0
2026-09-27T09:39:17+00:00,731,522,641,39.0,63.0,0
2026-09-27T09:39:17+00:00,732,288,392,70.0,115.0,0
2026-09-27T09:39:17+00:00,733,180,293,125.0,167.0,0
2026-09-27T09:39:17+00:00,734,265,215,30.0,48.08,0
2026-09-27T09:44:30+00:00,731,522,641,39.0,63.0,0
2026-09-27T09:44:30+00:00,732,288,392,70.0,115.0,0
2026-09-27T09:44:30+00:00,733,180,293,125.0,167.0,0
2026-09-27T09:44:30+00:00,734,265,215,30.0,48.08,0
2026-09-27T09:49:39+00:00,731,522,641,39.0,63.0,0
2026-09-27T09:49:39+00:00,732,288,392,70.0,115.0,0
2026-09-27T09:49:39+00:00,733,180,293,125.0,167.0,0
2026-09-27T09:49:39+00:00,734,265,215,30.0,48.08,0
2026-09-27T09:54:50+00:00,731,522,641,39.0,63.0,0
2026-09-27T09:54:50+00:00,732,288,392,70.0,115.0,0
2026-09-27T09:54:50+00:00,733,180,293,125.0,167.0,0
2026-09-27T09:54:50+00:00,734,265,215,30.0,48.08,0
2026-09-27T10:00:00+00:00,731,522,641,39.0,63.0,0
2026-09-27T10:00:00+00:00,732,288,392,70.0,115.0,0
2026-09-27T10:00:00+00:00,733,180,293,125.0,167.0,0
2026-09-27T10:00:00+00:00,734,265,215,30.0,48.08,0
2026-09-27T10:05:09+00:00,731,522,641,39.0,63.0,0
2026-09-27T10:05:09+00:00,732,288,392,70.0,115.0,0
2026-09-27T10:05:09+00:00,733,180,293,125.0,167.0,0
2026-09-27T10:05:09+00:00,734,265,215,30.0,48.08,0
2026-09-27T10:10:19+00:00,731,522,641,39.0,63.0,0
2026-09-27T10:10:19+00:00,732,288,392,70.0,115.0,0
2026-09-27T10:10:19+00:00,733,180,293,125.0,167.0,0
2026-09-27T10:10:19+00:00,734,265,215,30.0,48.08,0
2026-09-27T10:15:29+00:00,731,522,641,39.0,63.0,0
2026-09-27T10:15:29+00:00,732,288,392,70.0,115.0,0
2026-09-27T10:15:29+00:00,733,180,293,125.0,167.0,0
2026-09-27T10:15:29+00:00,734,265,215,30.0,48.08,0
2026-09-27T10:20:40+00:00,731,522,641,39.0,63.0,0
2026-09-27T10:20:40+00:00,732,288,392,70.0,115.0,0
2026-09-27T10:20:40+00:00,733,180,293,125.0,167.0,0
2026-09-27T10:20:40+00:00,734,265,215,30.0,48.08,0
2026-09-27T10:25:50+00:00,731,522,641,39.0,63.0,0
2026-09-27T10:25:50+00:00,732,288,392,70.0,115.0,0
2026-09-27T10:25:50+00:00,733,180,293,125.0,167.0,0
2026-09-27T10:25:50+00:00,734,265,215,30.0,48.08,0
2026-09-27T10:31:01+00:00,731,522,641,39.0,63.0,0
2026-09-27T10:31:01+00:00,732,288,392,70.0,115.0,0
2026-09-27T10:31:01+00:00,733,180,293,125.0,167.0,0
2026-09-27T10:31:01+00:00,734,265,215,30.0,48.08,0
2026-09-27T10:36:12+00:00,731,522,641,39.0,63.0,0
2026-09-27T10:36:12+00:00,732,288,392,70.0,115.0,0
2026-09-27T10:36:12+00:00,733,180,293,125.0,167.0,0
2026-09-27T10:36:12+00:00,734,265,215,30.0,48.08,0
2026-09-27T10:41:22+00:00,731,522,641,39.0,63.0,0
2026-09-27T10:41:22+00:00,732,288,392,70.0,115.0,0
2026-09-27T10:41:22+00:00,733,180,293,125.0,167.0,0
2026-09-27T10:41:22+00:00,734,265,215,30.0,48.08,0
2026-09-27T10:46:32+00:00,731,522,641,39.0,63.0,0
2026-09-27T10:46:32+00:00,732,288,392,70.0,115.0,0
2026-09-27T10:46:32+00:00,733,180,293,125.0,167.0,0
2026-09-27T10:46:32+00:00,734,265,215,30.0,48.08,0
2026-09-27T10:51:43+00:00,731,522,641,39.0,63.0,0
2026-09-27T10:51:43+00:00,732,288,392,70.0,115.0,0
2026-09-27T10:51:43+00:00,733,180,293,125.0,167.0,0
2026-09-27T10:51:43+00:00,734,265,215,30.0,48.08,0
2026-09-27T10:56:54+00:00,731,522,641,39.0,63.0,0
2026-09-27T10:56:54+00:00,732,288,392,70.0,115.0,0
2026-09-27T10:56:54+00:00,733,180,293,125.0,167.0,0
2026-09-27T10:56:54+00:00,734,265,215,30.0,48.08,0
2026-09-27T11:02:05+00:00,731,523,641,39.0,63.0,0
2026-09-27T11:02:05+00:00,732,288,392,70.0,115.0,0
2026-09-27T11:02:05+00:00,733,180,293,125.0,167.0,0
2026-09-27T11:02:05+00:00,734,265,215,30.0,48.08,0
2026-09-27T11:07:14+00:00,731,523,641,39.0,63.0,0
2026-09-27T11:07:14+00:00,732,288,392,70.0,115.0,0
2026-09-27T11:07:14+00:00,733,180,293,125.0,167.0,0
2026-09-27T11:07:14+00:00,734,265,215,30.0,48.08,0
2026-09-27T11:12:24+00:00,731,523,641,39.0,63.0,0
2026-09-27T11:12:24+00:00,732,288,392,70.0,115.0,0
2026-09-27T11:12:24+00:00,733,180,293,125.0,167.0,0
2026-09-27T11:12:24+00:00,734,265,215,30.0,48.08,0
2026-09-27T11:17:33+00:00,731,523,641,39.0,63.0,0
2026-09-27T11:17:33+00:00,732,288,392,70.0,115.0,0
2026-09-27T11:17:33+00:00,733,180,293,125.0,167.0,0
2026-09-27T11:17:33+00:00,734,265,215,30.0,48.08,0
2026-09-27T11:22:43+00:00,731,523,641,39.0,63.0,0
2026-09-27T11:22:43+00:00,732,288,392,70.0,115.0,0
2026-09-27T11:22:43+00:00,733,180,293,125.0,167.0,0
2026-09-27T11:22:43+00:00,734,265,215,30.0,48.08,0
2026-09-27T11:27:54+00:00,731,523,641,39.0,63.0,0
2026-09-27T11:27:54+00:00,732,288,392,70.0,115.0,0
2026-09-27T11:27:54+00:00,733,180,293,125.0,167.0,0
2026-09-27T11:27:54+00:00,734,265,215,30.0,48.08,0
2026-09-27T11:33:07+00:00,731,523,641,39.0,63.0,0
2026-09-27T11:33:07+00:00,732,288,392,70.0,115.0,0
2026-09-27T11:33:07+00:00,733,180,293,125.0,167.0,0
2026-09-27T11:33:07+00:00,734,265,215,30.0,48.08,0
2026-09-27T11:38:29+00:00,731,523,641,39.0,63.0,0
2026-09-27T11:38:29+00:00,732,288,392,70.0,115.0,0
2026-09-27T11:38:29+00:00,733,180,293,125.0,167.0,0
2026-09-27T11:38:29+00:00,734,265,215,30.0,48.08,0
2026-09-27T11:43:39+00:00,731,523,641,39.0,63.0,0
2026-09-27T11:43:39+00:00,732,288,392,70.0,115.0,0
2026-09-27T11:43:39+00:00,733,180,293,125.0,167.0,0
2026-09-27T11:43:39+00:00,734,265,215,30.0,48.08,0
2026-09-27T11:48:50+00:00,731,523,641,39.0,63.0,0
2026-09-27T11:48:50+00:00,732,288,392,70.0,115.0,0
2026-09-27T11:48:50+00:00,733,180,293,125.0,167.0,0
2026-09-27T11:48:50+00:00,734,265,215,30.0,48.08,0
2026-09-27T11:54:03+00:00,731,523,641,39.0,63.0,0
2026-09-27T11:54:03+00:00,732,288,392,70.0,115.0,0
2026-09-27T11:54:03+00:00,733,180,293,125.0,167.0,0
2026-09-27T11:54:03+00:00,734,265,215,30.0,48.08,0
2026-09-27T11:59:16+00:00,731,523,641,39.0,63.0,0
2026-09-27T11:59:16+00:00,732,288,392,70.0,115.0,0
2026-09-27T11:59:16+00:00,733,180,293,125.0,167.0,0
2026-09-27T11:59:16+00:00,734,265,215,30.0,48.08,0
2026-09-27T12:04:27+00:00,731,523,641,39.0,63.0,0
2026-09-27T12:04:27+00:00,732,288,392,70.0,115.0,0
2026-09-27T12:04:27+00:00,733,180,293,125.0,167.0,0
2026-09-27T12:04:27+00:00,734,265,215,30.0,48.08,0
2026-09-27T12:09:36+00:00,731,523,641,39.0,63.0,0
2026-09-27T12:09:36+00:00,732,288,392,70.0,115.0,0
2026-09-27T12:09:36+00:00,733,180,293,125.0,167.0,0
2026-09-27T12:09:36+00:00,734,265,215,30.0,48.08,0
2026-09-27T12:14:45+00:00,731,523,641,39.0,63.0,0
2026-09-27T12:14:45+00:00,732,288,392,70.0,115.0,0
2026-09-27T12:14:45+00:00,733,180,293,125.0,167.0,0
2026-09-27T12:14:45+00:00,734,265,215,30.0,48.08,0
2026-09-27T12:19:57+00:00,731,523,641,39.0,63.0,0
2026-09-27T12:19:57+00:00,732,288,392,70.0,115.0,0
2026-09-27T12:19:57+00:00,733,180,293,125.0,167.0,0
2026-09-27T12:19:57+00:00,734,265,215,30.0,48.08,0
2026-09-27T12:25:08+00:00,731,523,641,39.0,63.0,0
2026-09-27T12:25:08+00:00,732,288,392,70.0,115.0,0
2026-09-27T12:25:08+00:00,733,180,293,125.0,167.0,0
2026-09-27T12:25:08+00:00,734,265,215,30.0,48.08,0
2026-09-27T12:30:19+00:00,731,523,641,39.0,63.0,0
2026-09-27T12:30:19+00:00,732,288,392,70.0,115.0,0
2026-09-27T12:30:19+00:00,733,180,293,125.0,167.0,0
2026-09-27T12:30:19+00:00,734,265,215,30.0,48.08,0
2026-09-27T12:35:31+00:00,731,523,641,39.0,63.0,0
2026-09-27T12:35:31+00:00,732,288,392,70.0,115.0,0
2026-09-27T12:35:31+00:00,733,180,293,125.0,167.0,0
2026-09-27T12:35:31+00:00,734,265,215,30.0,48.08,0
2026-09-27T12:40:43+00:00,731,523,641,39.0,63.0,0
2026-09-27T12:40:43+00:00,732,288,392,70.0,115.0,0
2026-09-27T12:40:43+00:00,733,180,293,125.0,167.0,0
2026-09-27T12:40:43+00:00,734,265,215,30.0,48.08,0
2026-09-27T12:45:54+00:00,731,522,642,39.0,62.5,0
2026-09-27T12:45:54+00:00,732,288,392,70.0,115.0,0
2026-09-27T12:45:54+00:00,733,180,293,125.0,167.0,0
2026-09-27T12:45:54+00:00,734,265,215,30.0,48.08,0
2026-09-27T12:51:07+00:00,731,522,642,39.0,62.5,0
2026-09-27T12:51:07+00:00,732,288,392,70.0,115.0,0
2026-09-27T12:51:07+00:00,733,180,293,125.0,167.0,0
2026-09-27T12:51:07+00:00,734,265,215,30.0,48.08,0
2026-09-27T12:56:18+00:00,731,522,642,39.0,62.5,0
2026-09-27T12:56:18+00:00,732,288,392,70.0,115.0,0
2026-09-27T12:56:18+00:00,733,180,293,125.0,167.0,0
2026-09-27T12:56:18+00:00,734,265,215,30.0,48.08,0
2026-09-27T13:01:28+00:00,731,522,642,39.0,62.5,0
2026-09-27T13:01:28+00:00,732,288,392,70.0,115.0,0
2026-09-27T13:01:28+00:00,733,180,293,125.0,167.0,0
2026-09-27T13:01:28+00:00,734,265,215,30.0,48.08,0
2026-09-27T13:06:38+00:00,731,522,642,39.0,62.5,0
2026-09-27T13:06:38+00:00,732,288,392,70.0,115.0,0
2026-09-27T13:06:38+00:00,733,180,293,125.0,167.0,0
2026-09-27T13:06:38+00:00,734,265,215,30.0,48.08,0
2026-09-27T13:11:48+00:00,731,522,642,39.0,62.5,0
2026-09-27T13:11:48+00:00,732,288,392,70.0,115.0,0
2026-09-27T13:11:48+00:00,733,180,293,125.0,167.0,0
2026-09-27T13:11:48+00:00,734,265,215,30.0,48.08,0
2026-09-27T13:16:58+00:00,731,522,642,39.0,62.5,0
2026-09-27T13:16:58+00:00,732,288,392,70.0,115.0,0
2026-09-27T13:16:58+00:00,733,180,293,125.0,167.0,0
2026-09-27T13:16:58+00:00,734,265,215,30.0,48.08,0
2026-09-27T13:22:07+00:00,731,522,642,39.0,62.5,0
2026-09-27T13:22:07+00:00,732,288,392,70.0,115.0,0
2026-09-27T13:22:07+00:00,733,180,293,125.0,167.0,0
2026-09-27T13:22:07+00:00,734,265,215,30.0,48.08,0
2026-09-27T13:27:17+00:00,731,522,642,39.0,62.5,0
2026-09-27T13:27:17+00:00,732,288,392,70.0,115.0,0
2026-09-27T13:27:17+00:00,733,181,294,124.99,167.0,0
2026-09-27T13:27:17+00:00,734,265,215,30.0,48.08,0
2026-09-27T13:32:26+00:00,731,522,642,39.0,62.5,0
2026-09-27T13:32:26+00:00,732,288,392,70.0,115.0,0
2026-09-27T13:32:26+00:00,733,181,294,124.99,167.0,0
2026-09-27T13:32:26+00:00,734,265,215,30.0,48.08,0
2026-09-27T13:37:36+00:00,731,522,642,39.0,62.5,0
2026-09-27T13:37:36+00:00,732,288,392,70.0,115.0,0
2026-09-27T13:37:36+00:00,733,181,294,124.99,167.0,0
2026-09-27T13:37:36+00:00,734,265,215,30.0,48.08,0
2026-09-27T13:42:49+00:00,731,522,642,39.0,62.5,0
2026-09-27T13:42:49+00:00,732,288,392,70.0,115.0,0
2026-09-27T13:42:49+00:00,733,181,294,124.99,167.0,0
2026-09-27T13:42:49+00:00,734,265,215,30.0,48.08,0
2026-09-27T13:47:58+00:00,731,522,642,39.0,62.5,0
2026-09-27T13:47:58+00:00,732,288,392,70.0,115.0,0
2026-09-27T13:47:58+00:00,733,181,294,124.99,167.0,0
2026-09-27T13:47:58+00:00,734,265,215,30.0,48.08,0
2026-09-27T13:53:08+00:00,731,522,642,39.0,62.5,0
2026-09-27T13:53:08+00:00,732,288,392,70.0,115.0,0
2026-09-27T13:53:08+00:00,733,181,294,124.99,167.0,0
2026-09-27T13:53:08+00:00,734,265,215,30.0,48.08,0
2026-09-27T13:58:20+00:00,731,522,642,39.0,62.5,0
2026-09-27T13:58:20+00:00,732,288,392,70.0,115.0,0
2026-09-27T13:58:20+00:00,733,181,294,124.99,167.0,0
2026-09-27T13:58:20+00:00,734,265,215,30.0,48.08,0
2026-09-27T14:03:31+00:00,731,522,642,39.0,62.5,0
2026-09-27T14:03:31+00:00,732,288,392,70.0,115.0,0
2026-09-27T14:03:31+00:00,733,181,294,124.99,167.0,0
2026-09-27T14:03:31+00:00,734,265,215,30.0,48.08,0
2026-09-27T14:08:41+00:00,731,522,642,39.0,62.5,0
2026-09-27T14:08:41+00:00,732,288,392,70.0,115.0,0
2026-09-27T14:08:41+00:00,733,181,294,124.99,167.0,0
2026-09-27T14:08:41+00:00,734,265,215,30.0,48.08,0
2026-09-27T14:13:53+00:00,731,523,642,40.0,62.5,0
2026-09-27T14:13:53+00:00,732,288,392,70.0,115.0,0
2026-09-27T14:13:53+00:00,733,181,294,124.99,167.0,0
2026-09-27T14:13:53+00:00,734,265,215,30.0,48.08,0
2026-09-27T14:19:07+00:00,731,524,642,39.0,62.5,0
2026-09-27T14:19:07+00:00,732,288,392,70.0,115.0,0
2026-09-27T14:19:07+00:00,733,181,294,124.99,167.0,0
2026-09-27T14:19:07+00:00,734,265,215,30.0,48.08,0
2026-09-27T14:24:18+00:00,731,524,642,39.0,62.5,0
2026-09-27T14:24:18+00:00,732,288,392,70.0,115.0,0
2026-09-27T14:24:18+00:00,733,181,294,124.99,167.0,0
2026-09-27T14:24:18+00:00,734,265,215,30.0,48.08,0
2026-09-27T14:29:27+00:00,731,524,642,39.0,62.5,0
2026-09-27T14:29:27+00:00,732,286,393,73.0,115.0,0
2026-09-27T14:29:27+00:00,733,181,294,124.99,167.0,0
2026-09-27T14:29:27+00:00,734,265,215,30.0,48.08,0
2026-09-27T14:34:39+00:00,731,524,642,39.0,62.5,0
2026-09-27T14:34:39+00:00,732,286,394,73.0,115.0,0
2026-09-27T14:34:39+00:00,733,181,294,124.99,167.0,0
2026-09-27T14:34:39+00:00,734,265,215,30.0,48.08,0
2026-09-27T14:40:25+00:00,731,524,642,39.0,62.5,0
2026-09-27T14:40:25+00:00,732,284,394,74.0,115.0,0
2026-09-27T14:40:25+00:00,733,181,294,124.99,167.0,0
2026-09-27T14:40:25+00:00,734,265,215,30.0,48.08,0
2026-09-27T14:45:35+00:00,731,524,642,39.0,62.5,0
2026-09-27T14:45:35+00:00,732,282,396,74.99,115.0,0
2026-09-27T14:45:35+00:00,733,181,294,124.99,167.0,0
2026-09-27T14:45:35+00:00,734,265,215,30.0,48.08,0
2026-09-27T14:50:47+00:00,731,524,642,39.0,62.5,0
2026-09-27T14:50:47+00:00,732,282,398,73.0,115.0,0
2026-09-27T14:50:47+00:00,733,181,294,124.99,167.0,0
2026-09-27T14:50:47+00:00,734,265,215,30.0,48.08,0
2026-09-27T14:55:56+00:00,731,524,642,39.0,62.5,0
2026-09-27T14:55:56+00:00,732,282,398,73.0,115.0,0
2026-09-27T14:55:56+00:00,733,181,294,124.99,167.0,0
2026-09-27T14:55:56+00:00,734,265,215,30.0,48.08,0
2026-09-27T15:01:06+00:00,731,523,642,40.0,62.5,0
2026-09-27T15:01:06+00:00,732,282,398,73.0,115.0,0
2026-09-27T15:01:06+00:00,733,181,294,124.99,167.0,0
2026-09-27T15:01:06+00:00,734,265,215,30.0,48.08,0
2026-09-27T15:06:16+00:00,731,524,642,39.0,62.5,0
2026-09-27T15:06:16+00:00,732,282,398,73.0,115.0,0
2026-09-27T15:06:16+00:00,733,181,294,124.99,167.0,0
2026-09-27T15:06:16+00:00,734,265,215,30.0,48.08,0
2026-09-27T15:11:27+00:00,731,524,642,39.0,62.5,0
2026-09-27T15:11:27+00:00,732,283,398,73.0,115.0,0
2026-09-27T15:11:27+00:00,733,181,294,124.99,167.0,0
2026-09-27T15:11:27+00:00,734,265,215,30.0,48.08,0
2026-09-27T15:16:37+00:00,731,524,642,39.0,62.5,0
2026-09-27T15:16:37+00:00,732,283,398,73.0,115.0,0
2026-09-27T15:16:37+00:00,733,181,294,125.0,167.0,0
2026-09-27T15:16:37+00:00,734,265,215,30.0,48.08,0
2026-09-27T15:21:47+00:00,731,524,642,39.0,62.5,0
2026-09-27T15:21:47+00:00,732,283,398,73.0,115.0,0
2026-09-27T15:21:47+00:00,733,181,294,125.0,167.0,0
2026-09-27T15:21:47+00:00,734,265,215,30.0,48.08,0
2026-09-27T15:26:57+00:00,731,524,642,39.0,62.5,0
2026-09-27T15:26:57+00:00,732,282,399,75.0,115.0,0
2026-09-27T15:26:57+00:00,733,182,294,124.99,167.0,0
2026-09-27T15:26:57+00:00,734,265,215,30.0,48.08,0
2026-09-27T15:32:09+00:00,731,524,642,39.0,62.5,0
2026-09-27T15:32:09+00:00,732,282,399,75.0,115.0,0
2026-09-27T15:32:09+00:00,733,182,294,124.99,167.0,0
2026-09-27T15:32:09+00:00,734,265,215,30.0,48.08,0
2026-09-27T15:37:21+00:00,731,524,642,39.0,62.5,0
2026-09-27T15:37:21+00:00,732,282,399,75.0,115.0,0
2026-09-27T15:37:21+00:00,733,182,294,124.99,167.0,0
2026-09-27T15:37:21+00:00,734,265,215,30.0,48.08,0
2026-09-27T15:42:31+00:00,731,525,642,39.0,62.5,0
2026-09-27T15:42:31+00:00,732,282,399,75.0,115.0,0
2026-09-27T15:42:31+00:00,733,182,294,124.99,167.0,0
2026-09-27T15:42:31+00:00,734,265,215,30.0,48.08,0
2026-09-27T15:47:43+00:00,731,525,642,39.0,62.5,0
2026-09-27T15:47:43+00:00,732,282,399,75.0,115.0,0
2026-09-27T15:47:43+00:00,733,182,294,124.99,167.0,0
2026-09-27T15:47:43+00:00,734,265,215,30.0,48.08,0
2026-09-27T15:52:52+00:00,731,525,642,39.0,62.5,0
2026-09-27T15:52:52+00:00,732,282,399,75.0,115.0,0
2026-09-27T15:52:52+00:00,733,182,294,124.99,167.0,0
2026-09-27T15:52:52+00:00,734,265,215,30.0,48.08,0
2026-09-27T15:58:01+00:00,731,525,642,39.0,62.5,0
2026-09-27T15:58:01+00:00,732,282,399,75.0,115.0,0
2026-09-27T15:58:01+00:00,733,182,294,124.99,167.0,0
2026-09-27T15:58:01+00:00,734,265,215,30.0,48.08,0
2026-09-27T16:03:10+00:00,731,524,642,40.0,62.5,0
2026-09-27T16:03:10+00:00,732,282,399,75.0,115.0,0
2026-09-27T16:03:10+00:00,733,182,294,124.99,167.0,0
2026-09-27T16:03:10+00:00,734,265,215,30.0,48.08,0
2026-09-27T16:08:21+00:00,731,525,643,39.0,62.0,0
2026-09-27T16:08:21+00:00,732,282,399,75.0,115.0,0
2026-09-27T16:08:21+00:00,733,183,294,124.99,167.0,0
2026-09-27T16:08:21+00:00,734,265,215,30.0,48.08,0
2026-09-27T16:13:31+00:00,731,525,643,39.0,62.0,0
2026-09-27T16:13:31+00:00,732,281,400,75.0,115.0,0
2026-09-27T16:13:31+00:00,733,183,294,124.99,167.0,0
2026-09-27T16:13:31+00:00,734,265,215,30.0,48.08,0
2026-09-27T16:18:42+00:00,731,526,643,39.0,62.0,0
2026-09-27T16:18:42+00:00,732,281,400,75.0,115.0,0
2026-09-27T16:18:42+00:00,733,183,294,124.99,167.0,0
2026-09-27T16:18:42+00:00,734,265,215,30.0,48.08,0
2026-09-27T16:23:53+00:00,731,526,643,39.0,62.0,0
2026-09-27T16:23:53+00:00,732,281,400,75.0,115.0,0
2026-09-27T16:23:53+00:00,733,183,294,124.99,167.0,0
2026-09-27T16:23:53+00:00,734,265,215,30.0,48.08,0
2026-09-27T16:29:02+00:00,731,526,643,39.0,62.0,0
2026-09-27T16:29:02+00:00,732,281,400,75.0,115.0,0
2026-09-27T16:29:02+00:00,733,183,294,124.99,167.0,0
2026-09-27T16:29:02+00:00,734,265,215,30.0,48.08,0
2026-09-27T16:34:12+00:00,731,526,643,39.0,62.0,0
2026-09-27T16:34:12+00:00,732,281,400,75.0,115.0,0
2026-09-27T16:34:12+00:00,733,183,294,124.99,167.0,0
2026-09-27T16:34:12+00:00,734,265,215,30.0,48.08,0
2026-09-27T16:39:25+00:00,731,525,644,39.0,61.34,0
2026-09-27T16:39:25+00:00,732,281,400,75.0,115.0,0
2026-09-27T16:39:25+00:00,733,183,294,124.99,167.0,0
2026-09-27T16:39:25+00:00,734,266,215,30.0,48.08,0
2026-09-27T16:44:36+00:00,731,525,645,39.0,60.67,0
2026-09-27T16:44:36+00:00,732,281,400,75.0,115.0,0
2026-09-27T16:44:36+00:00,733,183,294,124.99,167.0,0
2026-09-27T16:44:36+00:00,734,266,215,30.0,48.08,0
2026-09-27T16:49:47+00:00,731,525,645,38.0,60.67,0
2026-09-27T16:49:47+00:00,732,281,400,75.0,115.0,0
2026-09-27T16:49:47+00:00,733,183,294,124.99,167.0,0
2026-09-27T16:49:47+00:00,734,266,215,30.0,48.08,0
2026-09-27T16:54:57+00:00,731,525,645,38.0,60.67,0
2026-09-27T16:54:57+00:00,732,282,400,75.0,115.0,0
2026-09-27T16:54:57+00:00,733,183,294,124.99,167.0,0
2026-09-27T16:54:57+00:00,734,266,215,30.0,48.08,0
2026-09-27T17:00:09+00:00,731,525,645,38.0,60.67,0
2026-09-27T17:00:09+00:00,732,282,400,75.0,115.0,0
2026-09-27T17:00:09+00:00,733,183,294,124.99,167.0,0
2026-09-27T17:00:09+00:00,734,266,215,30.0,48.08,0
2026-09-27T17:05:20+00:00,731,525,645,38.0,60.67,0
2026-09-27T17:05:20+00:00,732,282,400,75.0,115.0,0
2026-09-27T17:05:20+00:00,733,183,294,124.99,167.0,0
2026-09-27T17:05:20+00:00,734,266,215,30.0,48.08,0
2026-09-27T17:10:31+00:00,731,525,645,38.0,60.67,0
2026-09-27T17:10:31+00:00,732,282,400,75.0,115.0,0
2026-09-27T17:10:31+00:00,733,183,294,124.99,167.0,0
2026-09-27T17:10:31+00:00,734,266,215,30.0,48.08,0
2026-09-27T17:15:42+00:00,731,525,645,38.0,60.67,0
2026-09-27T17:15:42+00:00,732,282,400,75.0,115.0,0
2026-09-27T17:15:42+00:00,733,182,294,124.99,167.0,0
2026-09-27T17:15:42+00:00,734,266,215,30.0,48.08,0
2026-09-27T17:20:50+00:00,731,525,645,38.0,60.67,0
2026-09-27T17:20:50+00:00,732,281,400,75.0,115.0,0
2026-09-27T17:20:50+00:00,733,181,295,128.0,167.0,0
2026-09-27T17:20:50+00:00,734,266,215,30.0,48.08,0
2026-09-27T17:26:01+00:00,731,525,645,38.0,60.67,0
2026-09-27T17:26:01+00:00,732,282,400,75.0,115.0,0
2026-09-27T17:26:01+00:00,733,179,298,130.0,166.5,0
2026-09-27T17:26:01+00:00,734,266,215,30.0,48.08,0
2026-09-27T17:31:12+00:00,731,526,645,38.0,60.67,0
2026-09-27T17:31:12+00:00,732,282,400,75.0,115.0,0
2026-09-27T17:31:12+00:00,733,179,298,130.0,166.5,0
2026-09-27T17:31:12+00:00,734,266,215,30.0,48.08,0
2026-09-27T17:36:20+00:00,731,526,645,38.0,60.67,0
2026-09-27T17:36:20+00:00,732,282,400,75.0,115.0,0
2026-09-27T17:36:20+00:00,733,179,298,130.0,166.5,0
2026-09-27T17:36:20+00:00,734,266,215,30.0,48.08,0
2026-09-27T17:41:31+00:00,731,527,645,38.0,60.67,0
2026-09-27T17:41:31+00:00,732,282,400,75.0,115.0,0
2026-09-27T17:41:31+00:00,733,179,298,130.0,166.5,0
2026-09-27T17:41:31+00:00,734,266,215,30.0,48.08,0
2026-09-27T17:46:42+00:00,731,527,645,38.0,60.67,0
2026-09-27T17:46:42+00:00,732,282,400,75.0,115.0,0
2026-09-27T17:46:42+00:00,733,179,298,130.0,166.5,0
2026-09-27T17:46:42+00:00,734,266,215,30.0,48.08,0
2026-09-27T17:51:56+00:00,731,526,645,38.0,60.67,0
2026-09-27T17:51:56+00:00,732,282,400,75.0,115.0,0
2026-09-27T17:51:56+00:00,733,179,298,130.0,166.5,0
2026-09-27T17:51:56+00:00,734,266,215,30.0,48.08,0
2026-09-27T17:57:05+00:00,731,527,645,38.0,60.67,0
2026-09-27T17:57:05+00:00,732,281,401,75.0,115.0,0
2026-09-27T17:57:05+00:00,733,179,298,130.0,166.5,0
2026-09-27T17:57:05+00:00,734,266,215,30.0,48.08,0
2026-09-27T18:02:16+00:00,731,526,646,39.0,60.34,0
2026-09-27T18:02:16+00:00,732,281,401,75.0,115.0,0
2026-09-27T18:02:16+00:00,733,176,299,130.0,166.99,0
2026-09-27T18:02:16+00:00,734,266,215,30.0,48.08,0
2026-09-27T18:07:28+00:00,731,525,646,39.5,60.34,0
2026-09-27T18:07:28+00:00,732,280,401,75.0,115.0,0
2026-09-27T18:07:28+00:00,733,176,300,130.0,166.5,0
2026-09-27T18:07:28+00:00,734,266,215,30.0,48.08,0
2026-09-27T18:12:39+00:00,731,525,647,39.5,60.0,0
2026-09-27T18:12:39+00:00,732,280,402,75.0,115.0,0
2026-09-27T18:12:39+00:00,733,177,300,130.0,166.5,0
2026-09-27T18:12:39+00:00,734,266,215,30.0,48.08,0
2026-09-27T18:17:50+00:00,731,525,647,39.5,60.0,0
2026-09-27T18:17:50+00:00,732,280,402,75.0,115.0,0
2026-09-27T18:17:50+00:00,733,177,300,130.0,166.5,0
2026-09-27T18:17:50+00:00,734,266,215,30.0,48.08,0
2026-09-27T18:23:01+00:00,731,525,647,39.5,60.0,0
2026-09-27T18:23:01+00:00,732,280,402,75.0,115.0,0
2026-09-27T18:23:01+00:00,733,177,300,130.0,166.5,0
2026-09-27T18:23:01+00:00,734,266,215,29.0,48.08,0
2026-09-27T18:28:09+00:00,731,526,647,38.0,60.0,0
2026-09-27T18:28:09+00:00,732,280,402,75.0,115.0,0
2026-09-27T18:28:09+00:00,733,177,300,130.0,166.5,0
2026-09-27T18:28:09+00:00,734,266,215,29.0,48.08,0
2026-09-27T18:33:20+00:00,731,524,647,38.0,60.0,0
2026-09-27T18:33:20+00:00,732,280,402,75.0,115.0,0
2026-09-27T18:33:20+00:00,733,177,300,130.0,166.5,0
2026-09-27T18:33:20+00:00,734,266,215,29.0,48.08,0
2026-09-27T18:38:30+00:00,731,524,647,38.0,60.0,0
2026-09-27T18:38:30+00:00,732,280,402,75.0,115.0,0
2026-09-27T18:38:30+00:00,733,177,300,130.0,166.5,0
2026-09-27T18:38:30+00:00,734,266,215,29.0,48.08,0
2026-09-27T18:43:41+00:00,731,524,647,38.0,60.0,0
2026-09-27T18:43:41+00:00,732,280,402,75.0,115.0,0
2026-09-27T18:43:41+00:00,733,177,300,130.0,166.5,0
2026-09-27T18:43:41+00:00,734,266,215,29.0,48.08,0
2026-09-27T18:48:50+00:00,731,524,647,38.0,60.0,0
2026-09-27T18:48:50+00:00,732,280,402,75.0,115.0,0
2026-09-27T18:48:50+00:00,733,177,300,130.0,166.5,0
2026-09-27T18:48:50+00:00,734,266,215,29.0,48.08,0
2026-09-27T18:54:02+00:00,731,524,647,38.0,60.0,0
2026-09-27T18:54:02+00:00,732,280,402,75.0,115.0,0
2026-09-27T18:54:02+00:00,733,176,301,130.0,166.0,0
2026-09-27T18:54:02+00:00,734,266,215,29.0,48.08,0
2026-09-27T18:59:12+00:00,731,524,647,38.0,60.0,0
2026-09-27T18:59:12+00:00,732,280,402,75.0,115.0,0
2026-09-27T18:59:12+00:00,733,176,301,129.99,166.0,0
2026-09-27T18:59:12+00:00,734,266,215,29.0,48.08,0
2026-09-27T19:04:23+00:00,731,524,647,38.0,60.0,0
2026-09-27T19:04:23+00:00,732,278,404,75.0,115.0,0
2026-09-27T19:04:23+00:00,733,176,301,129.99,166.0,0
2026-09-27T19:04:23+00:00,734,266,215,29.0,48.08,0
2026-09-27T19:09:32+00:00,731,524,647,38.0,60.0,0
2026-09-27T19:09:32+00:00,732,278,404,75.0,115.0,0
2026-09-27T19:09:32+00:00,733,176,301,129.99,166.0,0
2026-09-27T19:09:32+00:00,734,266,215,29.0,48.08,0
2026-09-27T19:14:41+00:00,731,524,647,38.0,60.0,0
2026-09-27T19:14:41+00:00,732,278,404,75.0,115.0,0
2026-09-27T19:14:41+00:00,733,175,301,129.99,166.0,0
2026-09-27T19:14:41+00:00,734,266,215,29.0,48.08,0
2026-09-27T19:19:50+00:00,731,523,647,38.0,60.0,0
2026-09-27T19:19:50+00:00,732,278,404,75.0,115.0,0
2026-09-27T19:19:50+00:00,733,175,302,129.99,165.56,0
2026-09-27T19:19:50+00:00,734,266,215,29.0,48.08,0
2026-09-27T19:25:01+00:00,731,523,647,38.0,60.0,0
2026-09-27T19:25:01+00:00,732,278,404,75.0,115.0,0
2026-09-27T19:25:01+00:00,733,175,302,129.99,165.56,0
2026-09-27T19:25:01+00:00,734,266,215,29.0,48.08,0
2026-09-27T19:30:10+00:00,731,524,647,38.0,60.0,0
2026-09-27T19:30:10+00:00,732,278,404,75.0,115.0,0
2026-09-27T19:30:10+00:00,733,175,302,129.99,165.56,0
2026-09-27T19:30:10+00:00,734,266,215,29.0,48.08,0
2026-09-27T19:35:21+00:00,731,524,647,38.0,60.0,0
2026-09-27T19:35:21+00:00,732,278,404,75.0,115.0,0
2026-09-27T19:35:21+00:00,733,175,302,129.99,165.56,0
2026-09-27T19:35:21+00:00,734,266,215,29.0,48.08,0
2026-09-27T19:40:32+00:00,731,524,647,38.0,60.0,0
2026-09-27T19:40:32+00:00,732,278,404,75.0,115.0,0
2026-09-27T19:40:32+00:00,733,175,302,129.99,165.56,0
2026-09-27T19:40:32+00:00,734,266,215,29.0,48.08,0
2026-09-27T19:45:42+00:00,731,523,648,38.0,60.0,0
2026-09-27T19:45:42+00:00,732,278,404,75.0,115.0,0
2026-09-27T19:45:42+00:00,733,175,302,129.99,165.56,0
2026-09-27T19:45:42+00:00,734,266,215,29.0,48.08,0
2026-09-27T19:50:54+00:00,731,523,648,38.0,60.0,0
2026-09-27T19:50:54+00:00,732,278,404,75.0,115.0,0
2026-09-27T19:50:54+00:00,733,175,302,129.99,165.56,0
2026-09-27T19:50:54+00:00,734,266,215,29.0,48.08,0
2026-09-27T19:56:04+00:00,731,523,648,38.0,60.0,0
2026-09-27T19:56:04+00:00,732,278,404,75.0,115.0,0
2026-09-27T19:56:04+00:00,733,175,302,129.99,165.56,0
2026-09-27T19:56:04+00:00,734,266,215,29.0,48.08,0
2026-09-27T20:01:17+00:00,731,523,648,38.0,60.0,0
2026-09-27T20:01:17+00:00,732,278,404,75.0,115.0,0
2026-09-27T20:01:17+00:00,733,175,302,129.99,165.56,0
2026-09-27T20:01:17+00:00,734,266,215,29.0,48.08,0
2026-09-27T20:06:28+00:00,731,523,648,38.0,60.0,0
2026-09-27T20:06:28+00:00,732,277,404,75.0,115.0,0
2026-09-27T20:06:28+00:00,733,175,302,129.99,165.56,0
2026-09-27T20:06:28+00:00,734,266,215,29.0,48.08,0
2026-09-27T20:11:37+00:00,731,522,648,38.0,60.0,0
2026-09-27T20:11:37+00:00,732,274,407,75.0,115.0,0
2026-09-27T20:11:37+00:00,733,175,302,129.99,165.56,0
2026-09-27T20:11:37+00:00,734,266,215,29.0,48.08,0
2026-09-27T20:16:48+00:00,731,523,648,38.0,60.0,0
2026-09-27T20:16:48+00:00,732,275,407,75.0,115.0,0
2026-09-27T20:16:48+00:00,733,175,302,129.99,165.56,0
2026-09-27T20:16:48+00:00,734,266,215,29.0,48.08,0
2026-09-27T20:22:00+00:00,731,522,649,39.0,60.0,0
2026-09-27T20:22:00+00:00,732,273,408,75.0,115.0,0
2026-09-27T20:22:00+00:00,733,175,302,129.99,165.56,0
2026-09-27T20:22:00+00:00,734,266,215,29.0,48.08,0
2026-09-27T20:27:10+00:00,731,522,649,39.0,60.0,0
2026-09-27T20:27:10+00:00,732,273,408,75.0,115.0,0
2026-09-27T20:27:10+00:00,733,175,302,129.99,165.56,0
2026-09-27T20:27:10+00:00,734,266,215,29.0,48.08,0
2026-09-27T20:32:22+00:00,731,521,649,39.5,60.0,0
2026-09-27T20:32:22+00:00,732,273,408,75.0,115.0,0
2026-09-27T20:32:22+00:00,733,175,302,129.99,165.56,0
2026-09-27T20:32:22+00:00,734,266,215,29.0,48.08,0
2026-09-27T20:37:40+00:00,731,521,649,39.5,60.0,0
2026-09-27T20:37:40+00:00,732,273,408,75.0,115.0,0
2026-09-27T20:37:40+00:00,733,175,302,129.98,165.56,0
2026-09-27T20:37:40+00:00,734,266,215,29.0,48.08,0
2026-09-27T20:42:52+00:00,731,522,649,39.0,60.0,0
2026-09-27T20:42:52+00:00,732,273,408,75.0,115.0,0
2026-09-27T20:42:52+00:00,733,175,302,129.98,165.56,0
2026-09-27T20:42:52+00:00,734,266,215,29.0,48.08,0
2026-09-27T20:48:02+00:00,731,522,649,39.0,60.0,0
2026-09-27T20:48:02+00:00,732,273,408,75.0,115.0,0
2026-09-27T20:48:02+00:00,733,175,302,129.98,165.56,0
2026-09-27T20:48:02+00:00,734,266,215,29.0,48.08,0
2026-09-27T20:53:12+00:00,731,521,649,39.5,60.0,0
2026-09-27T20:53:12+00:00,732,273,408,75.0,115.0,0
2026-09-27T20:53:12+00:00,733,175,302,129.98,165.56,0
2026-09-27T20:53:12+00:00,734,266,215,29.0,48.08,0
2026-09-27T20:58:24+00:00,731,522,649,39.0,60.0,0
2026-09-27T20:58:24+00:00,732,273,408,75.0,115.0,0
2026-09-27T20:58:24+00:00,733,175,302,129.98,165.56,0
2026-09-27T20:58:24+00:00,734,266,215,29.0,48.08,0
2026-09-27T21:03:33+00:00,731,522,649,39.0,60.0,0
2026-09-27T21:03:33+00:00,732,273,408,75.0,115.0,0
2026-09-27T21:03:33+00:00,733,175,302,129.98,165.56,0
2026-09-27T21:03:33+00:00,734,266,215,29.0,48.08,0
2026-09-27T21:08:45+00:00,731,522,649,39.0,60.0,0
2026-09-27T21:08:45+00:00,732,273,408,75.0,115.0,0
2026-09-27T21:08:45+00:00,733,175,302,129.98,165.56,0
2026-09-27T21:08:45+00:00,734,266,215,29.0,48.08,0
2026-09-27T21:13:57+00:00,731,522,649,39.0,60.0,0
2026-09-27T21:13:57+00:00,732,273,408,75.0,115.0,0
2026-09-27T21:13:57+00:00,733,175,302,129.98,165.56,0
2026-09-27T21:13:57+00:00,734,266,215,29.0,48.08,0
2026-09-27T21:19:08+00:00,731,522,649,39.0,60.0,0
2026-09-27T21:19:08+00:00,732,273,408,75.0,115.0,0
2026-09-27T21:19:08+00:00,733,175,302,129.98,165.56,0
2026-09-27T21:19:08+00:00,734,266,215,29.0,48.08,0
2026-09-27T21:24:20+00:00,731,520,650,39.5,60.0,0
2026-09-27T21:24:20+00:00,732,273,408,75.0,115.0,0
2026-09-27T21:24:20+00:00,733,175,302,129.98,165.56,0
2026-09-27T21:24:20+00:00,734,266,215,29.0,48.08,0
2026-09-27T21:29:32+00:00,731,522,650,39.0,60.0,0
2026-09-27T21:29:32+00:00,732,273,408,75.0,115.0,0
2026-09-27T21:29:32+00:00,733,175,302,129.98,165.56,0
2026-09-27T21:29:32+00:00,734,266,215,29.0,48.08,0
2026-09-27T21:35:18+00:00,731,522,650,39.0,60.0,0
2026-09-27T21:35:18+00:00,732,273,408,75.0,115.0,0
2026-09-27T21:35:18+00:00,733,175,302,129.98,165.56,0
2026-09-27T21:35:18+00:00,734,266,215,29.0,48.08,0
2026-09-27T21:40:28+00:00,731,522,650,39.0,60.0,0
2026-09-27T21:40:28+00:00,732,273,408,74.5,115.0,0
2026-09-27T21:40:28+00:00,733,175,302,129.98,165.56,0
2026-09-27T21:40:28+00:00,734,266,215,29.0,48.08,0
2026-09-27T21:45:40+00:00,731,522,650,39.0,60.0,0
2026-09-27T21:45:40+00:00,732,273,408,74.5,115.0,0
2026-09-27T21:45:40+00:00,733,175,302,129.98,165.56,0
2026-09-27T21:45:40+00:00,734,266,215,29.0,48.08,0
2026-09-27T21:50:50+00:00,731,522,650,39.0,60.0,0
2026-09-27T21:50:50+00:00,732,273,408,74.5,115.0,0
2026-09-27T21:50:50+00:00,733,175,302,129.98,165.56,0
2026-09-27T21:50:50+00:00,734,266,215,29.0,48.08,0
2026-09-27T21:56:00+00:00,731,522,650,39.0,60.0,0
2026-09-27T21:56:00+00:00,732,273,408,74.5,115.0,0
2026-09-27T21:56:00+00:00,733,175,302,129.98,165.56,0
2026-09-27T21:56:00+00:00,734,266,215,29.0,48.08,0
2026-09-27T22:01:12+00:00,731,522,650,39.0,60.0,0
2026-09-27T22:01:12+00:00,732,272,408,75.0,115.0,0
2026-09-27T22:01:12+00:00,733,175,302,129.98,165.56,0
2026-09-27T22:01:12+00:00,734,266,215,29.0,48.08,0
2026-09-27T22:06:22+00:00,731,520,651,39.99,60.0,0
2026-09-27T22:06:22+00:00,732,271,409,79.85,114.99,0
2026-09-27T22:06:22+00:00,733,175,302,129.98,165.56,0
2026-09-27T22:06:22+00:00,734,266,215,29.0,48.08,0
2026-09-27T22:11:31+00:00,731,520,652,39.99,60.0,0
2026-09-27T22:11:31+00:00,732,272,409,74.5,114.99,0
2026-09-27T22:11:31+00:00,733,175,302,129.98,165.56,0
2026-09-27T22:11:31+00:00,734,266,215,29.0,48.08,0
2026-09-27T22:16:41+00:00,731,520,652,39.99,60.0,0
2026-09-27T22:16:41+00:00,732,272,409,74.5,114.99,0
2026-09-27T22:16:41+00:00,733,175,302,129.98,165.56,0
2026-09-27T22:16:41+00:00,734,266,215,29.0,48.08,0
2026-09-27T22:21:51+00:00,731,520,652,39.99,60.0,0
2026-09-27T22:21:51+00:00,732,272,409,74.5,114.99,0
2026-09-27T22:21:51+00:00,733,175,302,129.98,165.56,0
2026-09-27T22:21:51+00:00,734,265,216,29.0,48.04,0
2026-09-27T22:26:59+00:00,731,520,652,39.99,60.0,0
2026-09-27T22:26:59+00:00,732,272,409,74.5,114.99,0
2026-09-27T22:26:59+00:00,733,175,302,129.98,165.56,0
2026-09-27T22:26:59+00:00,734,265,216,29.0,48.04,0
2026-09-27T22:32:08+00:00,731,520,652,39.99,60.0,0
2026-09-27T22:32:08+00:00,732,272,409,74.5,114.99,0
2026-09-27T22:32:08+00:00,733,174,302,129.98,165.56,0
2026-09-27T22:32:08+00:00,734,265,216,29.0,48.04,0
2026-09-27T22:37:19+00:00,731,520,652,39.99,60.0,0
2026-09-27T22:37:19+00:00,732,272,409,74.5,114.99,0
2026-09-27T22:37:19+00:00,733,174,303,129.98,165.12,0
2026-09-27T22:37:19+00:00,734,265,216,29.0,48.04,0
2026-09-27T22:42:29+00:00,731,520,652,39.99,60.0,0
2026-09-27T22:42:29+00:00,732,272,409,74.5,114.99,0
2026-09-27T22:42:29+00:00,733,174,303,129.98,165.12,0
2026-09-27T22:42:29+00:00,734,265,216,29.0,48.04,0
2026-09-27T22:47:40+00:00,731,521,652,39.99,60.0,0
2026-09-27T22:47:40+00:00,732,272,409,74.5,114.99,0
2026-09-27T22:47:40+00:00,733,174,303,129.98,165.12,0
2026-09-27T22:47:40+00:00,734,265,216,29.0,48.04,0
2026-09-27T22:52:50+00:00,731,521,652,39.99,60.0,0
2026-09-27T22:52:50+00:00,732,272,409,74.5,114.99,0
2026-09-27T22:52:50+00:00,733,174,303,129.98,165.12,0
2026-09-27T22:52:50+00:00,734,265,216,29.0,48.04,0
2026-09-27T22:58:35+00:00,731,521,652,39.99,60.0,0
2026-09-27T22:58:35+00:00,732,272,409,74.5,114.99,0
2026-09-27T22:58:35+00:00,733,174,303,129.98,165.12,0
2026-09-27T22:58:35+00:00,734,265,216,29.0,48.04,0
2026-09-27T23:03:45+00:00,731,521,652,39.99,60.0,0
2026-09-27T23:03:45+00:00,732,272,409,74.5,114.99,0
2026-09-27T23:03:45+00:00,733,174,303,129.98,165.12,0
2026-09-27T23:03:45+00:00,734,264,217,29.0,48.0,0
2026-09-27T23:08:54+00:00,731,521,652,39.99,60.0,0
2026-09-27T23:08:54+00:00,732,272,409,74.5,114.99,0
2026-09-27T23:08:54+00:00,733,174,303,129.98,165.12,0
2026-09-27T23:08:54+00:00,734,264,217,29.0,48.0,0
2026-09-27T23:14:04+00:00,731,521,652,39.99,60.0,0
2026-09-27T23:14:04+00:00,732,272,409,74.5,114.99,0
2026-09-27T23:14:04+00:00,733,174,303,129.98,165.12,0
2026-09-27T23:14:04+00:00,734,264,217,29.0,48.0,0
2026-09-27T23:19:16+00:00,731,521,652,39.99,60.0,0
2026-09-27T23:19:16+00:00,732,272,409,74.5,114.99,0
2026-09-27T23:19:16+00:00,733,174,303,129.98,165.12,0
2026-09-27T23:19:16+00:00,734,264,217,29.0,48.0,0
2026-09-27T23:24:27+00:00,731,521,652,39.99,60.0,0
2026-09-27T23:24:27+00:00,732,272,409,74.5,114.99,0
2026-09-27T23:24:27+00:00,733,173,303,129.99,165.12,0
2026-09-27T23:24:27+00:00,734,264,217,29.0,48.0,0
2026-09-27T23:29:37+00:00,731,521,652,39.99,60.0,0
2026-09-27T23:29:37+00:00,732,272,409,74.5,114.99,0
2026-09-27T23:29:37+00:00,733,174,303,129.98,165.12,0
2026-09-27T23:29:37+00:00,734,264,217,29.0,48.0,0
2026-09-27T23:34:48+00:00,731,521,652,39.99,60.0,0
2026-09-27T23:34:48+00:00,732,272,409,74.5,114.99,0
2026-09-27T23:34:48+00:00,733,174,303,129.98,165.12,0
2026-09-27T23:34:48+00:00,734,264,217,29.0,48.0,0
2026-09-27T23:39:59+00:00,731,521,652,39.99,60.0,0
2026-09-27T23:39:59+00:00,732,272,409,74.5,114.99,0
2026-09-27T23:39:59+00:00,733,174,303,129.98,165.12,0
2026-09-27T23:39:59+00:00,734,264,217,29.0,48.0,0
2026-09-27T23:45:13+00:00,731,521,652,39.99,60.0,0
2026-09-27T23:45:13+00:00,732,272,409,74.5,114.99,0
2026-09-27T23:45:13+00:00,733,174,303,129.98,165.12,0
2026-09-27T23:45:13+00:00,734,264,217,29.0,48.0,0
2026-09-27T23:50:24+00:00,731,521,652,39.99,60.0,0
2026-09-27T23:50:24+00:00,732,272,409,74.5,114.99,0
2026-09-27T23:50:24+00:00,733,174,303,129.98,165.12,0
2026-09-27T23:50:24+00:00,734,264,217,29.0,48.0,0
2026-09-27T23:55:37+00:00,731,521,652,39.99,60.0,0
2026-09-27T23:55:37+00:00,732,272,409,74.5,114.99,0
2026-09-27T23:55:37+00:00,733,174,303,129.98,165.12,0
2026-09-27T23:55:37+00:00,734,264,217,29.0,48.0,0
2026-09-28T00:00:47+00:00,731,521,652,39.99,60.0,0
2026-09-28T00:00:47+00:00,732,272,409,74.5,114.99,0
2026-09-28T00:00:47+00:00,733,174,303,129.98,165.12,0
2026-09-28T00:00:47+00:00,734,264,217,29.0,48.0,0
2026-09-28T00:05:57+00:00,731,521,652,39.99,60.0,0
2026-09-28T00:05:57+00:00,732,272,409,74.5,114.99,0
2026-09-28T00:05:57+00:00,733,174,303,129.98,165.12,0
2026-09-28T00:05:57+00:00,734,264,217,29.0,48.0,0
2026-09-28T00:11:08+00:00,731,521,652,39.99,60.0,0
2026-09-28T00:11:08+00:00,732,272,409,74.5,114.99,0
2026-09-28T00:11:08+00:00,733,174,303,129.98,165.12,0
2026-09-28T00:11:08+00:00,734,264,217,29.0,48.0,0
2026-09-28T00:16:17+00:00,731,521,652,39.99,60.0,0
2026-09-28T00:16:17+00:00,732,272,409,74.5,114.99,0
2026-09-28T00:16:17+00:00,733,174,303,129.98,165.12,0
2026-09-28T00:16:17+00:00,734,264,217,29.0,48.0,0
2026-09-28T00:21:28+00:00,731,521,652,39.99,60.0,0
2026-09-28T00:21:28+00:00,732,272,409,74.5,114.99,0
2026-09-28T00:21:28+00:00,733,174,303,129.98,165.12,0
2026-09-28T00:21:28+00:00,734,264,217,29.0,48.0,0
2026-09-28T00:26:42+00:00,731,521,652,39.99,60.0,0
2026-09-28T00:26:42+00:00,732,272,409,74.5,114.99,0
2026-09-28T00:26:42+00:00,733,174,303,129.98,165.12,0
2026-09-28T00:26:42+00:00,734,264,217,29.0,48.0,0
2026-09-28T00:31:51+00:00,731,521,652,39.99,60.0,0
2026-09-28T00:31:51+00:00,732,272,409,74.5,114.99,0
2026-09-28T00:31:51+00:00,733,174,303,129.98,165.12,0
2026-09-28T00:31:51+00:00,734,264,217,29.0,48.0,0
2026-09-28T00:37:02+00:00,731,521,652,39.99,60.0,0
2026-09-28T00:37:02+00:00,732,272,409,74.5,114.99,0
2026-09-28T00:37:02+00:00,733,174,303,129.98,165.12,0
2026-09-28T00:37:02+00:00,734,264,217,29.0,48.0,0
2026-09-28T00:42:13+00:00,731,521,652,39.99,60.0,0
2026-09-28T00:42:13+00:00,732,272,409,74.5,114.99,0
2026-09-28T00:42:13+00:00,733,174,303,129.98,165.12,0
2026-09-28T00:42:13+00:00,734,264,217,29.0,48.0,0
2026-09-28T00:47:23+00:00,731,521,652,39.99,60.0,0
2026-09-28T00:47:23+00:00,732,272,409,74.5,114.99,0
2026-09-28T00:47:23+00:00,733,174,303,129.98,165.12,0
2026-09-28T00:47:23+00:00,734,264,217,29.0,48.0,0
2026-09-28T00:52:35+00:00,731,521,652,39.99,60.0,0
2026-09-28T00:52:35+00:00,732,272,409,74.5,114.99,0
2026-09-28T00:52:35+00:00,733,174,303,129.98,165.12,0
2026-09-28T00:52:35+00:00,734,264,217,29.0,48.0,0
2026-09-28T00:57:47+00:00,731,521,652,39.99,60.0,0
2026-09-28T00:57:47+00:00,732,272,409,74.5,114.99,0
2026-09-28T00:57:47+00:00,733,174,303,129.98,165.12,0
2026-09-28T00:57:47+00:00,734,264,217,29.0,48.0,0
2026-09-28T01:03:00+00:00,731,521,652,39.99,60.0,0
2026-09-28T01:03:00+00:00,732,272,409,74.5,114.99,0
2026-09-28T01:03:00+00:00,733,174,303,129.98,165.12,0
2026-09-28T01:03:00+00:00,734,264,217,29.0,48.0,0
2026-09-28T01:08:12+00:00,731,521,652,39.99,60.0,0
2026-09-28T01:08:12+00:00,732,272,409,74.5,114.99,0
2026-09-28T01:08:12+00:00,733,174,303,129.98,165.12,0
2026-09-28T01:08:12+00:00,734,264,217,29.0,48.0,0
2026-09-28T01:13:23+00:00,731,521,652,39.99,60.0,0
2026-09-28T01:13:23+00:00,732,272,409,74.5,114.99,0
2026-09-28T01:13:23+00:00,733,174,303,129.98,165.12,0
2026-09-28T01:13:23+00:00,734,264,217,29.0,48.0,0
2026-09-28T01:18:35+00:00,731,521,652,39.99,60.0,0
2026-09-28T01:18:35+00:00,732,272,409,74.5,114.99,0
2026-09-28T01:18:35+00:00,733,174,303,129.98,165.12,0
2026-09-28T01:18:35+00:00,734,264,217,29.0,48.0,0
2026-09-28T01:23:46+00:00,731,521,652,39.99,60.0,0
2026-09-28T01:23:46+00:00,732,272,409,74.5,114.99,0
2026-09-28T01:23:46+00:00,733,174,303,129.98,165.12,0
2026-09-28T01:23:46+00:00,734,264,217,29.0,48.0,0
2026-09-28T01:28:56+00:00,731,521,652,39.99,60.0,0
2026-09-28T01:28:56+00:00,732,272,409,74.5,114.99,0
2026-09-28T01:28:56+00:00,733,174,303,129.98,165.12,0
2026-09-28T01:28:56+00:00,734,264,217,29.0,48.0,0
2026-09-28T01:34:07+00:00,731,521,652,39.99,60.0,0
2026-09-28T01:34:07+00:00,732,272,409,74.5,114.99,0
2026-09-28T01:34:07+00:00,733,174,303,129.98,165.12,0
2026-09-28T01:34:07+00:00,734,264,217,29.0,48.0,0
2026-09-28T01:39:16+00:00,731,519,652,39.99,60.0,0
2026-09-28T01:39:16+00:00,732,272,409,74.5,114.99,0
2026-09-28T01:39:16+00:00,733,174,303,129.98,165.12,0
2026-09-28T01:39:16+00:00,734,264,217,29.0,48.0,0
2026-09-28T01:44:25+00:00,731,521,652,39.99,60.0,0
2026-09-28T01:44:25+00:00,732,270,410,79.9,114.99,0
2026-09-28T01:44:25+00:00,733,174,303,129.98,165.12,0
2026-09-28T01:44:25+00:00,734,264,217,29.0,48.0,0
2026-09-28T01:49:33+00:00,731,521,652,39.99,60.0,0
2026-09-28T01:49:33+00:00,732,271,410,79.85,114.99,0
2026-09-28T01:49:33+00:00,733,174,303,129.98,165.12,0
2026-09-28T01:49:33+00:00,734,264,217,29.0,48.0,0
2026-09-28T01:54:45+00:00,731,521,652,39.99,60.0,0
2026-09-28T01:54:45+00:00,732,271,410,79.85,114.99,0
2026-09-28T01:54:45+00:00,733,172,305,129.98,165.0,0
2026-09-28T01:54:45+00:00,734,264,217,29.0,48.0,0
2026-09-28T01:59:56+00:00,731,520,653,40.0,60.0,0
2026-09-28T01:59:56+00:00,732,271,410,79.85,114.99,0
2026-09-28T01:59:56+00:00,733,171,305,129.98,165.0,0
2026-09-28T01:59:56+00:00,734,264,217,29.0,48.0,0
2026-09-28T02:05:08+00:00,731,520,653,40.0,60.0,0
2026-09-28T02:05:08+00:00,732,271,410,79.85,114.99,0
2026-09-28T02:05:08+00:00,733,170,305,130.0,165.0,0
2026-09-28T02:05:08+00:00,734,263,218,29.99,48.0,0
2026-09-28T02:10:20+00:00,731,520,653,40.0,60.0,0
2026-09-28T02:10:20+00:00,732,271,410,79.85,114.99,0
2026-09-28T02:10:20+00:00,733,171,306,129.99,165.0,0
2026-09-28T02:10:20+00:00,734,263,218,29.99,48.0,0
2026-09-28T02:15:31+00:00,731,520,653,40.0,60.0,0
2026-09-28T02:15:31+00:00,732,271,410,79.85,114.99,0
2026-09-28T02:15:31+00:00,733,171,306,129.99,165.0,0
2026-09-28T02:15:31+00:00,734,263,218,29.99,48.0,0
2026-09-28T02:20:41+00:00,731,520,653,40.0,60.0,0
2026-09-28T02:20:41+00:00,732,271,410,79.85,114.99,0
2026-09-28T02:20:41+00:00,733,171,306,129.99,165.0,0
2026-09-28T02:20:41+00:00,734,263,218,29.99,48.0,0
2026-09-28T02:25:50+00:00,731,520,653,40.0,60.0,0
2026-09-28T02:25:50+00:00,732,270,410,79.85,114.99,0
2026-09-28T02:25:50+00:00,733,171,306,129.99,165.0,0
2026-09-28T02:25:50+00:00,734,263,218,29.99,48.0,0
2026-09-28T02:30:59+00:00,731,520,653,40.0,60.0,0
2026-09-28T02:30:59+00:00,732,270,411,79.85,114.99,0
2026-09-28T02:30:59+00:00,733,171,306,129.99,165.0,0
2026-09-28T02:30:59+00:00,734,263,218,29.99,48.0,0
2026-09-28T02:36:11+00:00,731,520,653,40.0,60.0,0
2026-09-28T02:36:11+00:00,732,270,411,79.85,114.99,0
2026-09-28T02:36:11+00:00,733,171,306,129.99,165.0,0
2026-09-28T02:36:11+00:00,734,263,218,29.99,48.0,0
2026-09-28T02:41:22+00:00,731,520,653,40.0,60.0,0
2026-09-28T02:41:22+00:00,732,270,411,78.98,114.99,0
2026-09-28T02:41:22+00:00,733,171,306,129.99,165.0,0
2026-09-28T02:41:22+00:00,734,263,218,29.99,48.0,0
2026-09-28T02:46:33+00:00,731,520,653,39.99,60.0,0
2026-09-28T02:46:33+00:00,732,270,411,78.97,114.99,0
2026-09-28T02:46:33+00:00,733,171,306,129.99,165.0,0
2026-09-28T02:46:33+00:00,734,263,218,29.99,48.0,0
2026-09-28T02:51:44+00:00,731,520,653,39.99,60.0,0
2026-09-28T02:51:44+00:00,732,270,411,78.97,114.99,0
2026-09-28T02:51:44+00:00,733,171,306,129.99,165.0,0
2026-09-28T02:51:44+00:00,734,263,218,29.99,48.0,0
2026-09-28T02:56:55+00:00,731,520,653,39.99,60.0,0
2026-09-28T02:56:55+00:00,732,270,411,78.97,114.99,0
2026-09-28T02:56:55+00:00,733,171,306,129.99,165.0,0
2026-09-28T02:56:55+00:00,734,263,218,29.99,48.0,0
2026-09-28T03:02:07+00:00,731,520,653,39.99,60.0,0
2026-09-28T03:02:07+00:00,732,270,411,78.97,114.99,0
2026-09-28T03:02:07+00:00,733,171,306,129.99,165.0,0
2026-09-28T03:02:07+00:00,734,263,218,29.99,48.0,0
2026-09-28T03:07:16+00:00,731,520,653,39.99,60.0,0
2026-09-28T03:07:16+00:00,732,270,411,78.97,114.99,0
2026-09-28T03:07:16+00:00,733,171,306,129.99,165.0,0
2026-09-28T03:07:16+00:00,734,263,218,29.99,48.0,0
2026-09-28T03:12:25+00:00,731,520,653,39.0,60.0,0
2026-09-28T03:12:25+00:00,732,270,411,78.97,114.99,0
2026-09-28T03:12:25+00:00,733,171,306,129.99,165.0,0
2026-09-28T03:12:25+00:00,734,263,218,29.99,48.0,0
2026-09-28T03:17:36+00:00,731,520,653,39.0,60.0,0
2026-09-28T03:17:36+00:00,732,270,411,78.97,114.99,0
2026-09-28T03:17:36+00:00,733,171,306,129.99,165.0,0
2026-09-28T03:17:36+00:00,734,263,218,29.99,48.0,0
2026-09-28T03:22:47+00:00,731,520,653,39.0,60.0,0
2026-09-28T03:22:47+00:00,732,270,411,78.97,114.99,0
2026-09-28T03:22:47+00:00,733,171,306,129.99,165.0,0
2026-09-28T03:22:47+00:00,734,263,218,29.99,48.0,0
2026-09-28T03:27:58+00:00,731,520,653,39.0,60.0,0
2026-09-28T03:27:58+00:00,732,270,411,78.97,114.99,0
2026-09-28T03:27:58+00:00,733,171,306,129.99,165.0,0
2026-09-28T03:27:58+00:00,734,263,218,29.99,48.0,0
2026-09-28T03:33:06+00:00,731,520,653,39.0,60.0,0
2026-09-28T03:33:06+00:00,732,270,411,78.97,114.99,0
2026-09-28T03:33:06+00:00,733,171,306,129.99,165.0,0
2026-09-28T03:33:06+00:00,734,263,218,29.99,48.0,0
2026-09-28T03:38:17+00:00,731,520,653,39.0,60.0,0
2026-09-28T03:38:17+00:00,732,270,411,78.97,114.99,0
2026-09-28T03:38:17+00:00,733,171,306,129.99,165.0,0
2026-09-28T03:38:17+00:00,734,263,218,29.99,48.0,0
2026-09-28T03:43:29+00:00,731,520,653,39.0,60.0,0
2026-09-28T03:43:29+00:00,732,270,411,78.97,114.99,0
2026-09-28T03:43:29+00:00,733,171,306,129.99,165.0,0
2026-09-28T03:43:29+00:00,734,263,218,29.99,48.0,0
2026-09-28T03:48:40+00:00,731,520,653,39.0,60.0,0
2026-09-28T03:48:40+00:00,732,270,411,78.97,114.99,0
2026-09-28T03:48:40+00:00,733,171,306,129.99,165.0,0
2026-09-28T03:48:40+00:00,734,263,218,29.99,48.0,0
2026-09-28T03:53:52+00:00,731,520,653,39.0,60.0,0
2026-09-28T03:53:52+00:00,732,269,412,78.97,114.99,0
2026-09-28T03:53:52+00:00,733,171,306,129.99,165.0,0
2026-09-28T03:53:52+00:00,734,263,218,29.99,48.0,0
2026-09-28T03:59:03+00:00,731,520,653,39.0,60.0,0
2026-09-28T03:59:03+00:00,732,269,412,78.97,114.99,0
2026-09-28T03:59:03+00:00,733,171,306,129.99,165.0,0
2026-09-28T03:59:03+00:00,734,263,218,29.99,48.0,0
2026-09-28T04:04:13+00:00,731,520,653,39.0,60.0,0
2026-09-28T04:04:13+00:00,732,269,412,78.97,114.99,0
2026-09-28T04:04:13+00:00,733,171,306,129.99,165.0,0
2026-09-28T04:04:13+00:00,734,263,218,29.99,48.0,0
2026-09-28T04:09:25+00:00,731,519,653,39.99,60.0,0
2026-09-28T04:09:25+00:00,732,269,412,78.97,114.99,0
2026-09-28T04:09:25+00:00,733,171,306,129.99,165.0,0
2026-09-28T04:09:25+00:00,734,263,218,29.99,48.0,0
2026-09-28T04:14:35+00:00,731,519,654,39.99,60.0,0
2026-09-28T04:14:35+00:00,732,269,412,78.97,114.99,0
2026-09-28T04:14:35+00:00,733,170,307,130.0,165.0,0
2026-09-28T04:14:35+00:00,734,263,218,29.99,48.0,0
2026-09-28T04:19:44+00:00,731,519,654,39.99,60.0,0
2026-09-28T04:19:44+00:00,732,269,412,78.97,114.99,0
2026-09-28T04:19:44+00:00,733,170,307,130.0,165.0,0
2026-09-28T04:19:44+00:00,734,263,218,29.99,48.0,0
2026-09-28T04:24:53+00:00,731,519,654,39.99,60.0,0
2026-09-28T04:24:53+00:00,732,269,412,78.97,114.99,0
2026-09-28T04:24:53+00:00,733,170,307,130.0,165.0,0
2026-09-28T04:24:53+00:00,734,263,218,29.99,48.0,0
2026-09-28T04:30:03+00:00,731,519,654,39.99,60.0,0
2026-09-28T04:30:03+00:00,732,269,412,78.97,114.99,0
2026-09-28T04:30:03+00:00,733,170,307,130.0,165.0,0
2026-09-28T04:30:03+00:00,734,263,218,29.99,48.0,0
2026-09-28T04:35:12+00:00,731,519,654,39.99,60.0,0
2026-09-28T04:35:12+00:00,732,269,412,78.95,114.99,0
2026-09-28T04:35:12+00:00,733,170,307,130.0,165.0,0
2026-09-28T04:35:12+00:00,734,263,218,29.99,48.0,0
2026-09-28T04:40:21+00:00,731,519,654,39.99,60.0,0
2026-09-28T04:40:21+00:00,732,269,412,78.95,114.99,0
2026-09-28T04:40:21+00:00,733,170,307,130.0,165.0,0
2026-09-28T04:40:21+00:00,734,263,218,29.99,48.0,0
2026-09-28T04:45:30+00:00,731,519,654,39.99,60.0,0
2026-09-28T04:45:30+00:00,732,269,412,78.95,114.99,0
2026-09-28T04:45:30+00:00,733,170,307,130.0,165.0,0
2026-09-28T04:45:30+00:00,734,263,218,29.99,48.0,0
2026-09-28T04:50:40+00:00,731,519,655,39.98,60.0,0
2026-09-28T04:50:40+00:00,732,269,412,78.95,114.99,0
2026-09-28T04:50:40+00:00,733,170,307,130.0,165.0,0
2026-09-28T04:50:40+00:00,734,263,218,29.99,48.0,0
2026-09-28T04:55:52+00:00,731,519,655,39.98,60.0,0
2026-09-28T04:55:52+00:00,732,269,412,78.95,114.99,0
2026-09-28T04:55:52+00:00,733,170,307,130.0,165.0,0
2026-09-28T04:55:52+00:00,734,263,218,29.99,48.0,0
2026-09-28T05:01:03+00:00,731,519,655,39.98,60.0,0
2026-09-28T05:01:03+00:00,732,269,412,78.95,114.99,0
2026-09-28T05:01:03+00:00,733,170,307,130.0,165.0,0
2026-09-28T05:01:03+00:00,734,263,218,29.99,48.0,0
2026-09-28T05:06:14+00:00,731,519,655,39.98,60.0,0
2026-09-28T05:06:14+00:00,732,269,412,78.95,114.99,0
2026-09-28T05:06:14+00:00,733,170,307,130.0,165.0,0
2026-09-28T05:06:14+00:00,734,263,218,29.99,48.0,0
2026-09-28T05:11:28+00:00,731,519,655,39.98,60.0,0
2026-09-28T05:11:28+00:00,732,269,412,78.95,114.99,0
2026-09-28T05:11:28+00:00,733,170,307,130.0,165.0,0
2026-09-28T05:11:28+00:00,734,263,218,29.99,48.0,0
2026-09-28T05:16:39+00:00,731,519,655,39.98,60.0,0
2026-09-28T05:16:39+00:00,732,269,412,78.95,114.99,0
2026-09-28T05:16:39+00:00,733,170,307,130.0,165.0,0
2026-09-28T05:16:39+00:00,734,263,218,29.99,48.0,0
2026-09-28T05:21:52+00:00,731,519,655,39.98,60.0,0
2026-09-28T05:21:52+00:00,732,269,412,78.95,114.99,0
2026-09-28T05:21:52+00:00,733,170,307,130.0,165.0,0
2026-09-28T05:21:52+00:00,734,263,218,29.99,48.0,0
2026-09-28T05:27:03+00:00,731,519,655,39.98,60.0,0
2026-09-28T05:27:03+00:00,732,269,412,78.95,114.99,0
2026-09-28T05:27:03+00:00,733,170,307,130.0,165.0,0
2026-09-28T05:27:03+00:00,734,263,218,29.99,48.0,0
2026-09-28T05:32:14+00:00,731,519,655,39.98,60.0,0
2026-09-28T05:32:14+00:00,732,269,412,78.95,114.99,0
2026-09-28T05:32:14+00:00,733,170,307,130.0,165.0,0
2026-09-28T05:32:14+00:00,734,263,218,29.99,48.0,0
2026-09-28T05:37:26+00:00,731,518,655,39.99,60.0,0
2026-09-28T05:37:26+00:00,732,269,412,78.95,114.99,0
2026-09-28T05:37:26+00:00,733,170,307,130.0,165.0,0
2026-09-28T05:37:26+00:00,734,263,218,29.99,48.0,0
2026-09-28T05:42:35+00:00,731,519,655,39.98,60.0,0
2026-09-28T05:42:35+00:00,732,269,412,78.95,114.99,0
2026-09-28T05:42:35+00:00,733,170,307,130.0,165.0,0
2026-09-28T05:42:35+00:00,734,263,218,29.99,48.0,0
2026-09-28T05:47:46+00:00,731,519,655,39.98,60.0,0
2026-09-28T05:47:46+00:00,732,269,412,78.95,114.99,0
2026-09-28T05:47:46+00:00,733,170,307,130.0,165.0,0
2026-09-28T05:47:46+00:00,734,263,218,29.99,48.0,0
2026-09-28T05:52:56+00:00,731,519,655,39.98,60.0,0
2026-09-28T05:52:56+00:00,732,269,412,78.95,114.99,0
2026-09-28T05:52:56+00:00,733,170,307,130.0,165.0,0
2026-09-28T05:52:56+00:00,734,263,218,29.99,48.0,0
2026-09-28T05:58:08+00:00,731,519,655,39.98,60.0,0
2026-09-28T05:58:08+00:00,732,269,412,78.95,114.99,0
2026-09-28T05:58:08+00:00,733,170,307,130.0,165.0,0
2026-09-28T05:58:08+00:00,734,263,218,29.99,48.0,0
2026-09-28T06:03:19+00:00,731,519,655,39.98,60.0,0
2026-09-28T06:03:19+00:00,732,269,412,78.95,114.99,0
2026-09-28T06:03:19+00:00,733,170,307,130.0,165.0,0
2026-09-28T06:03:19+00:00,734,263,218,29.99,48.0,0
2026-09-28T06:08:31+00:00,731,519,655,39.98,60.0,0
2026-09-28T06:08:31+00:00,732,269,412,78.95,114.99,0
2026-09-28T06:08:31+00:00,733,170,307,130.0,165.0,0
2026-09-28T06:08:31+00:00,734,263,218,29.99,48.0,0
2026-09-28T06:13:45+00:00,731,519,655,39.98,60.0,0
2026-09-28T06:13:45+00:00,732,269,412,78.95,114.99,0
2026-09-28T06:13:45+00:00,733,170,307,130.0,165.0,0
2026-09-28T06:13:45+00:00,734,263,218,29.99,48.0,0
2026-09-28T06:18:57+00:00,731,519,655,39.98,60.0,0
2026-09-28T06:18:57+00:00,732,269,412,78.95,114.99,0
2026-09-28T06:18:57+00:00,733,170,307,130.0,165.0,0
2026-09-28T06:18:57+00:00,734,263,218,29.99,48.0,0
2026-09-28T06:24:06+00:00,731,519,655,39.98,60.0,0
2026-09-28T06:24:06+00:00,732,269,412,78.95,114.99,0
2026-09-28T06:24:06+00:00,733,170,307,130.0,165.0,0
2026-09-28T06:24:06+00:00,734,263,218,29.99,48.0,0
2026-09-28T06:29:16+00:00,731,519,655,39.98,60.0,0
2026-09-28T06:29:16+00:00,732,269,412,78.95,114.99,0
2026-09-28T06:29:16+00:00,733,170,307,130.0,165.0,0
2026-09-28T06:29:16+00:00,734,263,218,29.99,48.0,0
2026-09-28T06:34:30+00:00,731,519,655,39.98,60.0,0
2026-09-28T06:34:30+00:00,732,269,412,78.95,114.99,0
2026-09-28T06:34:30+00:00,733,170,307,130.0,165.0,0
2026-09-28T06:34:30+00:00,734,263,218,29.99,48.0,0
2026-09-28T06:39:41+00:00,731,519,655,39.98,60.0,0
2026-09-28T06:39:41+00:00,732,269,412,78.95,114.99,0
2026-09-28T06:39:41+00:00,733,170,307,130.0,165.0,0
2026-09-28T06:39:41+00:00,734,263,218,29.99,48.0,0
2026-09-28T06:44:55+00:00,731,519,655,39.98,60.0,0
2026-09-28T06:44:55+00:00,732,269,412,78.95,114.99,0
2026-09-28T06:44:55+00:00,733,170,307,130.0,165.0,0
2026-09-28T06:44:55+00:00,734,263,218,29.99,48.0,0
2026-09-28T06:50:06+00:00,731,519,655,39.98,60.0,0
2026-09-28T06:50:06+00:00,732,269,412,78.95,114.99,0
2026-09-28T06:50:06+00:00,733,170,307,130.0,165.0,0
2026-09-28T06:50:06+00:00,734,263,218,29.99,48.0,0
2026-09-28T06:55:17+00:00,731,519,655,39.98,60.0,0
2026-09-28T06:55:17+00:00,732,269,412,78.95,114.99,0
2026-09-28T06:55:17+00:00,733,170,307,130.0,165.0,0
2026-09-28T06:55:17+00:00,734,263,218,29.99,48.0,0
2026-09-28T07:00:29+00:00,731,519,655,39.98,60.0,0
2026-09-28T07:00:29+00:00,732,269,412,78.95,114.99,0
2026-09-28T07:00:29+00:00,733,170,307,130.0,165.0,0
2026-09-28T07:00:29+00:00,734,263,218,29.99,48.0,0
2026-09-28T07:05:39+00:00,731,519,655,39.98,60.0,0
2026-09-28T07:05:39+00:00,732,269,412,78.95,114.99,0
2026-09-28T07:05:39+00:00,733,170,307,130.0,165.0,0
2026-09-28T07:05:39+00:00,734,263,218,29.99,48.0,0
2026-09-28T07:10:50+00:00,731,519,655,39.98,60.0,0
2026-09-28T07:10:50+00:00,732,269,412,78.95,114.99,0
2026-09-28T07:10:50+00:00,733,170,307,130.0,165.0,0
2026-09-28T07:10:50+00:00,734,263,218,29.99,48.0,0
2026-09-28T07:16:02+00:00,731,519,655,39.98,60.0,0
2026-09-28T07:16:02+00:00,732,269,412,78.95,114.99,0
2026-09-28T07:16:02+00:00,733,170,307,130.0,165.0,0
2026-09-28T07:16:02+00:00,734,263,218,29.99,48.0,0
2026-09-28T07:21:15+00:00,731,519,655,39.98,60.0,0
2026-09-28T07:21:15+00:00,732,269,412,78.95,114.99,0
2026-09-28T07:21:15+00:00,733,170,307,130.0,165.0,0
2026-09-28T07:21:15+00:00,734,263,218,29.99,48.0,0
2026-09-28T07:26:28+00:00,731,519,655,39.98,60.0,0
2026-09-28T07:26:28+00:00,732,269,412,78.95,114.99,0
2026-09-28T07:26:28+00:00,733,170,307,130.0,165.0,0
2026-09-28T07:26:28+00:00,734,263,218,29.99,48.0,0
2026-09-28T07:31:42+00:00,731,519,655,39.98,60.0,0
2026-09-28T07:31:42+00:00,732,269,412,78.95,114.99,0
2026-09-28T07:31:42+00:00,733,170,307,130.0,165.0,0
2026-09-28T07:31:42+00:00,734,263,218,29.99,48.0,0
2026-09-28T07:36:53+00:00,731,519,655,39.98,60.0,0
2026-09-28T07:36:53+00:00,732,270,412,78.95,114.99,0
2026-09-28T07:36:53+00:00,733,170,307,130.0,165.0,0
2026-09-28T07:36:53+00:00,734,263,218,29.99,48.0,0
2026-09-28T07:42:04+00:00,731,519,655,39.98,60.0,0
2026-09-28T07:42:04+00:00,732,270,412,78.95,114.99,0
2026-09-28T07:42:04+00:00,733,170,307,130.0,165.0,0
2026-09-28T07:42:04+00:00,734,263,218,29.99,48.0,0
2026-09-28T07:47:16+00:00,731,519,655,39.98,60.0,0
2026-09-28T07:47:16+00:00,732,270,412,78.95,114.99,0
2026-09-28T07:47:16+00:00,733,170,307,130.0,165.0,0
2026-09-28T07:47:16+00:00,734,263,218,29.99,48.0,0
2026-09-28T07:52:30+00:00,731,519,655,39.98,60.0,0
2026-09-28T07:52:30+00:00,732,270,412,78.95,114.99,0
2026-09-28T07:52:30+00:00,733,170,307,130.0,165.0,0
2026-09-28T07:52:30+00:00,734,263,218,29.99,48.0,0
2026-09-28T07:57:41+00:00,731,519,655,39.98,60.0,0
2026-09-28T07:57:41+00:00,732,270,412,78.95,114.99,0
2026-09-28T07:57:41+00:00,733,170,307,130.0,165.0,0
2026-09-28T07:57:41+00:00,734,263,218,29.99,48.0,0
2026-09-28T08:02:53+00:00,731,519,655,39.98,60.0,0
2026-09-28T08:02:53+00:00,732,270,412,78.95,114.99,0
2026-09-28T08:02:53+00:00,733,170,307,130.0,165.0,0
2026-09-28T08:02:53+00:00,734,263,218,29.99,48.0,0
2026-09-28T08:08:04+00:00,731,519,655,39.98,60.0,0
2026-09-28T08:08:04+00:00,732,270,412,78.95,114.99,0
2026-09-28T08:08:04+00:00,733,170,307,130.0,165.0,0
2026-09-28T08:08:04+00:00,734,263,218,29.99,48.0,0
2026-09-28T08:13:16+00:00,731,519,655,39.98,60.0,0
2026-09-28T08:13:16+00:00,732,270,412,78.95,114.99,0
2026-09-28T08:13:16+00:00,733,170,307,130.0,165.0,0
2026-09-28T08:13:16+00:00,734,263,218,29.99,48.0,0
2026-09-28T08:18:28+00:00,731,519,655,39.98,60.0,0
2026-09-28T08:18:28+00:00,732,270,412,78.95,114.99,0
2026-09-28T08:18:28+00:00,733,170,307,130.0,165.0,0
2026-09-28T08:18:28+00:00,734,263,218,29.99,48.0,0
2026-09-28T08:23:40+00:00,731,519,655,39.98,60.0,0
2026-09-28T08:23:40+00:00,732,270,412,78.95,114.99,0
2026-09-28T08:23:40+00:00,733,170,307,130.0,165.0,0
2026-09-28T08:23:40+00:00,734,263,218,29.99,48.0,0
2026-09-28T08:28:53+00:00,731,519,655,39.98,60.0,0
2026-09-28T08:28:53+00:00,732,270,412,78.95,114.99,0
2026-09-28T08:28:53+00:00,733,170,307,130.0,165.0,0
2026-09-28T08:28:53+00:00,734,263,218,29.99,48.0,0
2026-09-28T08:34:04+00:00,731,519,655,39.98,60.0,0
2026-09-28T08:34:04+00:00,732,270,412,78.95,114.99,0
2026-09-28T08:34:04+00:00,733,170,307,130.0,165.0,0
2026-09-28T08:34:04+00:00,734,263,218,29.99,48.0,0
2026-09-28T08:39:15+00:00,731,519,655,39.98,60.0,0
2026-09-28T08:39:15+00:00,732,270,412,78.95,114.99,0
2026-09-28T08:39:15+00:00,733,170,307,130.0,165.0,0
2026-09-28T08:39:15+00:00,734,263,218,29.99,48.0,0
2026-09-28T08:44:26+00:00,731,519,655,39.98,60.0,0
2026-09-28T08:44:26+00:00,732,270,412,78.95,114.99,0
2026-09-28T08:44:26+00:00,733,170,307,130.0,165.0,0
2026-09-28T08:44:26+00:00,734,263,218,29.99,48.0,0
2026-09-28T08:49:36+00:00,731,519,655,39.98,60.0,0
2026-09-28T08:49:36+00:00,732,270,412,78.95,114.99,0
2026-09-28T08:49:36+00:00,733,170,307,130.0,165.0,0
2026-09-28T08:49:36+00:00,734,263,218,29.99,48.0,0
2026-09-28T08:54:47+00:00,731,519,655,39.98,60.0,0
2026-09-28T08:54:47+00:00,732,270,412,78.95,114.99,0
2026-09-28T08:54:47+00:00,733,170,307,130.0,165.0,0
2026-09-28T08:54:47+00:00,734,263,218,29.99,48.0,0
2026-09-28T08:59:55+00:00,731,519,655,39.98,60.0,0
2026-09-28T08:59:55+00:00,732,270,412,78.95,114.99,0
2026-09-28T08:59:55+00:00,733,170,307,130.0,165.0,0
2026-09-28T08:59:55+00:00,734,263,218,29.99,48.0,0
2026-09-28T09:05:07+00:00,731,519,655,39.98,60.0,0
2026-09-28T09:05:07+00:00,732,270,412,78.95,114.99,0
2026-09-28T09:05:07+00:00,733,170,307,130.0,165.0,0
2026-09-28T09:05:07+00:00,734,263,218,29.99,48.0,0
2026-09-28T09:10:24+00:00,731,519,655,39.98,60.0,0
2026-09-28T09:10:24+00:00,732,270,412,78.95,114.99,0
2026-09-28T09:10:24+00:00,733,170,307,130.0,165.0,0
2026-09-28T09:10:24+00:00,734,263,218,29.99,48.0,0
2026-09-28T09:15:36+00:00,731,519,655,39.98,60.0,0
2026-09-28T09:15:36+00:00,732,270,412,78.95,114.99,0
2026-09-28T09:15:36+00:00,733,170,307,130.0,165.0,0
2026-09-28T09:15:36+00:00,734,263,218,29.99,48.0,0
2026-09-28T09:20:49+00:00,731,519,655,39.98,60.0,0
2026-09-28T09:20:49+00:00,732,270,412,78.95,114.99,0
2026-09-28T09:20:49+00:00,733,170,307,130.0,165.0,0
2026-09-28T09:20:49+00:00,734,263,218,29.99,48.0,0
2026-09-28T09:26:00+00:00,731,519,655,39.98,60.0,0
2026-09-28T09:26:00+00:00,732,270,412,78.95,114.99,0
2026-09-28T09:26:00+00:00,733,170,307,130.0,165.0,0
2026-09-28T09:26:00+00:00,734,263,218,29.99,48.0,0
2026-09-28T09:31:13+00:00,731,519,655,39.98,60.0,0
2026-09-28T09:31:13+00:00,732,270,412,78.95,114.99,0
2026-09-28T09:31:13+00:00,733,170,307,130.0,165.0,0
2026-09-28T09:31:13+00:00,734,263,218,29.99,48.0,0
2026-09-28T09:36:25+00:00,731,519,655,39.98,60.0,0
2026-09-28T09:36:25+00:00,732,270,412,78.95,114.99,0
2026-09-28T09:36:25+00:00,733,170,307,130.0,165.0,0
2026-09-28T09:36:25+00:00,734,263,218,29.99,48.0,0
2026-09-28T09:41:36+00:00,731,519,655,39.98,60.0,0
2026-09-28T09:41:36+00:00,732,270,412,78.95,114.99,0
2026-09-28T09:41:36+00:00,733,170,307,130.0,165.0,0
2026-09-28T09:41:36+00:00,734,263,218,29.99,48.0,0
2026-09-28T09:46:46+00:00,731,519,655,39.98,60.0,0
2026-09-28T09:46:46+00:00,732,270,412,78.95,114.99,0
2026-09-28T09:46:46+00:00,733,170,307,130.0,165.0,0
2026-09-28T09:46:46+00:00,734,263,218,29.99,48.0,0
2026-09-28T09:51:57+00:00,731,519,655,39.98,60.0,0
2026-09-28T09:51:57+00:00,732,270,412,78.95,114.99,0
2026-09-28T09:51:57+00:00,733,170,307,130.0,165.0,0
2026-09-28T09:51:57+00:00,734,263,218,29.99,48.0,0
2026-09-28T09:57:08+00:00,731,519,655,39.98,60.0,0
2026-09-28T09:57:08+00:00,732,270,412,78.95,114.99,0
2026-09-28T09:57:08+00:00,733,170,307,130.0,165.0,0
2026-09-28T09:57:08+00:00,734,263,218,29.99,48.0,0
2026-09-28T10:02:18+00:00,731,519,655,39.98,60.0,0
2026-09-28T10:02:18+00:00,732,270,412,78.95,114.99,0
2026-09-28T10:02:18+00:00,733,170,307,130.0,165.0,0
2026-09-28T10:02:18+00:00,734,263,218,29.99,48.0,0
2026-09-28T10:07:29+00:00,731,519,655,39.98,60.0,0
2026-09-28T10:07:29+00:00,732,270,412,78.95,114.99,0
2026-09-28T10:07:29+00:00,733,170,307,130.0,165.0,0
2026-09-28T10:07:29+00:00,734,263,218,29.99,48.0,0
2026-09-28T10:12:41+00:00,731,519,655,39.98,60.0,0
2026-09-28T10:12:41+00:00,732,270,412,78.95,114.99,0
2026-09-28T10:12:41+00:00,733,170,307,130.0,165.0,0
2026-09-28T10:12:41+00:00,734,263,218,29.99,48.0,0
2026-09-28T10:17:51+00:00,731,519,655,39.98,60.0,0
2026-09-28T10:17:51+00:00,732,270,412,78.95,114.99,0
2026-09-28T10:17:51+00:00,733,170,307,130.0,165.0,0
2026-09-28T10:17:51+00:00,734,263,218,29.99,48.0,0
2026-09-28T10:23:04+00:00,731,519,655,39.98,60.0,0
2026-09-28T10:23:04+00:00,732,271,412,75.0,114.99,0
2026-09-28T10:23:04+00:00,733,170,307,130.0,165.0,0
2026-09-28T10:23:04+00:00,734,263,218,29.99,48.0,0
2026-09-28T10:28:15+00:00,731,519,655,39.98,60.0,0
2026-09-28T10:28:15+00:00,732,271,412,75.0,114.99,0
2026-09-28T10:28:15+00:00,733,170,307,130.0,165.0,0
2026-09-28T10:28:15+00:00,734,263,218,29.99,48.0,0
2026-09-28T10:33:25+00:00,731,519,655,39.98,60.0,0
2026-09-28T10:33:25+00:00,732,271,412,75.0,114.99,0
2026-09-28T10:33:25+00:00,733,170,307,130.0,165.0,0
2026-09-28T10:33:25+00:00,734,263,218,29.99,48.0,0
2026-09-28T10:38:37+00:00,731,519,655,39.98,60.0,0
2026-09-28T10:38:37+00:00,732,271,412,75.0,114.99,0
2026-09-28T10:38:37+00:00,733,170,307,130.0,165.0,0
2026-09-28T10:38:37+00:00,734,263,218,29.99,48.0,0
2026-09-28T10:43:47+00:00,731,519,655,39.98,60.0,0
2026-09-28T10:43:47+00:00,732,271,412,75.0,114.99,0
2026-09-28T10:43:47+00:00,733,170,307,130.0,165.0,0
2026-09-28T10:43:47+00:00,734,263,218,29.99,48.0,0
2026-09-28T10:48:57+00:00,731,519,655,39.98,60.0,0
2026-09-28T10:48:57+00:00,732,271,412,75.0,114.99,0
2026-09-28T10:48:57+00:00,733,170,307,130.0,165.0,0
2026-09-28T10:48:57+00:00,734,263,218,29.99,48.0,0
2026-09-28T10:54:11+00:00,731,519,655,39.98,60.0,0
2026-09-28T10:54:11+00:00,732,271,412,75.0,114.99,0
2026-09-28T10:54:11+00:00,733,170,307,130.0,165.0,0
2026-09-28T10:54:11+00:00,734,263,218,29.99,48.0,0
2026-09-28T10:59:22+00:00,731,519,655,39.98,60.0,0
2026-09-28T10:59:22+00:00,732,271,412,75.0,114.99,0
2026-09-28T10:59:22+00:00,733,170,307,130.0,165.0,0
2026-09-28T10:59:22+00:00,734,263,218,29.99,48.0,0
2026-09-28T11:04:36+00:00,731,519,655,39.98,60.0,0
2026-09-28T11:04:36+00:00,732,271,412,75.0,114.99,0
2026-09-28T11:04:36+00:00,733,170,307,130.0,165.0,0
2026-09-28T11:04:36+00:00,734,263,218,29.99,48.0,0
2026-09-28T11:09:50+00:00,731,519,655,39.98,60.0,0
2026-09-28T11:09:50+00:00,732,271,412,75.0,114.99,0
2026-09-28T11:09:50+00:00,733,170,307,130.0,165.0,0
2026-09-28T11:09:50+00:00,734,263,218,29.99,48.0,0
2026-09-28T11:15:02+00:00,731,519,655,39.98,60.0,0
2026-09-28T11:15:02+00:00,732,271,412,75.0,114.99,0
2026-09-28T11:15:02+00:00,733,170,307,130.0,165.0,0
2026-09-28T11:15:02+00:00,734,263,218,29.99,48.0,0
2026-09-28T11:20:15+00:00,731,519,655,39.98,60.0,0
2026-09-28T11:20:15+00:00,732,271,412,75.0,114.99,0
2026-09-28T11:20:15+00:00,733,170,307,130.0,165.0,0
2026-09-28T11:20:15+00:00,734,263,218,29.99,48.0,0
2026-09-28T11:25:27+00:00,731,520,655,39.97,60.0,0
2026-09-28T11:25:27+00:00,732,271,412,75.0,114.99,0
2026-09-28T11:25:27+00:00,733,170,307,130.0,165.0,0
2026-09-28T11:25:27+00:00,734,263,218,29.99,48.0,0
2026-09-28T11:30:39+00:00,731,520,655,39.96,60.0,0
2026-09-28T11:30:39+00:00,732,271,412,75.0,114.99,0
2026-09-28T11:30:39+00:00,733,170,307,130.0,165.0,0
2026-09-28T11:30:39+00:00,734,263,218,29.99,48.0,0
2026-09-28T11:35:49+00:00,731,520,655,39.96,60.0,0
2026-09-28T11:35:49+00:00,732,271,412,75.0,114.99,0
2026-09-28T11:35:49+00:00,733,170,307,130.0,165.0,0
2026-09-28T11:35:49+00:00,734,263,218,29.99,48.0,0
2026-09-28T11:40:59+00:00,731,520,655,39.96,60.0,0
2026-09-28T11:40:59+00:00,732,271,412,75.0,114.99,0
2026-09-28T11:40:59+00:00,733,170,307,130.0,165.0,0
2026-09-28T11:40:59+00:00,734,263,218,29.99,48.0,0
2026-09-28T11:46:10+00:00,731,520,655,39.96,60.0,0
2026-09-28T11:46:10+00:00,732,271,412,75.0,114.99,0
2026-09-28T11:46:10+00:00,733,170,307,130.0,165.0,0
2026-09-28T11:46:10+00:00,734,263,218,29.99,48.0,0
2026-09-28T11:51:22+00:00,731,520,655,39.96,60.0,0
2026-09-28T11:51:22+00:00,732,271,412,75.0,114.99,0
2026-09-28T11:51:22+00:00,733,170,307,130.0,165.0,0
2026-09-28T11:51:22+00:00,734,263,218,29.99,48.0,0
2026-09-28T11:56:35+00:00,731,520,655,39.96,60.0,0
2026-09-28T11:56:35+00:00,732,271,412,75.0,114.99,0
2026-09-28T11:56:35+00:00,733,170,307,130.0,165.0,0
2026-09-28T11:56:35+00:00,734,263,218,29.99,48.0,0
2026-09-28T12:01:45+00:00,731,520,655,39.96,60.0,0
2026-09-28T12:01:45+00:00,732,271,412,75.0,114.99,0
2026-09-28T12:01:45+00:00,733,170,307,130.0,165.0,0
2026-09-28T12:01:45+00:00,734,263,218,29.99,48.0,0
2026-09-28T12:06:55+00:00,731,520,655,39.96,60.0,0
2026-09-28T12:06:55+00:00,732,271,412,75.0,114.99,0
2026-09-28T12:06:55+00:00,733,170,307,130.0,165.0,0
2026-09-28T12:06:55+00:00,734,263,218,29.99,48.0,0
2026-09-28T12:12:07+00:00,731,521,655,39.96,60.0,0
2026-09-28T12:12:07+00:00,732,271,412,75.0,114.99,0
2026-09-28T12:12:07+00:00,733,170,307,130.0,165.0,0
2026-09-28T12:12:07+00:00,734,263,218,29.99,48.0,0
2026-09-28T12:17:19+00:00,731,521,655,39.96,60.0,0
2026-09-28T12:17:19+00:00,732,271,412,75.0,114.99,0
2026-09-28T12:17:19+00:00,733,170,307,130.0,165.0,0
2026-09-28T12:17:19+00:00,734,263,218,29.99,48.0,0
2026-09-28T12:22:29+00:00,731,521,655,39.96,60.0,0
2026-09-28T12:22:29+00:00,732,271,412,75.0,114.99,0
2026-09-28T12:22:29+00:00,733,170,307,130.0,165.0,0
2026-09-28T12:22:29+00:00,734,264,218,29.0,48.0,0
2026-09-28T12:27:40+00:00,731,521,655,39.96,60.0,0
2026-09-28T12:27:40+00:00,732,271,412,75.0,114.99,0
2026-09-28T12:27:40+00:00,733,170,307,130.0,165.0,0
2026-09-28T12:27:40+00:00,734,264,218,29.0,48.0,0
2026-09-28T12:32:52+00:00,731,521,655,39.96,60.0,0
2026-09-28T12:32:52+00:00,732,271,412,75.0,114.99,0
2026-09-28T12:32:52+00:00,733,170,307,130.0,165.0,0
2026-09-28T12:32:52+00:00,734,264,218,29.0,48.0,0
2026-09-28T12:38:04+00:00,731,521,655,39.96,60.0,0
2026-09-28T12:38:04+00:00,732,271,412,75.0,114.99,0
2026-09-28T12:38:04+00:00,733,170,307,130.0,165.0,0
2026-09-28T12:38:04+00:00,734,264,218,29.0,48.0,0
2026-09-28T12:43:15+00:00,731,522,655,39.96,60.0,0
2026-09-28T12:43:15+00:00,732,272,412,75.0,114.99,0
2026-09-28T12:43:15+00:00,733,170,307,130.0,165.0,0
2026-09-28T12:43:15+00:00,734,264,218,29.0,48.0,0
2026-09-28T12:48:26+00:00,731,522,655,39.96,60.0,0
2026-09-28T12:48:26+00:00,732,272,412,75.0,114.99,0
2026-09-28T12:48:26+00:00,733,170,307,130.0,165.0,0
2026-09-28T12:48:26+00:00,734,264,218,29.0,48.0,0
2026-09-28T12:53:37+00:00,731,522,655,39.96,60.0,0
2026-09-28T12:53:37+00:00,732,272,412,75.0,114.99,0
2026-09-28T12:53:37+00:00,733,170,307,130.0,165.0,0
2026-09-28T12:53:37+00:00,734,264,218,29.0,48.0,0
2026-09-28T12:59:07+00:00,731,522,655,39.96,60.0,0
2026-09-28T12:59:07+00:00,732,272,412,75.0,114.99,0
2026-09-28T12:59:07+00:00,733,170,307,130.0,165.0,0
2026-09-28T12:59:07+00:00,734,264,218,29.0,48.0,0
2026-09-28T13:04:21+00:00,731,522,655,39.96,60.0,0
2026-09-28T13:04:21+00:00,732,272,412,75.0,114.99,0
2026-09-28T13:04:21+00:00,733,170,307,130.0,165.0,0
2026-09-28T13:04:21+00:00,734,264,218,29.0,48.0,0
2026-09-28T13:09:34+00:00,731,523,655,39.96,60.0,0
2026-09-28T13:09:34+00:00,732,271,412,78.95,114.99,0
2026-09-28T13:09:34+00:00,733,170,307,130.0,165.0,0
2026-09-28T13:09:34+00:00,734,264,218,29.0,48.0,0
2026-09-28T13:14:45+00:00,731,523,655,39.96,60.0,0
2026-09-28T13:14:45+00:00,732,272,412,75.0,114.99,0
2026-09-28T13:14:45+00:00,733,170,307,130.0,165.0,0
2026-09-28T13:14:45+00:00,734,265,218,28.99,48.0,0
2026-09-28T13:19:56+00:00,731,524,655,39.96,60.0,0
2026-09-28T13:19:56+00:00,732,272,412,75.0,114.99,0
2026-09-28T13:19:56+00:00,733,170,307,130.0,165.0,0
2026-09-28T13:19:56+00:00,734,265,218,28.99,48.0,0
2026-09-28T13:25:07+00:00,731,525,655,39.96,60.0,0
2026-09-28T13:25:07+00:00,732,272,412,75.0,114.99,0
2026-09-28T13:25:07+00:00,733,170,307,130.0,165.0,0
2026-09-28T13:25:07+00:00,734,265,218,28.99,48.0,0
2026-09-28T13:30:18+00:00,731,525,655,39.96,60.0,0
2026-09-28T13:30:18+00:00,732,272,412,75.0,114.99,0
2026-09-28T13:30:18+00:00,733,170,307,130.0,165.0,0
2026-09-28T13:30:18+00:00,734,265,218,28.99,48.0,0
2026-09-28T13:35:31+00:00,731,526,655,39.96,60.0,0
2026-09-28T13:35:31+00:00,732,272,412,75.0,114.99,0
2026-09-28T13:35:31+00:00,733,170,307,130.0,165.0,0
2026-09-28T13:35:31+00:00,734,265,218,28.99,48.0,0
2026-09-28T13:40:43+00:00,731,526,655,39.96,60.0,0
2026-09-28T13:40:43+00:00,732,272,412,75.0,114.99,0
2026-09-28T13:40:43+00:00,733,170,307,130.0,165.0,0
2026-09-28T13:40:43+00:00,734,265,218,28.99,48.0,0
2026-09-28T13:45:56+00:00,731,526,655,39.96,60.0,0
2026-09-28T13:45:56+00:00,732,272,412,75.0,114.99,0
2026-09-28T13:45:56+00:00,733,170,307,130.0,165.0,0
2026-09-28T13:45:56+00:00,734,265,218,28.99,48.0,0
2026-09-28T13:51:07+00:00,731,528,655,39.96,60.0,0
2026-09-28T13:51:07+00:00,732,272,412,75.0,114.99,0
2026-09-28T13:51:07+00:00,733,171,307,130.0,165.0,0
2026-09-28T13:51:07+00:00,734,265,218,28.99,48.0,0
2026-09-28T13:56:20+00:00,731,528,655,39.96,60.0,0
2026-09-28T13:56:20+00:00,732,272,412,75.0,114.99,0
2026-09-28T13:56:20+00:00,733,171,307,130.0,165.0,0
2026-09-28T13:56:20+00:00,734,265,218,28.99,48.0,0
2026-09-28T14:01:32+00:00,731,529,655,39.0,60.0,0
2026-09-28T14:01:32+00:00,732,272,412,75.0,114.99,0
2026-09-28T14:01:32+00:00,733,171,307,130.0,165.0,0
2026-09-28T14:01:32+00:00,734,265,218,28.99,48.0,0
2026-09-28T14:06:43+00:00,731,531,655,39.0,60.0,0
2026-09-28T14:06:43+00:00,732,272,412,75.0,114.99,0
2026-09-28T14:06:43+00:00,733,171,307,130.0,165.0,0
2026-09-28T14:06:43+00:00,734,265,218,28.99,48.0,0
2026-09-28T14:11:56+00:00,731,531,655,38.99,60.0,0
2026-09-28T14:11:56+00:00,732,272,412,75.0,114.99,0
2026-09-28T14:11:56+00:00,733,171,307,130.0,165.0,0
2026-09-28T14:11:56+00:00,734,264,219,29.0,48.0,0
2026-09-28T14:17:07+00:00,731,533,655,38.99,60.0,0
2026-09-28T14:17:07+00:00,732,272,412,75.0,114.99,0
2026-09-28T14:17:07+00:00,733,171,307,130.0,165.0,0
2026-09-28T14:17:07+00:00,734,264,219,29.0,48.0,0
2026-09-28T14:22:22+00:00,731,537,655,34.24,60.0,0
2026-09-28T14:22:22+00:00,732,272,412,75.0,114.99,0
2026-09-28T14:22:22+00:00,733,172,307,124.0,165.0,0
2026-09-28T14:22:22+00:00,734,264,219,29.0,48.0,0
2026-09-28T14:27:33+00:00,731,537,655,34.23,60.0,0
2026-09-28T14:27:33+00:00,732,274,412,74.99,114.99,0
2026-09-28T14:27:33+00:00,733,172,307,124.0,165.0,0
2026-09-28T14:27:33+00:00,734,264,219,29.0,48.0,0
2026-09-28T14:32:45+00:00,731,535,657,34.24,60.0,0
2026-09-28T14:32:45+00:00,732,273,413,74.99,114.99,0
2026-09-28T14:32:45+00:00,733,173,307,119.95,165.0,0
2026-09-28T14:32:45+00:00,734,263,220,29.0,48.0,0
2026-09-28T14:37:57+00:00,731,536,658,36.0,60.0,0
2026-09-28T14:37:57+00:00,732,273,413,74.99,114.99,0
2026-09-28T14:37:57+00:00,733,173,307,119.95,165.0,0
2026-09-28T14:37:57+00:00,734,263,220,29.0,48.0,0
2026-09-28T14:43:08+00:00,731,537,658,35.0,60.0,0
2026-09-28T14:43:08+00:00,732,273,413,74.99,114.99,0
2026-09-28T14:43:08+00:00,733,173,307,119.95,165.0,0
2026-09-28T14:43:08+00:00,734,263,220,29.0,48.0,0
2026-09-28T14:48:21+00:00,731,539,659,35.0,60.0,0
2026-09-28T14:48:21+00:00,732,273,413,74.99,114.99,0
2026-09-28T14:48:21+00:00,733,174,307,119.95,165.0,0
2026-09-28T14:48:21+00:00,734,263,220,29.0,48.0,0
2026-09-28T14:53:34+00:00,731,539,659,35.0,60.0,0
2026-09-28T14:53:34+00:00,732,274,413,74.99,114.99,0
2026-09-28T14:53:34+00:00,733,174,307,119.95,165.0,0
2026-09-28T14:53:34+00:00,734,263,220,29.0,48.0,0
2026-09-28T14:58:48+00:00,731,539,659,33.0,60.0,0
2026-09-28T14:58:48+00:00,732,274,413,74.99,114.99,0
2026-09-28T14:58:48+00:00,733,175,307,119.95,165.0,0
2026-09-28T14:58:48+00:00,734,263,220,29.0,48.0,0
2026-09-28T15:04:00+00:00,731,539,659,33.0,60.0,0
2026-09-28T15:04:00+00:00,732,271,416,78.97,114.5,0
2026-09-28T15:04:00+00:00,733,175,307,119.95,165.0,0
2026-09-28T15:04:00+00:00,734,263,220,29.0,48.0,0
2026-09-28T15:09:13+00:00,731,539,659,33.0,60.0,0
2026-09-28T15:09:13+00:00,732,271,416,78.97,114.5,0
2026-09-28T15:09:13+00:00,733,175,307,119.95,165.0,0
2026-09-28T15:09:13+00:00,734,263,220,29.0,48.0,0
2026-09-28T15:14:29+00:00,731,541,659,32.0,60.0,0
2026-09-28T15:14:29+00:00,732,271,416,78.97,114.5,0
2026-09-28T15:14:29+00:00,733,175,307,119.95,165.0,0
2026-09-28T15:14:29+00:00,734,263,220,29.0,48.0,0
2026-09-28T15:19:41+00:00,731,543,659,32.0,60.0,0
2026-09-28T15:19:41+00:00,732,274,416,78.0,114.5,0
2026-09-28T15:19:41+00:00,733,175,307,119.95,165.0,0
2026-09-28T15:19:41+00:00,734,264,220,29.0,48.0,0
2026-09-28T15:24:55+00:00,731,543,660,32.99,60.0,0
2026-09-28T15:24:55+00:00,732,274,416,78.0,114.5,0
2026-09-28T15:24:55+00:00,733,177,307,119.95,165.0,0
2026-09-28T15:24:55+00:00,734,264,220,29.0,48.0,0
2026-09-28T15:30:08+00:00,731,544,660,32.99,60.0,0
2026-09-28T15:30:08+00:00,732,274,416,78.0,114.5,0
2026-09-28T15:30:08+00:00,733,177,307,119.95,165.0,0
2026-09-28T15:30:08+00:00,734,264,220,29.0,48.0,0
2026-09-28T15:35:24+00:00,731,545,660,30.0,60.0,0
2026-09-28T15:35:24+00:00,732,274,416,78.0,114.5,0
2026-09-28T15:35:24+00:00,733,178,307,119.95,165.0,0
2026-09-28T15:35:24+00:00,734,264,220,28.0,48.0,0
2026-09-28T15:40:37+00:00,731,546,660,30.0,60.0,0
2026-09-28T15:40:37+00:00,732,274,416,78.0,114.5,0
2026-09-28T15:40:37+00:00,733,178,307,119.95,165.0,0
2026-09-28T15:40:37+00:00,734,264,220,28.0,48.0,0
2026-09-28T15:45:49+00:00,731,547,660,30.0,60.0,0
2026-09-28T15:45:49+00:00,732,275,416,78.0,114.5,0
2026-09-28T15:45:49+00:00,733,177,308,124.0,165.0,0
2026-09-28T15:45:49+00:00,734,264,220,28.0,48.0,0
2026-09-28T15:51:05+00:00,731,547,660,30.0,60.0,0
2026-09-28T15:51:05+00:00,732,275,416,78.0,114.5,0
2026-09-28T15:51:05+00:00,733,177,308,124.0,165.0,0
2026-09-28T15:51:05+00:00,734,264,220,29.0,48.0,0
2026-09-28T15:56:20+00:00,731,548,661,32.99,60.0,0
2026-09-28T15:56:20+00:00,732,275,416,78.0,114.5,0
2026-09-28T15:56:20+00:00,733,179,308,124.0,165.0,0
2026-09-28T15:56:20+00:00,734,264,220,29.0,48.0,0
2026-09-28T16:01:38+00:00,731,546,663,35.0,60.0,0
2026-09-28T16:01:38+00:00,732,275,416,78.0,114.5,0
2026-09-28T16:01:38+00:00,733,180,308,124.0,165.0,0
2026-09-28T16:01:38+00:00,734,264,220,29.0,48.0,0
2026-09-28T16:06:49+00:00,731,545,663,35.0,60.0,0
2026-09-28T16:06:49+00:00,732,275,416,78.0,114.5,0
2026-09-28T16:06:49+00:00,733,180,308,124.0,165.0,0
2026-09-28T16:06:49+00:00,734,264,220,29.0,48.0,0
2026-09-28T16:12:07+00:00,731,546,663,35.0,60.0,0
2026-09-28T16:12:07+00:00,732,276,416,78.0,114.5,0
2026-09-28T16:12:07+00:00,733,179,308,129.5,165.0,0
2026-09-28T16:12:07+00:00,734,264,220,29.0,48.0,0
2026-09-28T16:17:18+00:00,731,546,663,35.0,60.0,0
2026-09-28T16:17:18+00:00,732,276,416,78.0,114.5,0
2026-09-28T16:17:18+00:00,733,177,311,129.99,165.0,0
2026-09-28T16:17:18+00:00,734,264,220,29.0,48.0,0
2026-09-28T16:22:29+00:00,731,544,663,36.0,60.0,0
2026-09-28T16:22:29+00:00,732,276,416,78.0,114.5,0
2026-09-28T16:22:29+00:00,733,177,311,129.99,165.0,0
2026-09-28T16:22:29+00:00,734,264,220,29.0,48.0,0
2026-09-28T16:27:40+00:00,731,546,663,34.99,60.0,0
2026-09-28T16:27:40+00:00,732,276,416,74.99,114.5,0
2026-09-28T16:27:40+00:00,733,177,311,129.99,165.0,0
2026-09-28T16:27:40+00:00,734,264,220,29.0,48.0,0
2026-09-28T16:32:51+00:00,731,548,663,34.99,60.0,0
2026-09-28T16:32:51+00:00,732,276,416,74.99,114.5,0
2026-09-28T16:32:51+00:00,733,177,311,129.99,165.0,0
2026-09-28T16:32:51+00:00,734,263,220,29.99,48.0,0
2026-09-28T16:38:03+00:00,731,549,663,34.99,60.0,0
2026-09-28T16:38:03+00:00,732,277,416,74.99,114.5,0
2026-09-28T16:38:03+00:00,733,177,311,129.99,165.0,0
2026-09-28T16:38:03+00:00,734,264,220,29.0,48.0,0
2026-09-28T16:43:16+00:00,731,550,663,34.99,60.0,0
2026-09-28T16:43:16+00:00,732,277,416,74.99,114.5,0
2026-09-28T16:43:16+00:00,733,177,311,129.99,165.0,0
2026-09-28T16:43:16+00:00,734,264,220,29.0,48.0,0
2026-09-28T16:48:29+00:00,731,549,663,34.99,60.0,0
2026-09-28T16:48:29+00:00,732,276,416,78.0,114.5,0
2026-09-28T16:48:29+00:00,733,177,311,129.99,165.0,0
2026-09-28T16:48:29+00:00,734,264,220,29.0,48.0,0
2026-09-28T16:53:40+00:00,731,549,663,34.99,60.0,0
2026-09-28T16:53:40+00:00,732,278,416,74.99,114.5,0
2026-09-28T16:53:40+00:00,733,177,311,129.99,165.0,0
2026-09-28T16:53:40+00:00,734,264,220,29.0,48.0,0
2026-09-28T16:58:50+00:00,731,549,664,35.0,60.0,0
2026-09-28T16:58:50+00:00,732,275,420,78.97,114.12,0
2026-09-28T16:58:50+00:00,733,177,311,129.99,165.0,0
2026-09-28T16:58:50+00:00,734,264,220,29.0,48.0,0
2026-09-28T17:04:02+00:00,731,549,665,35.0,60.0,0
2026-09-28T17:04:02+00:00,732,275,420,78.97,114.12,0
2026-09-28T17:04:02+00:00,733,178,311,129.99,165.0,0
2026-09-28T17:04:02+00:00,734,264,220,29.0,48.0,0
2026-09-28T17:09:14+00:00,731,550,665,36.0,60.0,0
2026-09-28T17:09:14+00:00,732,275,420,78.97,114.12,0
2026-09-28T17:09:14+00:00,733,179,311,129.99,165.0,0
2026-09-28T17:09:14+00:00,734,264,220,29.0,48.0,0
2026-09-28T17:14:26+00:00,731,551,667,35.0,60.0,0
2026-09-28T17:14:26+00:00,732,275,420,78.97,114.12,0
2026-09-28T17:14:26+00:00,733,179,311,129.99,165.0,0
2026-09-28T17:14:26+00:00,734,264,220,29.0,48.0,0
2026-09-28T17:19:36+00:00,731,551,667,35.0,60.0,0
2026-09-28T17:19:36+00:00,732,276,420,78.97,114.12,0
2026-09-28T17:19:36+00:00,733,179,311,129.99,165.0,0
2026-09-28T17:19:36+00:00,734,264,220,29.0,48.0,0
2026-09-28T17:24:53+00:00,731,551,667,35.0,60.0,0
2026-09-28T17:24:53+00:00,732,276,420,78.97,114.12,0
2026-09-28T17:24:53+00:00,733,179,311,129.99,165.0,0
2026-09-28T17:24:53+00:00,734,266,220,29.0,48.0,0
2026-09-28T17:30:05+00:00,731,551,667,35.0,60.0,0
2026-09-28T17:30:05+00:00,732,276,420,78.97,114.12,0
2026-09-28T17:30:05+00:00,733,179,311,129.99,165.0,0
2026-09-28T17:30:05+00:00,734,266,220,29.0,48.0,0
2026-09-28T17:35:17+00:00,731,552,667,34.0,60.0,0
2026-09-28T17:35:17+00:00,732,275,421,79.9,114.0,0
2026-09-28T17:35:17+00:00,733,179,311,129.99,165.0,0
2026-09-28T17:35:17+00:00,734,267,220,29.0,48.0,0
2026-09-28T17:40:29+00:00,731,552,667,35.0,60.0,0
2026-09-28T17:40:29+00:00,732,275,421,79.99,114.0,0
2026-09-28T17:40:29+00:00,733,179,311,129.99,165.0,0
2026-09-28T17:40:29+00:00,734,267,220,29.0,48.0,0
2026-09-28T17:45:39+00:00,731,555,667,34.0,60.0,0
2026-09-28T17:45:39+00:00,732,276,421,79.9,114.0,0
2026-09-28T17:45:39+00:00,733,179,311,129.99,165.0,0
2026-09-28T17:45:39+00:00,734,267,220,29.0,48.0,0
2026-09-28T17:50:52+00:00,731,554,667,35.0,60.0,0
2026-09-28T17:50:52+00:00,732,276,421,79.9,114.0,0
2026-09-28T17:50:52+00:00,733,179,311,129.99,165.0,0
2026-09-28T17:50:52+00:00,734,267,220,29.0,48.0,0
2026-09-28T17:56:09+00:00,731,553,670,32.0,60.0,0
2026-09-28T17:56:09+00:00,732,276,421,79.9,114.0,0
2026-09-28T17:56:09+00:00,733,179,311,125.0,165.0,0
2026-09-28T17:56:09+00:00,734,267,220,29.0,48.0,0
2026-09-28T18:01:21+00:00,731,553,670,32.0,60.0,0
2026-09-28T18:01:21+00:00,732,276,421,79.9,114.0,0
2026-09-28T18:01:21+00:00,733,179,311,125.0,165.0,0
2026-09-28T18:01:21+00:00,734,267,220,29.0,48.0,0
2026-09-28T18:06:50+00:00,731,554,670,32.0,60.0,0
2026-09-28T18:06:50+00:00,732,276,421,79.9,114.0,0
2026-09-28T18:06:50+00:00,733,179,311,125.0,165.0,0
2026-09-28T18:06:50+00:00,734,266,220,29.0,48.0,0
2026-09-28T18:12:21+00:00,731,552,671,36.0,60.0,0
2026-09-28T18:12:21+00:00,732,276,421,79.9,114.0,0
2026-09-28T18:12:21+00:00,733,179,311,125.0,165.0,0
2026-09-28T18:12:21+00:00,734,266,221,29.0,48.0,0
2026-09-28T18:17:34+00:00,731,554,671,32.0,60.0,0
2026-09-28T18:17:34+00:00,732,276,421,79.9,114.0,0
2026-09-28T18:17:34+00:00,733,179,311,125.0,165.0,0
2026-09-28T18:17:34+00:00,734,266,221,29.0,48.0,0
2026-09-28T18:22:52+00:00,731,556,671,32.0,60.0,0
2026-09-28T18:22:52+00:00,732,275,422,79.9,114.0,0
2026-09-28T18:22:52+00:00,733,179,311,125.0,165.0,0
2026-09-28T18:22:52+00:00,734,266,221,29.0,48.0,0
2026-09-28T18:28:04+00:00,731,555,671,30.0,60.0,0
2026-09-28T18:28:04+00:00,732,275,422,79.9,114.0,0
2026-09-28T18:28:04+00:00,733,179,311,125.0,165.0,0
2026-09-28T18:28:04+00:00,734,266,221,29.0,48.0,0
2026-09-28T18:33:14+00:00,731,557,671,30.0,60.0,0
2026-09-28T18:33:14+00:00,732,276,422,79.0,114.0,0
2026-09-28T18:33:14+00:00,733,179,311,125.0,165.0,0
2026-09-28T18:33:14+00:00,734,266,221,29.0,48.0,0
2026-09-28T18:38:29+00:00,731,557,671,30.0,60.0,0
2026-09-28T18:38:29+00:00,732,277,422,79.0,114.0,0
2026-09-28T18:38:29+00:00,733,179,311,125.0,165.0,0
2026-09-28T18:38:29+00:00,734,266,221,29.0,48.0,0
2026-09-28T18:43:39+00:00,731,558,671,30.0,60.0,0
2026-09-28T18:43:39+00:00,732,277,422,79.0,114.0,0
2026-09-28T18:43:39+00:00,733,180,311,125.0,165.0,0
2026-09-28T18:43:39+00:00,734,266,221,29.0,48.0,0
2026-09-28T18:48:49+00:00,731,559,671,30.0,60.0,0
2026-09-28T18:48:49+00:00,732,276,422,79.0,114.0,0
2026-09-28T18:48:49+00:00,733,180,311,124.0,165.0,0
2026-09-28T18:48:49+00:00,734,266,221,29.0,48.0,0
2026-09-28T18:54:01+00:00,731,558,671,30.0,60.0,0
2026-09-28T18:54:01+00:00,732,275,423,79.9,114.0,0
2026-09-28T18:54:01+00:00,733,180,311,124.0,165.0,0
2026-09-28T18:54:01+00:00,734,266,221,29.0,48.0,0
2026-09-28T18:59:11+00:00,731,559,671,30.0,60.0,0
2026-09-28T18:59:11+00:00,732,273,425,80.0,114.0,0
2026-09-28T18:59:11+00:00,733,180,311,124.0,165.0,0
2026-09-28T18:59:11+00:00,734,267,221,29.0,48.0,0
2026-09-28T18:59:11+00:00,760,1,0,60.0,,0
2026-09-28T18:59:11+00:00,762,1,0,60.0,,0
2026-09-28T19:04:25+00:00,731,558,671,30.0,60.0,0
2026-09-28T19:04:25+00:00,732,274,426,80.0,114.0,0
2026-09-28T19:04:25+00:00,733,179,311,125.0,165.0,0
2026-09-28T19:04:25+00:00,734,267,221,29.0,48.0,0
2026-09-28T19:04:25+00:00,760,2,0,60.0,,0
2026-09-28T19:04:25+00:00,762,1,0,60.0,,0
2026-09-28T19:09:42+00:00,731,558,672,30.0,60.0,0
2026-09-28T19:09:42+00:00,732,274,426,80.0,114.0,0
2026-09-28T19:09:42+00:00,733,180,311,124.0,165.0,0
2026-09-28T19:09:42+00:00,734,267,221,29.0,48.0,0
2026-09-28T19:09:42+00:00,760,2,0,75.0,,0
2026-09-28T19:09:42+00:00,761,1,0,80.0,,0
2026-09-28T19:09:42+00:00,762,2,0,75.0,,0
2026-09-28T19:15:30+00:00,731,556,675,30.0,60.0,0
2026-09-28T19:15:30+00:00,732,275,426,80.0,114.0,0
2026-09-28T19:15:30+00:00,733,180,311,124.0,165.0,0
2026-09-28T19:15:30+00:00,734,267,221,29.0,48.0,0
2026-09-28T19:15:30+00:00,760,3,0,50.0,,0
2026-09-28T19:15:30+00:00,761,2,0,80.0,,0
2026-09-28T19:15:30+00:00,762,2,0,75.0,,0
2026-09-28T19:20:41+00:00,731,555,675,30.0,60.0,0
2026-09-28T19:20:41+00:00,732,276,426,80.0,114.0,0
2026-09-28T19:20:41+00:00,733,180,311,124.0,165.0,0
2026-09-28T19:20:41+00:00,734,267,221,29.0,48.0,0
2026-09-28T19:20:41+00:00,760,6,0,50.0,,0
2026-09-28T19:20:41+00:00,761,4,0,78.8,,0
2026-09-28T19:20:41+00:00,762,2,0,75.0,,0
2026-09-28T19:20:41+00:00,764,1,0,150.0,,0
2026-09-28T19:20:41+00:00,766,1,0,200.0,,0
2026-09-28T19:25:53+00:00,731,556,676,30.0,60.0,0
2026-09-28T19:25:53+00:00,732,276,426,80.0,114.0,0
2026-09-28T19:25:53+00:00,733,180,311,124.0,165.0,0
2026-09-28T19:25:53+00:00,734,267,221,29.0,48.0,0
2026-09-28T19:25:53+00:00,760,8,0,49.99,,0
2026-09-28T19:25:53+00:00,761,7,0,74.0,,0
2026-09-28T19:25:53+00:00,762,2,0,75.0,,0
2026-09-28T19:25:53+00:00,764,2,0,90.0,,0
2026-09-28T19:25:53+00:00,766,1,0,200.0,,0
2026-09-28T19:25:53+00:00,770,1,0,150.0,,0
2026-09-28T19:25:53+00:00,771,1,0,200.0,,0
2026-09-28T19:25:53+00:00,773,1,0,170.0,,0
2026-09-28T19:25:53+00:00,776,1,0,170.0,,0
2026-09-28T19:31:05+00:00,731,555,677,32.0,60.0,0
2026-09-28T19:31:05+00:00,732,276,426,80.0,114.0,0
2026-09-28T19:31:05+00:00,733,180,311,124.0,165.0,0
2026-09-28T19:31:05+00:00,734,267,221,28.0,48.0,0
2026-09-28T19:31:05+00:00,760,12,0,45.0,,0
2026-09-28T19:31:05+00:00,761,7,0,73.0,,0
2026-09-28T19:31:05+00:00,762,3,0,75.0,,0
2026-09-28T19:31:05+00:00,763,1,0,150.0,,0
2026-09-28T19:31:05+00:00,764,2,0,90.0,,0
2026-09-28T19:31:05+00:00,766,2,0,195.0,,0
2026-09-28T19:31:05+00:00,770,1,0,150.0,,0
2026-09-28T19:31:05+00:00,771,1,0,200.0,,0
2026-09-28T19:31:05+00:00,773,1,0,170.0,,0
2026-09-28T19:31:05+00:00,776,1,0,170.0,,0
2026-09-28T19:36:16+00:00,731,556,677,34.99,60.0,0
2026-09-28T19:36:16+00:00,732,276,426,80.0,114.0,0
2026-09-28T19:36:16+00:00,733,180,311,124.0,165.0,0
2026-09-28T19:36:16+00:00,734,267,221,28.0,48.0,0
2026-09-28T19:36:16+00:00,760,12,2,48.0,46.0,0
2026-09-28T19:36:16+00:00,761,7,0,73.0,,0
2026-09-28T19:36:16+00:00,762,3,0,75.0,,0
2026-09-28T19:36:16+00:00,763,1,0,150.0,,0
2026-09-28T19:36:16+00:00,764,2,0,90.0,,0
2026-09-28T19:36:16+00:00,766,2,0,195.0,,0
2026-09-28T19:36:16+00:00,770,1,0,150.0,,0
2026-09-28T19:36:16+00:00,771,1,0,200.0,,0
2026-09-28T19:36:16+00:00,772,1,0,200.0,,0
2026-09-28T19:36:16+00:00,773,1,0,170.0,,0
2026-09-28T19:36:16+00:00,776,1,0,170.0,,0
2026-09-28T19:41:27+00:00,731,558,677,32.0,60.0,0
2026-09-28T19:41:27+00:00,732,276,426,80.0,114.0,0
2026-09-28T19:41:27+00:00,733,181,311,124.0,165.0,0
2026-09-28T19:41:27+00:00,734,267,221,28.0,48.0,0
2026-09-28T19:41:27+00:00,760,15,2,48.0,46.0,0
2026-09-28T19:41:27+00:00,761,7,0,73.0,,0
2026-09-28T19:41:27+00:00,762,3,0,75.0,,0
2026-09-28T19:41:27+00:00,763,1,0,150.0,,0
2026-09-28T19:41:27+00:00,764,2,0,90.0,,0
2026-09-28T19:41:27+00:00,766,2,0,195.0,,0
2026-09-28T19:41:27+00:00,770,1,0,150.0,,0
2026-09-28T19:41:27+00:00,771,1,0,200.0,,0
2026-09-28T19:41:27+00:00,772,1,0,200.0,,0
2026-09-28T19:41:27+00:00,773,1,0,170.0,,0
2026-09-28T19:41:27+00:00,776,1,0,170.0,,0
2026-09-28T19:46:40+00:00,731,557,677,32.0,60.0,0
2026-09-28T19:46:40+00:00,732,277,426,80.0,114.0,0
2026-09-28T19:46:40+00:00,733,181,311,124.0,165.0,0
2026-09-28T19:46:40+00:00,734,267,221,28.0,48.0,0
2026-09-28T19:46:40+00:00,760,17,2,46.0,46.0,0
2026-09-28T19:46:40+00:00,761,7,0,73.0,,0
2026-09-28T19:46:40+00:00,762,3,0,75.0,,0
2026-09-28T19:46:40+00:00,763,1,0,150.0,,0
2026-09-28T19:46:40+00:00,764,2,0,90.0,,0
2026-09-28T19:46:40+00:00,766,3,0,195.0,,0
2026-09-28T19:46:40+00:00,770,1,0,150.0,,0
2026-09-28T19:46:40+00:00,771,1,0,200.0,,0
2026-09-28T19:46:40+00:00,772,1,0,200.0,,0
2026-09-28T19:46:40+00:00,773,1,0,170.0,,0
2026-09-28T19:46:40+00:00,776,1,0,170.0,,0
2026-09-28T19:52:26+00:00,731,558,677,32.0,60.0,0
2026-09-28T19:52:26+00:00,732,277,426,80.0,114.0,0
2026-09-28T19:52:26+00:00,733,180,311,124.0,165.0,0
2026-09-28T19:52:26+00:00,734,267,221,28.0,48.0,0
2026-09-28T19:52:26+00:00,760,18,2,46.0,46.0,0
2026-09-28T19:52:26+00:00,761,7,0,73.0,,0
2026-09-28T19:52:26+00:00,762,3,0,75.0,,0
2026-09-28T19:52:26+00:00,763,1,0,150.0,,0
2026-09-28T19:52:26+00:00,764,3,0,90.0,,0
2026-09-28T19:52:26+00:00,765,1,0,100.0,,0
2026-09-28T19:52:26+00:00,766,3,0,195.0,,0
2026-09-28T19:52:26+00:00,770,1,0,150.0,,0
2026-09-28T19:52:26+00:00,771,1,0,200.0,,0
2026-09-28T19:52:26+00:00,772,1,0,200.0,,0
2026-09-28T19:52:26+00:00,773,1,0,170.0,,0
2026-09-28T19:52:26+00:00,776,1,0,170.0,,0
2026-09-28T19:57:36+00:00,731,558,677,32.0,60.0,0
2026-09-28T19:57:36+00:00,732,277,426,80.0,114.0,0
2026-09-28T19:57:36+00:00,733,180,311,124.0,165.0,0
2026-09-28T19:57:36+00:00,734,266,221,28.0,48.0,0
2026-09-28T19:57:36+00:00,760,19,2,44.98,46.0,0
2026-09-28T19:57:36+00:00,761,8,0,73.0,,0
2026-09-28T19:57:36+00:00,762,4,0,75.0,,0
2026-09-28T19:57:36+00:00,763,1,0,150.0,,0
2026-09-28T19:57:36+00:00,764,4,0,90.0,,0
2026-09-28T19:57:36+00:00,765,2,0,100.0,,0
2026-09-28T19:57:36+00:00,766,3,0,195.0,,0
2026-09-28T19:57:36+00:00,770,2,0,150.0,,0
2026-09-28T19:57:36+00:00,771,1,0,200.0,,0
2026-09-28T19:57:36+00:00,772,1,0,200.0,,0
2026-09-28T19:57:36+00:00,773,1,0,170.0,,0
2026-09-28T19:57:36+00:00,776,1,0,170.0,,0
2026-09-28T20:02:50+00:00,731,557,677,34.99,60.0,0
2026-09-28T20:02:50+00:00,732,277,426,80.0,114.0,0
2026-09-28T20:02:50+00:00,733,181,311,124.0,165.0,0
2026-09-28T20:02:50+00:00,734,265,221,28.0,48.0,0
2026-09-28T20:02:50+00:00,760,22,2,40.0,46.0,0
2026-09-28T20:02:50+00:00,761,9,0,72.0,,0
2026-09-28T20:02:50+00:00,762,5,0,75.0,,0
2026-09-28T20:02:50+00:00,763,2,0,150.0,,0
2026-09-28T20:02:50+00:00,764,4,0,90.0,,0
2026-09-28T20:02:50+00:00,765,3,0,98.0,,0
2026-09-28T20:02:50+00:00,766,3,0,195.0,,0
2026-09-28T20:02:50+00:00,769,2,0,100.0,,0
2026-09-28T20:02:50+00:00,770,2,0,150.0,,0
2026-09-28T20:02:50+00:00,771,2,0,199.99,,0
2026-09-28T20:02:50+00:00,772,3,0,190.0,,0
2026-09-28T20:02:50+00:00,773,2,0,170.0,,0
2026-09-28T20:02:50+00:00,774,2,0,100.0,,0
2026-09-28T20:02:50+00:00,775,2,0,100.0,,0
2026-09-28T20:02:50+00:00,776,2,0,169.99,,0
2026-09-28T20:08:01+00:00,731,557,678,34.99,60.0,0
2026-09-28T20:08:01+00:00,732,277,426,80.0,114.0,0
2026-09-28T20:08:01+00:00,733,181,311,124.0,165.0,0
2026-09-28T20:08:01+00:00,734,265,221,28.0,48.0,0
2026-09-28T20:08:01+00:00,760,22,3,44.98,45.0,0
2026-09-28T20:08:01+00:00,761,9,0,73.0,,0
2026-09-28T20:08:01+00:00,762,5,0,75.0,,0
2026-09-28T20:08:01+00:00,763,2,0,150.0,,0
2026-09-28T20:08:01+00:00,764,4,0,90.0,,0
2026-09-28T20:08:01+00:00,765,3,0,98.0,,0
2026-09-28T20:08:01+00:00,766,3,0,195.0,,0
2026-09-28T20:08:01+00:00,769,2,0,100.0,,0
2026-09-28T20:08:01+00:00,770,2,0,149.99,,0
2026-09-28T20:08:01+00:00,771,2,0,199.99,,0
2026-09-28T20:08:01+00:00,772,3,0,189.99,,0
2026-09-28T20:08:01+00:00,773,2,0,169.99,,0
2026-09-28T20:08:01+00:00,774,2,0,100.0,,0
2026-09-28T20:08:01+00:00,775,2,0,99.99,,0
2026-09-28T20:08:01+00:00,776,2,0,169.99,,0
2026-09-28T20:13:13+00:00,731,557,678,34.99,60.0,0
2026-09-28T20:13:13+00:00,732,277,426,80.0,114.0,0
2026-09-28T20:13:13+00:00,733,181,311,124.0,165.0,0
2026-09-28T20:13:13+00:00,734,265,221,28.0,48.0,0
2026-09-28T20:13:13+00:00,760,23,3,44.0,45.0,0
2026-09-28T20:13:13+00:00,761,8,0,73.0,,0
2026-09-28T20:13:13+00:00,762,5,0,74.99,,0
2026-09-28T20:13:13+00:00,763,2,0,150.0,,0
2026-09-28T20:13:13+00:00,764,4,0,90.0,,0
2026-09-28T20:13:13+00:00,765,3,0,98.0,,0
2026-09-28T20:13:13+00:00,766,3,0,195.0,,0
2026-09-28T20:13:13+00:00,769,2,0,100.0,,0
2026-09-28T20:13:13+00:00,770,2,0,149.99,,0
2026-09-28T20:13:13+00:00,771,2,0,199.99,,0
2026-09-28T20:13:13+00:00,772,3,0,189.99,,0
2026-09-28T20:13:13+00:00,773,2,0,169.99,,0
2026-09-28T20:13:13+00:00,774,2,0,100.0,,0
2026-09-28T20:13:13+00:00,775,2,0,99.99,,0
2026-09-28T20:13:13+00:00,776,2,0,169.99,,0
2026-09-28T20:18:27+00:00,731,558,678,34.99,60.0,0
2026-09-28T20:18:27+00:00,732,277,426,80.0,114.0,0
2026-09-28T20:18:27+00:00,733,181,311,124.0,165.0,0
2026-09-28T20:18:27+00:00,734,265,221,28.0,48.0,0
2026-09-28T20:18:27+00:00,760,25,3,40.0,45.0,0
2026-09-28T20:18:27+00:00,761,8,0,73.0,,0
2026-09-28T20:18:27+00:00,762,5,0,74.99,,0
2026-09-28T20:18:27+00:00,763,2,0,150.0,,0
2026-09-28T20:18:27+00:00,764,4,0,90.0,,0
2026-09-28T20:18:27+00:00,765,3,0,98.0,,0
2026-09-28T20:18:27+00:00,766,3,0,195.0,,0
2026-09-28T20:18:27+00:00,769,2,0,100.0,,0
2026-09-28T20:18:27+00:00,770,2,0,149.99,,0
2026-09-28T20:18:27+00:00,771,2,0,199.99,,0
2026-09-28T20:18:27+00:00,772,3,0,189.99,,0
2026-09-28T20:18:27+00:00,773,2,0,169.99,,0
2026-09-28T20:18:27+00:00,774,2,0,100.0,,0
2026-09-28T20:18:27+00:00,775,2,0,99.99,,0
2026-09-28T20:18:27+00:00,776,2,0,169.99,,0
2026-09-28T20:23:40+00:00,731,560,678,34.99,60.0,0
2026-09-28T20:23:40+00:00,732,277,426,80.0,114.0,0
2026-09-28T20:23:40+00:00,733,182,311,124.0,165.0,0
2026-09-28T20:23:40+00:00,734,265,221,28.0,48.0,0
2026-09-28T20:23:40+00:00,760,25,3,40.0,45.0,0
2026-09-28T20:23:40+00:00,761,8,0,73.0,,0
2026-09-28T20:23:40+00:00,762,5,0,74.99,,0
2026-09-28T20:23:40+00:00,763,3,0,149.0,,0
2026-09-28T20:23:40+00:00,764,4,0,90.0,,0
2026-09-28T20:23:40+00:00,765,3,0,98.0,,0
2026-09-28T20:23:40+00:00,766,3,0,195.0,,0
2026-09-28T20:23:40+00:00,769,2,0,100.0,,0
2026-09-28T20:23:40+00:00,770,2,0,149.99,,0
2026-09-28T20:23:40+00:00,771,2,0,199.99,,0
2026-09-28T20:23:40+00:00,772,3,0,189.99,,0
2026-09-28T20:23:40+00:00,773,2,0,169.99,,0
2026-09-28T20:23:40+00:00,774,2,0,100.0,,0
2026-09-28T20:23:40+00:00,775,2,0,99.99,,0
2026-09-28T20:23:40+00:00,776,2,0,169.99,,0
2026-09-28T20:28:53+00:00,731,562,678,32.0,60.0,0
2026-09-28T20:28:53+00:00,732,277,426,80.0,114.0,0
2026-09-28T20:28:53+00:00,733,182,311,124.0,165.0,0
2026-09-28T20:28:53+00:00,734,265,221,28.0,48.0,0
2026-09-28T20:28:53+00:00,760,24,3,40.0,45.0,0
2026-09-28T20:28:53+00:00,761,8,0,73.0,,0
2026-09-28T20:28:53+00:00,762,5,0,74.99,,0
2026-09-28T20:28:53+00:00,763,4,0,125.0,,0
2026-09-28T20:28:53+00:00,764,4,0,90.0,,0
2026-09-28T20:28:53+00:00,765,3,0,98.0,,0
2026-09-28T20:28:53+00:00,766,3,0,195.0,,0
2026-09-28T20:28:53+00:00,769,2,0,100.0,,0
2026-09-28T20:28:53+00:00,770,2,0,149.99,,0
2026-09-28T20:28:53+00:00,771,2,0,199.99,,0
2026-09-28T20:28:53+00:00,772,3,0,189.99,,0
2026-09-28T20:28:53+00:00,773,2,0,169.99,,0
2026-09-28T20:28:53+00:00,774,2,0,100.0,,0
2026-09-28T20:28:53+00:00,775,2,0,99.99,,0
2026-09-28T20:28:53+00:00,776,2,0,169.99,,0
2026-09-28T20:34:06+00:00,731,561,678,34.99,60.0,0
2026-09-28T20:34:06+00:00,732,277,426,80.0,114.0,0
2026-09-28T20:34:06+00:00,733,182,311,124.0,165.0,0
2026-09-28T20:34:06+00:00,734,265,221,28.0,48.0,0
2026-09-28T20:34:06+00:00,760,24,4,38.0,42.5,0
2026-09-28T20:34:06+00:00,761,8,0,73.0,,0
2026-09-28T20:34:06+00:00,762,6,0,74.99,,0
2026-09-28T20:34:06+00:00,763,4,0,149.0,,0
2026-09-28T20:34:06+00:00,764,4,0,90.0,,0
2026-09-28T20:34:06+00:00,765,3,0,98.0,,0
2026-09-28T20:34:06+00:00,766,3,0,195.0,,0
2026-09-28T20:34:06+00:00,769,2,0,100.0,,0
2026-09-28T20:34:06+00:00,770,2,0,149.99,,0
2026-09-28T20:34:06+00:00,771,2,0,199.99,,0
2026-09-28T20:34:06+00:00,772,3,0,189.99,,0
2026-09-28T20:34:06+00:00,773,2,0,169.99,,0
2026-09-28T20:34:06+00:00,774,2,0,100.0,,0
2026-09-28T20:34:06+00:00,775,2,0,99.99,,0
2026-09-28T20:34:06+00:00,776,2,0,169.99,,0
2026-09-28T20:39:17+00:00,731,562,679,30.0,60.0,0
2026-09-28T20:39:17+00:00,732,278,426,80.0,114.0,0
2026-09-28T20:39:17+00:00,733,182,311,124.0,165.0,0
2026-09-28T20:39:17+00:00,734,265,221,28.0,48.0,0
2026-09-28T20:39:17+00:00,760,24,4,38.0,42.5,0
2026-09-28T20:39:17+00:00,761,10,0,60.0,,0
2026-09-28T20:39:17+00:00,762,6,0,74.99,,0
2026-09-28T20:39:17+00:00,763,4,0,149.0,,0
2026-09-28T20:39:17+00:00,764,4,0,90.0,,0
2026-09-28T20:39:17+00:00,765,4,0,98.0,,0
2026-09-28T20:39:17+00:00,766,3,0,195.0,,0
2026-09-28T20:39:17+00:00,769,3,0,90.0,,0
2026-09-28T20:39:17+00:00,770,3,0,100.0,,0
2026-09-28T20:39:17+00:00,771,2,0,199.99,,0
2026-09-28T20:39:17+00:00,772,3,0,189.99,,0
2026-09-28T20:39:17+00:00,773,2,0,169.99,,0
2026-09-28T20:39:17+00:00,774,2,0,100.0,,0
2026-09-28T20:39:17+00:00,775,2,0,99.99,,0
2026-09-28T20:39:17+00:00,776,2,0,169.99,,0
2026-09-28T20:44:32+00:00,731,562,679,30.0,60.0,0
2026-09-28T20:44:32+00:00,732,278,426,80.0,114.0,0
2026-09-28T20:44:32+00:00,733,182,311,124.0,165.0,0
2026-09-28T20:44:32+00:00,734,265,221,28.0,48.0,0
2026-09-28T20:44:32+00:00,760,24,4,37.99,42.5,0
2026-09-28T20:44:32+00:00,761,10,0,59.0,,0
2026-09-28T20:44:32+00:00,762,6,0,74.99,,0
2026-09-28T20:44:32+00:00,763,4,0,149.0,,0
2026-09-28T20:44:32+00:00,764,4,0,90.0,,0
2026-09-28T20:44:32+00:00,765,4,0,98.0,,0
2026-09-28T20:44:32+00:00,766,3,0,195.0,,0
2026-09-28T20:44:32+00:00,769,3,0,90.0,,0
2026-09-28T20:44:32+00:00,770,3,0,100.0,,0
2026-09-28T20:44:32+00:00,771,2,0,199.99,,0
2026-09-28T20:44:32+00:00,772,3,0,189.99,,0
2026-09-28T20:44:32+00:00,773,2,0,169.99,,0
2026-09-28T20:44:32+00:00,774,2,0,100.0,,0
2026-09-28T20:44:32+00:00,775,2,0,99.99,,0
2026-09-28T20:44:32+00:00,776,2,0,169.99,,0
2026-09-28T20:49:46+00:00,731,562,679,30.0,60.0,0
2026-09-28T20:49:46+00:00,732,278,426,80.0,114.0,0
2026-09-28T20:49:46+00:00,733,182,311,124.0,165.0,0
2026-09-28T20:49:46+00:00,734,265,221,28.0,48.0,0
2026-09-28T20:49:46+00:00,760,24,4,37.99,42.5,0
2026-09-28T20:49:46+00:00,761,10,0,59.0,,0
2026-09-28T20:49:46+00:00,762,6,0,74.99,,0
2026-09-28T20:49:46+00:00,763,4,0,149.0,,0
2026-09-28T20:49:46+00:00,764,4,0,90.0,,0
2026-09-28T20:49:46+00:00,765,4,0,98.0,,0
2026-09-28T20:49:46+00:00,766,3,0,195.0,,0
2026-09-28T20:49:46+00:00,769,3,0,90.0,,0
2026-09-28T20:49:46+00:00,770,3,0,100.0,,0
2026-09-28T20:49:46+00:00,771,2,0,199.99,,0
2026-09-28T20:49:46+00:00,772,3,0,189.99,,0
2026-09-28T20:49:46+00:00,773,2,0,169.99,,0
2026-09-28T20:49:46+00:00,774,2,0,100.0,,0
2026-09-28T20:49:46+00:00,775,2,0,99.99,,0
2026-09-28T20:49:46+00:00,776,2,0,169.99,,0
2026-09-28T20:54:55+00:00,731,562,679,30.0,60.0,0
2026-09-28T20:54:55+00:00,732,278,426,80.0,114.0,0
2026-09-28T20:54:55+00:00,733,182,311,124.0,165.0,0
2026-09-28T20:54:55+00:00,734,265,221,28.0,48.0,0
2026-09-28T20:54:55+00:00,760,26,4,37.99,42.5,0
2026-09-28T20:54:55+00:00,761,10,0,59.0,,0
2026-09-28T20:54:55+00:00,762,6,0,74.99,,0
2026-09-28T20:54:55+00:00,763,4,0,149.0,,0
2026-09-28T20:54:55+00:00,764,4,0,90.0,,0
2026-09-28T20:54:55+00:00,765,4,0,98.0,,0
2026-09-28T20:54:55+00:00,766,3,0,195.0,,0
2026-09-28T20:54:55+00:00,769,3,0,90.0,,0
2026-09-28T20:54:55+00:00,770,3,0,100.0,,0
2026-09-28T20:54:55+00:00,771,2,0,199.99,,0
2026-09-28T20:54:55+00:00,772,3,0,189.99,,0
2026-09-28T20:54:55+00:00,773,2,0,169.99,,0
2026-09-28T20:54:55+00:00,774,2,0,100.0,,0
2026-09-28T20:54:55+00:00,775,2,0,99.99,,0
2026-09-28T20:54:55+00:00,776,2,0,169.99,,0
2026-09-28T21:00:07+00:00,731,562,679,30.0,60.0,0
2026-09-28T21:00:07+00:00,732,279,426,79.99,114.0,0
2026-09-28T21:00:07+00:00,733,182,311,124.0,165.0,0
2026-09-28T21:00:07+00:00,734,265,221,28.0,48.0,0
2026-09-28T21:00:07+00:00,760,26,4,37.99,42.5,0
2026-09-28T21:00:07+00:00,761,10,0,59.0,,0
2026-09-28T21:00:07+00:00,762,6,0,74.99,,0
2026-09-28T21:00:07+00:00,763,4,0,149.0,,0
2026-09-28T21:00:07+00:00,764,4,0,90.0,,0
2026-09-28T21:00:07+00:00,765,4,0,98.0,,0
2026-09-28T21:00:07+00:00,766,3,0,195.0,,0
2026-09-28T21:00:07+00:00,769,3,0,90.0,,0
2026-09-28T21:00:07+00:00,770,3,0,100.0,,0
2026-09-28T21:00:07+00:00,771,2,0,199.99,,0
2026-09-28T21:00:07+00:00,772,3,0,189.99,,0
2026-09-28T21:00:07+00:00,773,2,0,169.99,,0
2026-09-28T21:00:07+00:00,774,2,0,100.0,,0
2026-09-28T21:00:07+00:00,775,2,0,99.99,,0
2026-09-28T21:00:07+00:00,776,2,0,169.99,,0
2026-09-28T21:05:25+00:00,731,562,680,34.99,60.0,0
2026-09-28T21:05:25+00:00,732,279,426,79.99,114.0,0
2026-09-28T21:05:25+00:00,733,182,311,124.0,165.0,0
2026-09-28T21:05:25+00:00,734,265,221,28.0,48.0,0
2026-09-28T21:05:25+00:00,760,26,4,37.99,42.5,0
2026-09-28T21:05:25+00:00,761,10,0,59.0,,0
2026-09-28T21:05:25+00:00,762,6,0,74.99,,0
2026-09-28T21:05:25+00:00,763,4,0,149.0,,0
2026-09-28T21:05:25+00:00,764,4,0,90.0,,0
2026-09-28T21:05:25+00:00,765,4,0,98.0,,0
2026-09-28T21:05:25+00:00,766,3,0,195.0,,0
2026-09-28T21:05:25+00:00,769,3,0,90.0,,0
2026-09-28T21:05:25+00:00,770,3,0,100.0,,0
2026-09-28T21:05:25+00:00,771,2,0,199.99,,0
2026-09-28T21:05:25+00:00,772,3,0,189.99,,0
2026-09-28T21:05:25+00:00,773,2,0,169.99,,0
2026-09-28T21:05:25+00:00,774,2,0,100.0,,0
2026-09-28T21:05:25+00:00,775,2,0,99.99,,0
2026-09-28T21:05:25+00:00,776,2,0,169.99,,0
2026-09-28T21:10:39+00:00,731,563,680,34.99,60.0,0
2026-09-28T21:10:39+00:00,732,279,426,79.99,114.0,0
2026-09-28T21:10:39+00:00,733,182,311,124.0,165.0,0
2026-09-28T21:10:39+00:00,734,265,221,28.0,48.0,0
2026-09-28T21:10:39+00:00,760,26,4,37.99,42.5,0
2026-09-28T21:10:39+00:00,761,10,0,59.0,,0
2026-09-28T21:10:39+00:00,762,6,0,74.99,,0
2026-09-28T21:10:39+00:00,763,4,0,149.0,,0
2026-09-28T21:10:39+00:00,764,4,0,90.0,,0
2026-09-28T21:10:39+00:00,765,4,0,98.0,,0
2026-09-28T21:10:39+00:00,766,3,0,195.0,,0
2026-09-28T21:10:39+00:00,769,3,0,90.0,,0
2026-09-28T21:10:39+00:00,770,3,0,100.0,,0
2026-09-28T21:10:39+00:00,771,2,0,199.99,,0
2026-09-28T21:10:39+00:00,772,3,0,175.0,,0
2026-09-28T21:10:39+00:00,773,2,0,169.99,,0
2026-09-28T21:10:39+00:00,774,2,0,100.0,,0
2026-09-28T21:10:39+00:00,775,2,0,99.99,,0
2026-09-28T21:10:39+00:00,776,2,0,169.99,,0
2026-09-28T21:15:50+00:00,731,563,680,34.99,60.0,0
2026-09-28T21:15:50+00:00,732,279,426,79.99,114.0,0
2026-09-28T21:15:50+00:00,733,182,311,124.0,165.0,0
2026-09-28T21:15:50+00:00,734,265,221,28.0,48.0,0
2026-09-28T21:15:50+00:00,760,26,4,37.99,42.5,0
2026-09-28T21:15:50+00:00,761,11,0,59.0,,0
2026-09-28T21:15:50+00:00,762,6,0,74.99,,0
2026-09-28T21:15:50+00:00,763,5,0,149.0,,0
2026-09-28T21:15:50+00:00,764,4,0,90.0,,0
2026-09-28T21:15:50+00:00,765,4,0,98.0,,0
2026-09-28T21:15:50+00:00,766,3,0,195.0,,0
2026-09-28T21:15:50+00:00,769,3,0,90.0,,0
2026-09-28T21:15:50+00:00,770,3,0,100.0,,0
2026-09-28T21:15:50+00:00,771,2,0,199.99,,0
2026-09-28T21:15:50+00:00,772,3,0,175.0,,0
2026-09-28T21:15:50+00:00,773,2,0,169.99,,0
2026-09-28T21:15:50+00:00,774,2,0,100.0,,0
2026-09-28T21:15:50+00:00,775,2,0,99.99,,0
2026-09-28T21:15:50+00:00,776,2,0,169.99,,0
2026-09-28T21:21:05+00:00,731,563,680,34.99,60.0,0
2026-09-28T21:21:05+00:00,732,279,426,79.99,114.0,0
2026-09-28T21:21:05+00:00,733,181,311,124.0,165.0,0
2026-09-28T21:21:05+00:00,734,265,221,28.0,48.0,0
2026-09-28T21:21:05+00:00,760,27,4,35.0,42.5,0
2026-09-28T21:21:05+00:00,761,11,0,59.0,,0
2026-09-28T21:21:05+00:00,762,6,0,74.99,,0
2026-09-28T21:21:05+00:00,763,5,0,149.0,,0
2026-09-28T21:21:05+00:00,764,4,0,90.0,,0
2026-09-28T21:21:05+00:00,765,4,0,98.0,,0
2026-09-28T21:21:05+00:00,766,3,0,195.0,,0
2026-09-28T21:21:05+00:00,769,3,0,90.0,,0
2026-09-28T21:21:05+00:00,770,3,0,100.0,,0
2026-09-28T21:21:05+00:00,771,2,0,199.99,,0
2026-09-28T21:21:05+00:00,772,4,0,175.0,,0
2026-09-28T21:21:05+00:00,773,2,0,169.99,,0
2026-09-28T21:21:05+00:00,774,2,0,100.0,,0
2026-09-28T21:21:05+00:00,775,2,0,99.99,,0
2026-09-28T21:21:05+00:00,776,2,0,169.99,,0
2026-09-28T21:26:19+00:00,731,563,680,34.99,60.0,0
2026-09-28T21:26:19+00:00,732,279,426,79.99,114.0,0
2026-09-28T21:26:19+00:00,733,182,311,124.0,165.0,0
2026-09-28T21:26:19+00:00,734,265,221,28.0,48.0,0
2026-09-28T21:26:19+00:00,760,29,4,34.0,42.5,0
2026-09-28T21:26:19+00:00,761,11,0,59.0,,0
2026-09-28T21:26:19+00:00,762,7,0,34.0,,0
2026-09-28T21:26:19+00:00,763,6,0,146.0,,0
2026-09-28T21:26:19+00:00,764,4,0,90.0,,0
2026-09-28T21:26:19+00:00,765,4,0,98.0,,0
2026-09-28T21:26:19+00:00,766,3,0,195.0,,0
2026-09-28T21:26:19+00:00,769,3,0,90.0,,0
2026-09-28T21:26:19+00:00,770,3,0,100.0,,0
2026-09-28T21:26:19+00:00,771,2,0,199.99,,0
2026-09-28T21:26:19+00:00,772,4,0,172.0,,0
2026-09-28T21:26:19+00:00,773,2,0,169.99,,0
2026-09-28T21:26:19+00:00,774,3,0,100.0,,0
2026-09-28T21:26:19+00:00,775,3,0,95.0,,0
2026-09-28T21:26:19+00:00,776,2,0,169.99,,0
2026-09-28T21:31:31+00:00,731,564,680,34.99,60.0,0
2026-09-28T21:31:31+00:00,732,279,426,79.99,114.0,0
2026-09-28T21:31:31+00:00,733,182,311,124.0,165.0,0
2026-09-28T21:31:31+00:00,734,265,221,28.0,48.0,0
2026-09-28T21:31:31+00:00,760,30,4,35.0,42.5,0
2026-09-28T21:31:31+00:00,761,11,0,59.0,,0
2026-09-28T21:31:31+00:00,762,7,0,34.0,,0
2026-09-28T21:31:31+00:00,763,6,0,146.0,,0
2026-09-28T21:31:31+00:00,764,4,0,90.0,,0
2026-09-28T21:31:31+00:00,765,5,0,98.0,,0
2026-09-28T21:31:31+00:00,766,3,0,195.0,,0
2026-09-28T21:31:31+00:00,769,3,0,90.0,,0
2026-09-28T21:31:31+00:00,770,3,0,100.0,,0
2026-09-28T21:31:31+00:00,771,2,0,199.99,,0
2026-09-28T21:31:31+00:00,772,4,0,172.0,,0
2026-09-28T21:31:31+00:00,773,2,0,169.99,,0
2026-09-28T21:31:31+00:00,774,3,0,100.0,,0
2026-09-28T21:31:31+00:00,775,3,0,95.0,,0
2026-09-28T21:31:31+00:00,776,2,0,169.99,,0
2026-09-28T21:36:41+00:00,731,562,680,34.99,60.0,0
2026-09-28T21:36:41+00:00,732,279,426,79.99,114.0,0
2026-09-28T21:36:41+00:00,733,182,311,124.0,165.0,0
2026-09-28T21:36:41+00:00,734,265,221,28.0,48.0,0
2026-09-28T21:36:41+00:00,760,32,5,34.0,40.0,0
2026-09-28T21:36:41+00:00,761,11,0,59.0,,0
2026-09-28T21:36:41+00:00,762,8,0,30.0,,0
2026-09-28T21:36:41+00:00,763,8,0,70.0,,0
2026-09-28T21:36:41+00:00,764,4,0,90.0,,0
2026-09-28T21:36:41+00:00,765,6,0,65.0,,0
2026-09-28T21:36:41+00:00,766,3,0,195.0,,0
2026-09-28T21:36:41+00:00,769,5,0,40.0,,0
2026-09-28T21:36:41+00:00,770,3,0,100.0,,0
2026-09-28T21:36:41+00:00,771,2,0,199.99,,0
2026-09-28T21:36:41+00:00,772,5,0,90.0,,0
2026-09-28T21:36:41+00:00,773,2,0,169.99,,0
2026-09-28T21:36:41+00:00,774,3,0,100.0,,0
2026-09-28T21:36:41+00:00,775,3,0,95.0,,0
2026-09-28T21:36:41+00:00,776,2,0,169.99,,0
2026-09-28T21:41:53+00:00,731,564,680,34.99,60.0,0
2026-09-28T21:41:53+00:00,732,278,427,79.99,114.0,0
2026-09-28T21:41:53+00:00,733,181,312,125.0,165.0,0
2026-09-28T21:41:53+00:00,734,265,221,28.0,48.0,0
2026-09-28T21:41:53+00:00,760,32,5,34.0,40.0,0
2026-09-28T21:41:53+00:00,761,11,0,59.0,,0
2026-09-28T21:41:53+00:00,762,9,0,30.0,,0
2026-09-28T21:41:53+00:00,763,8,0,70.0,,0
2026-09-28T21:41:53+00:00,764,4,0,90.0,,0
2026-09-28T21:41:53+00:00,765,6,0,65.0,,0
2026-09-28T21:41:53+00:00,766,3,0,195.0,,0
2026-09-28T21:41:53+00:00,769,5,0,40.0,,0
2026-09-28T21:41:53+00:00,770,3,0,100.0,,0
2026-09-28T21:41:53+00:00,771,2,0,199.99,,0
2026-09-28T21:41:53+00:00,772,5,0,90.0,,0
2026-09-28T21:41:53+00:00,773,2,0,169.99,,0
2026-09-28T21:41:53+00:00,774,4,0,60.0,,0
2026-09-28T21:41:53+00:00,775,4,0,60.0,,0
2026-09-28T21:41:53+00:00,776,2,0,169.99,,0
2026-09-28T21:47:06+00:00,731,564,680,34.99,60.0,0
2026-09-28T21:47:06+00:00,732,278,427,79.99,114.0,0
2026-09-28T21:47:06+00:00,733,181,312,125.0,165.0,0
2026-09-28T21:47:06+00:00,734,265,221,28.0,48.0,0
2026-09-28T21:47:06+00:00,760,32,5,34.0,40.0,0
2026-09-28T21:47:06+00:00,761,11,0,59.0,,0
2026-09-28T21:47:06+00:00,762,9,0,30.0,,0
2026-09-28T21:47:06+00:00,763,8,0,70.0,,0
2026-09-28T21:47:06+00:00,764,4,0,90.0,,0
2026-09-28T21:47:06+00:00,765,6,0,65.0,,0
2026-09-28T21:47:06+00:00,766,3,0,195.0,,0
2026-09-28T21:47:06+00:00,769,5,0,40.0,,0
2026-09-28T21:47:06+00:00,770,3,0,100.0,,0
2026-09-28T21:47:06+00:00,771,2,0,199.99,,0
2026-09-28T21:47:06+00:00,772,5,0,90.0,,0
2026-09-28T21:47:06+00:00,773,2,0,169.99,,0
2026-09-28T21:47:06+00:00,774,4,0,60.0,,0
2026-09-28T21:47:06+00:00,775,4,0,60.0,,0
2026-09-28T21:47:06+00:00,776,2,0,169.99,,0
2026-09-28T21:52:17+00:00,731,564,680,34.99,60.0,0
2026-09-28T21:52:17+00:00,732,278,427,79.99,114.0,0
2026-09-28T21:52:17+00:00,733,181,312,125.0,165.0,0
2026-09-28T21:52:17+00:00,734,265,221,28.0,48.0,0
2026-09-28T21:52:17+00:00,760,32,5,34.0,40.0,0
2026-09-28T21:52:17+00:00,761,11,0,59.0,,0
2026-09-28T21:52:17+00:00,762,9,0,30.0,,0
2026-09-28T21:52:17+00:00,763,8,0,70.0,,0
2026-09-28T21:52:17+00:00,764,4,0,90.0,,0
2026-09-28T21:52:17+00:00,765,6,0,65.0,,0
2026-09-28T21:52:17+00:00,766,3,0,195.0,,0
2026-09-28T21:52:17+00:00,769,5,0,40.0,,0
2026-09-28T21:52:17+00:00,770,3,0,100.0,,0
2026-09-28T21:52:17+00:00,771,2,0,199.99,,0
2026-09-28T21:52:17+00:00,772,5,0,90.0,,0
2026-09-28T21:52:17+00:00,773,2,0,169.99,,0
2026-09-28T21:52:17+00:00,774,4,0,60.0,,0
2026-09-28T21:52:17+00:00,775,4,0,60.0,,0
2026-09-28T21:52:17+00:00,776,2,0,169.99,,0
2026-09-28T21:57:26+00:00,731,565,680,34.99,60.0,0
2026-09-28T21:57:26+00:00,732,278,427,79.99,114.0,0
2026-09-28T21:57:26+00:00,733,181,312,125.0,165.0,0
2026-09-28T21:57:26+00:00,734,265,221,28.0,48.0,0
2026-09-28T21:57:26+00:00,760,32,6,34.0,39.5,0
2026-09-28T21:57:26+00:00,761,11,0,59.0,,0
2026-09-28T21:57:26+00:00,762,8,0,30.0,,0
2026-09-28T21:57:26+00:00,763,8,0,70.0,,0
2026-09-28T21:57:26+00:00,764,4,0,90.0,,0
2026-09-28T21:57:26+00:00,765,6,0,65.0,,0
2026-09-28T21:57:26+00:00,766,3,0,195.0,,0
2026-09-28T21:57:26+00:00,769,5,0,40.0,,0
2026-09-28T21:57:26+00:00,770,3,0,100.0,,0
2026-09-28T21:57:26+00:00,771,2,0,199.99,,0
2026-09-28T21:57:26+00:00,772,5,0,90.0,,0
2026-09-28T21:57:26+00:00,773,2,0,169.99,,0
2026-09-28T21:57:26+00:00,774,4,0,60.0,,0
2026-09-28T21:57:26+00:00,775,4,0,60.0,,0
2026-09-28T21:57:26+00:00,776,2,0,169.99,,0
2026-09-28T22:02:37+00:00,731,565,680,34.99,60.0,0
2026-09-28T22:02:37+00:00,732,278,427,79.99,114.0,0
2026-09-28T22:02:37+00:00,733,181,312,125.0,165.0,0
2026-09-28T22:02:37+00:00,734,265,221,28.0,48.0,0
2026-09-28T22:02:37+00:00,760,32,6,33.99,39.5,0
2026-09-28T22:02:37+00:00,761,11,0,59.0,,0
2026-09-28T22:02:37+00:00,762,8,0,30.0,,0
2026-09-28T22:02:37+00:00,763,8,0,70.0,,0
2026-09-28T22:02:37+00:00,764,4,0,90.0,,0
2026-09-28T22:02:37+00:00,765,6,0,65.0,,0
2026-09-28T22:02:37+00:00,766,3,0,195.0,,0
2026-09-28T22:02:37+00:00,769,5,0,40.0,,0
2026-09-28T22:02:37+00:00,770,3,0,100.0,,0
2026-09-28T22:02:37+00:00,771,2,0,199.99,,0
2026-09-28T22:02:37+00:00,772,5,0,90.0,,0
2026-09-28T22:02:37+00:00,773,2,0,169.99,,0
2026-09-28T22:02:37+00:00,774,4,0,60.0,,0
2026-09-28T22:02:37+00:00,775,4,0,60.0,,0
2026-09-28T22:02:37+00:00,776,2,0,169.99,,0
2026-09-28T22:07:49+00:00,731,562,684,34.99,60.0,0
2026-09-28T22:07:49+00:00,732,278,427,79.99,114.0,0
2026-09-28T22:07:49+00:00,733,181,312,125.0,165.0,0
2026-09-28T22:07:49+00:00,734,265,221,28.0,48.0,0
2026-09-28T22:07:49+00:00,760,33,6,30.0,39.5,0
2026-09-28T22:07:49+00:00,761,11,0,59.0,,0
2026-09-28T22:07:49+00:00,762,8,0,30.0,,0
2026-09-28T22:07:49+00:00,763,8,0,70.0,,0
2026-09-28T22:07:49+00:00,764,4,0,90.0,,0
2026-09-28T22:07:49+00:00,765,6,0,65.0,,0
2026-09-28T22:07:49+00:00,766,3,0,195.0,,0
2026-09-28T22:07:49+00:00,769,5,0,40.0,,0
2026-09-28T22:07:49+00:00,770,3,0,100.0,,0
2026-09-28T22:07:49+00:00,771,2,0,199.99,,0
2026-09-28T22:07:49+00:00,772,5,0,90.0,,0
2026-09-28T22:07:49+00:00,773,2,0,169.99,,0
2026-09-28T22:07:49+00:00,774,4,0,60.0,,0
2026-09-28T22:07:49+00:00,775,4,0,60.0,,0
2026-09-28T22:07:49+00:00,776,2,0,169.99,,0
2026-09-28T22:12:59+00:00,731,561,685,34.99,60.0,0
2026-09-28T22:12:59+00:00,732,278,427,79.99,114.0,0
2026-09-28T22:12:59+00:00,733,181,312,125.0,165.0,0
2026-09-28T22:12:59+00:00,734,265,221,28.0,48.0,0
2026-09-28T22:12:59+00:00,760,34,6,30.0,39.5,0
2026-09-28T22:12:59+00:00,761,11,0,59.0,,0
2026-09-28T22:12:59+00:00,762,8,0,30.0,,0
2026-09-28T22:12:59+00:00,763,8,0,70.0,,0
2026-09-28T22:12:59+00:00,764,4,0,90.0,,0
2026-09-28T22:12:59+00:00,765,6,0,65.0,,0
2026-09-28T22:12:59+00:00,766,3,0,195.0,,0
2026-09-28T22:12:59+00:00,769,5,0,40.0,,0
2026-09-28T22:12:59+00:00,770,3,0,100.0,,0
2026-09-28T22:12:59+00:00,771,2,0,199.99,,0
2026-09-28T22:12:59+00:00,772,5,0,90.0,,0
2026-09-28T22:12:59+00:00,773,2,0,169.99,,0
2026-09-28T22:12:59+00:00,774,4,0,60.0,,0
2026-09-28T22:12:59+00:00,775,4,0,60.0,,0
2026-09-28T22:12:59+00:00,776,2,0,169.99,,0
2026-09-28T22:18:09+00:00,731,560,687,35.0,60.0,0
2026-09-28T22:18:09+00:00,732,278,427,79.99,114.0,0
2026-09-28T22:18:09+00:00,733,181,312,125.0,165.0,0
2026-09-28T22:18:09+00:00,734,265,221,28.0,48.0,0
2026-09-28T22:18:09+00:00,760,34,6,30.0,39.5,0
2026-09-28T22:18:09+00:00,761,11,0,59.0,,0
2026-09-28T22:18:09+00:00,762,8,0,30.0,,0
2026-09-28T22:18:09+00:00,763,8,0,70.0,,0
2026-09-28T22:18:09+00:00,764,4,0,90.0,,0
2026-09-28T22:18:09+00:00,765,6,0,65.0,,0
2026-09-28T22:18:09+00:00,766,3,0,195.0,,0
2026-09-28T22:18:09+00:00,769,5,0,40.0,,0
2026-09-28T22:18:09+00:00,770,3,0,100.0,,0
2026-09-28T22:18:09+00:00,771,2,0,199.99,,0
2026-09-28T22:18:09+00:00,772,5,0,90.0,,0
2026-09-28T22:18:09+00:00,773,2,0,169.99,,0
2026-09-28T22:18:09+00:00,774,4,0,60.0,,0
2026-09-28T22:18:09+00:00,775,4,0,60.0,,0
2026-09-28T22:18:09+00:00,776,2,0,169.99,,0
2026-09-28T22:23:20+00:00,731,561,687,34.98,60.0,0
2026-09-28T22:23:20+00:00,732,278,427,79.99,114.0,0
2026-09-28T22:23:20+00:00,733,181,312,125.0,165.0,0
2026-09-28T22:23:20+00:00,734,265,221,28.0,48.0,0
2026-09-28T22:23:20+00:00,760,34,6,30.0,39.5,0
2026-09-28T22:23:20+00:00,761,11,0,59.0,,0
2026-09-28T22:23:20+00:00,762,8,0,30.0,,0
2026-09-28T22:23:20+00:00,763,8,0,70.0,,0
2026-09-28T22:23:20+00:00,764,4,0,90.0,,0
2026-09-28T22:23:20+00:00,765,6,0,65.0,,0
2026-09-28T22:23:20+00:00,766,3,0,195.0,,0
2026-09-28T22:23:20+00:00,769,5,0,40.0,,0
2026-09-28T22:23:20+00:00,770,3,0,100.0,,0
2026-09-28T22:23:20+00:00,771,2,0,199.99,,0
2026-09-28T22:23:20+00:00,772,5,0,90.0,,0
2026-09-28T22:23:20+00:00,773,2,0,169.99,,0
2026-09-28T22:23:20+00:00,774,4,0,60.0,,0
2026-09-28T22:23:20+00:00,775,4,0,60.0,,0
2026-09-28T22:23:20+00:00,776,2,0,169.99,,0
2026-09-28T22:28:33+00:00,731,561,687,35.0,60.0,0
2026-09-28T22:28:33+00:00,732,278,427,79.99,114.0,0
2026-09-28T22:28:33+00:00,733,181,312,125.0,165.0,0
2026-09-28T22:28:33+00:00,734,265,221,28.0,48.0,0
2026-09-28T22:28:33+00:00,760,34,6,30.0,39.5,0
2026-09-28T22:28:33+00:00,761,11,0,59.0,,0
2026-09-28T22:28:33+00:00,762,8,0,30.0,,0
2026-09-28T22:28:33+00:00,763,8,0,70.0,,0
2026-09-28T22:28:33+00:00,764,4,0,90.0,,0
2026-09-28T22:28:33+00:00,765,6,0,65.0,,0
2026-09-28T22:28:33+00:00,766,3,0,195.0,,0
2026-09-28T22:28:33+00:00,769,5,0,40.0,,0
2026-09-28T22:28:33+00:00,770,3,0,100.0,,0
2026-09-28T22:28:33+00:00,771,2,0,199.99,,0
2026-09-28T22:28:33+00:00,772,5,0,90.0,,0
2026-09-28T22:28:33+00:00,773,2,0,169.99,,0
2026-09-28T22:28:33+00:00,774,4,0,60.0,,0
2026-09-28T22:28:33+00:00,775,4,0,60.0,,0
2026-09-28T22:28:33+00:00,776,2,0,169.99,,0
2026-09-28T22:33:43+00:00,731,562,687,34.98,60.0,0
2026-09-28T22:33:43+00:00,732,278,427,79.99,114.0,0
2026-09-28T22:33:43+00:00,733,181,312,125.0,165.0,0
2026-09-28T22:33:43+00:00,734,265,221,28.0,48.0,0
2026-09-28T22:33:43+00:00,760,34,6,30.0,39.5,0
2026-09-28T22:33:43+00:00,761,11,0,59.0,,0
2026-09-28T22:33:43+00:00,762,8,0,30.0,,0
2026-09-28T22:33:43+00:00,763,8,0,70.0,,0
2026-09-28T22:33:43+00:00,764,4,0,90.0,,0
2026-09-28T22:33:43+00:00,765,6,0,65.0,,0
2026-09-28T22:33:43+00:00,766,3,0,195.0,,0
2026-09-28T22:33:43+00:00,769,5,0,40.0,,0
2026-09-28T22:33:43+00:00,770,3,0,100.0,,0
2026-09-28T22:33:43+00:00,771,2,0,199.99,,0
2026-09-28T22:33:43+00:00,772,5,0,90.0,,0
2026-09-28T22:33:43+00:00,773,2,0,169.99,,0
2026-09-28T22:33:43+00:00,774,4,0,60.0,,0
2026-09-28T22:33:43+00:00,775,4,0,60.0,,0
2026-09-28T22:33:43+00:00,776,2,0,169.99,,0
2026-09-28T22:38:56+00:00,731,562,687,34.98,60.0,0
2026-09-28T22:38:56+00:00,732,278,427,79.99,114.0,0
2026-09-28T22:38:56+00:00,733,181,312,125.0,165.0,0
2026-09-28T22:38:56+00:00,734,265,221,28.0,48.0,0
2026-09-28T22:38:56+00:00,760,33,8,34.0,37.0,0
2026-09-28T22:38:56+00:00,761,11,0,59.0,,0
2026-09-28T22:38:56+00:00,762,8,0,30.0,,0
2026-09-28T22:38:56+00:00,763,8,0,70.0,,0
2026-09-28T22:38:56+00:00,764,4,0,90.0,,0
2026-09-28T22:38:56+00:00,765,6,0,65.0,,0
2026-09-28T22:38:56+00:00,766,3,0,195.0,,0
2026-09-28T22:38:56+00:00,769,5,0,40.0,,0
2026-09-28T22:38:56+00:00,770,3,0,100.0,,0
2026-09-28T22:38:56+00:00,771,2,0,199.99,,0
2026-09-28T22:38:56+00:00,772,5,0,90.0,,0
2026-09-28T22:38:56+00:00,773,2,0,169.99,,0
2026-09-28T22:38:56+00:00,774,4,0,60.0,,0
2026-09-28T22:38:56+00:00,775,4,0,60.0,,0
2026-09-28T22:38:56+00:00,776,2,0,169.99,,0
2026-09-28T22:44:09+00:00,731,563,687,34.98,60.0,0
2026-09-28T22:44:09+00:00,732,278,427,79.99,114.0,0
2026-09-28T22:44:09+00:00,733,180,312,129.99,165.0,0
2026-09-28T22:44:09+00:00,734,265,221,28.0,48.0,0
2026-09-28T22:44:09+00:00,760,33,9,35.0,35.0,0
2026-09-28T22:44:09+00:00,761,11,0,59.0,,0
2026-09-28T22:44:09+00:00,762,9,0,30.0,,0
2026-09-28T22:44:09+00:00,763,8,0,70.0,,0
2026-09-28T22:44:09+00:00,764,4,0,90.0,,0
2026-09-28T22:44:09+00:00,765,6,0,65.0,,0
2026-09-28T22:44:09+00:00,766,3,0,195.0,,0
2026-09-28T22:44:09+00:00,769,5,0,40.0,,0
2026-09-28T22:44:09+00:00,770,3,0,100.0,,0
2026-09-28T22:44:09+00:00,771,2,0,199.99,,0
2026-09-28T22:44:09+00:00,772,5,0,90.0,,0
2026-09-28T22:44:09+00:00,773,2,0,169.99,,0
2026-09-28T22:44:09+00:00,774,4,0,60.0,,0
2026-09-28T22:44:09+00:00,775,4,0,60.0,,0
2026-09-28T22:44:09+00:00,776,2,0,169.99,,0
2026-09-28T22:49:19+00:00,731,564,687,34.97,60.0,0
2026-09-28T22:49:19+00:00,732,278,427,79.99,114.0,0
2026-09-28T22:49:19+00:00,733,180,313,129.99,165.0,0
2026-09-28T22:49:19+00:00,734,265,221,28.0,48.0,0
2026-09-28T22:49:19+00:00,760,33,9,34.0,35.0,0
2026-09-28T22:49:19+00:00,761,11,0,59.0,,0
2026-09-28T22:49:19+00:00,762,9,0,30.0,,0
2026-09-28T22:49:19+00:00,763,8,0,70.0,,0
2026-09-28T22:49:19+00:00,764,4,0,90.0,,0
2026-09-28T22:49:19+00:00,765,7,0,65.0,,0
2026-09-28T22:49:19+00:00,766,3,0,195.0,,0
2026-09-28T22:49:19+00:00,769,5,0,40.0,,0
2026-09-28T22:49:19+00:00,770,3,0,100.0,,0
2026-09-28T22:49:19+00:00,771,2,0,199.99,,0
2026-09-28T22:49:19+00:00,772,5,0,90.0,,0
2026-09-28T22:49:19+00:00,773,2,0,169.99,,0
2026-09-28T22:49:19+00:00,774,4,0,60.0,,0
2026-09-28T22:49:19+00:00,775,4,0,60.0,,0
2026-09-28T22:49:19+00:00,776,2,0,169.99,,0
2026-09-28T22:54:31+00:00,731,566,687,34.97,60.0,0
2026-09-28T22:54:31+00:00,732,279,427,79.98,114.0,0
2026-09-28T22:54:31+00:00,733,181,313,129.98,165.0,0
2026-09-28T22:54:31+00:00,734,266,221,27.99,48.0,0
2026-09-28T22:54:31+00:00,760,35,9,29.99,35.0,0
2026-09-28T22:54:31+00:00,761,11,0,59.0,,0
2026-09-28T22:54:31+00:00,762,9,0,30.0,,0
2026-09-28T22:54:31+00:00,763,8,0,70.0,,0
2026-09-28T22:54:31+00:00,764,4,0,90.0,,0
2026-09-28T22:54:31+00:00,765,7,0,65.0,,0
2026-09-28T22:54:31+00:00,766,3,0,195.0,,0
2026-09-28T22:54:31+00:00,769,5,0,40.0,,0
2026-09-28T22:54:31+00:00,770,3,0,100.0,,0
2026-09-28T22:54:31+00:00,771,2,0,199.99,,0
2026-09-28T22:54:31+00:00,772,5,0,90.0,,0
2026-09-28T22:54:31+00:00,773,2,0,169.99,,0
2026-09-28T22:54:31+00:00,774,4,0,60.0,,0
2026-09-28T22:54:31+00:00,775,4,0,60.0,,0
2026-09-28T22:54:31+00:00,776,2,0,169.99,,0
2026-09-28T23:00:17+00:00,731,566,687,33.0,60.0,0
2026-09-28T23:00:17+00:00,732,279,427,79.98,114.0,0
2026-09-28T23:00:17+00:00,733,181,313,129.98,165.0,0
2026-09-28T23:00:17+00:00,734,266,221,27.99,48.0,0
2026-09-28T23:00:17+00:00,760,35,9,29.99,35.0,0
2026-09-28T23:00:17+00:00,761,12,1,58.99,50.0,0
2026-09-28T23:00:17+00:00,762,9,0,30.0,,0
2026-09-28T23:00:17+00:00,763,9,0,70.0,,0
2026-09-28T23:00:17+00:00,764,4,0,90.0,,0
2026-09-28T23:00:17+00:00,765,7,0,65.0,,0
2026-09-28T23:00:17+00:00,766,3,0,195.0,,0
2026-09-28T23:00:17+00:00,769,5,0,40.0,,0
2026-09-28T23:00:17+00:00,770,3,0,100.0,,0
2026-09-28T23:00:17+00:00,771,2,0,199.99,,0
2026-09-28T23:00:17+00:00,772,5,0,90.0,,0
2026-09-28T23:00:17+00:00,773,2,0,169.99,,0
2026-09-28T23:00:17+00:00,774,4,0,60.0,,0
2026-09-28T23:00:17+00:00,775,4,0,60.0,,0
2026-09-28T23:00:17+00:00,776,2,0,169.99,,0
2026-09-28T23:05:28+00:00,731,565,687,33.0,60.0,0
2026-09-28T23:05:28+00:00,732,278,428,79.98,113.5,0
2026-09-28T23:05:28+00:00,733,181,313,129.98,165.0,0
2026-09-28T23:05:28+00:00,734,266,221,27.99,48.0,0
2026-09-28T23:05:28+00:00,760,34,10,32.0,34.5,0
2026-09-28T23:05:28+00:00,761,12,2,58.99,54.0,0
2026-09-28T23:05:28+00:00,762,9,0,30.0,,0
2026-09-28T23:05:28+00:00,763,9,0,70.0,,0
2026-09-28T23:05:28+00:00,764,4,0,90.0,,0
2026-09-28T23:05:28+00:00,765,7,0,65.0,,0
2026-09-28T23:05:28+00:00,766,3,0,195.0,,0
2026-09-28T23:05:28+00:00,769,5,0,40.0,,0
2026-09-28T23:05:28+00:00,770,3,0,100.0,,0
2026-09-28T23:05:28+00:00,771,2,0,199.99,,0
2026-09-28T23:05:28+00:00,772,5,0,90.0,,0
2026-09-28T23:05:28+00:00,773,2,0,169.99,,0
2026-09-28T23:05:28+00:00,774,4,0,60.0,,0
2026-09-28T23:05:28+00:00,775,4,0,60.0,,0
2026-09-28T23:05:28+00:00,776,2,0,169.99,,0
2026-09-28T23:10:41+00:00,731,565,687,33.0,60.0,0
2026-09-28T23:10:41+00:00,732,278,428,79.98,113.5,0
2026-09-28T23:10:41+00:00,733,181,313,129.98,165.0,0
2026-09-28T23:10:41+00:00,734,266,221,27.99,48.0,0
2026-09-28T23:10:41+00:00,760,34,10,32.0,34.5,0
2026-09-28T23:10:41+00:00,761,12,2,58.99,54.0,0
2026-09-28T23:10:41+00:00,762,9,0,30.0,,0
2026-09-28T23:10:41+00:00,763,9,0,69.5,,0
2026-09-28T23:10:41+00:00,764,4,0,90.0,,0
2026-09-28T23:10:41+00:00,765,7,0,65.0,,0
2026-09-28T23:10:41+00:00,766,3,0,195.0,,0
2026-09-28T23:10:41+00:00,769,5,0,40.0,,0
2026-09-28T23:10:41+00:00,770,3,0,100.0,,0
2026-09-28T23:10:41+00:00,771,2,0,199.99,,0
2026-09-28T23:10:41+00:00,772,5,0,90.0,,0
2026-09-28T23:10:41+00:00,773,2,0,169.99,,0
2026-09-28T23:10:41+00:00,774,4,0,60.0,,0
2026-09-28T23:10:41+00:00,775,4,0,60.0,,0
2026-09-28T23:10:41+00:00,776,2,0,169.99,,0
2026-09-28T23:15:53+00:00,731,560,690,35.0,59.96,0
2026-09-28T23:15:53+00:00,732,278,428,79.98,113.5,0
2026-09-28T23:15:53+00:00,733,181,313,129.98,165.0,0
2026-09-28T23:15:53+00:00,734,266,221,27.99,48.0,0
2026-09-28T23:15:53+00:00,760,34,10,32.0,34.5,0
2026-09-28T23:15:53+00:00,761,12,2,58.99,54.0,0
2026-09-28T23:15:53+00:00,762,9,0,30.0,,0
2026-09-28T23:15:53+00:00,763,9,0,69.5,,0
2026-09-28T23:15:53+00:00,764,4,0,90.0,,0
2026-09-28T23:15:53+00:00,765,7,0,65.0,,0
2026-09-28T23:15:53+00:00,766,3,0,195.0,,0
2026-09-28T23:15:53+00:00,769,5,0,40.0,,0
2026-09-28T23:15:53+00:00,770,3,0,100.0,,0
2026-09-28T23:15:53+00:00,771,2,0,199.99,,0
2026-09-28T23:15:53+00:00,772,5,0,90.0,,0
2026-09-28T23:15:53+00:00,773,2,0,169.99,,0
2026-09-28T23:15:53+00:00,774,4,0,60.0,,0
2026-09-28T23:15:53+00:00,775,4,0,60.0,,0
2026-09-28T23:15:53+00:00,776,2,0,169.99,,0
2026-09-28T23:21:06+00:00,731,562,690,34.97,59.96,0
2026-09-28T23:21:06+00:00,732,278,428,79.98,113.5,0
2026-09-28T23:21:06+00:00,733,181,313,129.98,165.0,0
2026-09-28T23:21:06+00:00,734,266,221,27.99,48.0,0
2026-09-28T23:21:06+00:00,760,36,10,30.0,34.5,0
2026-09-28T23:21:06+00:00,761,12,2,58.99,54.0,0
2026-09-28T23:21:06+00:00,762,9,0,30.0,,0
2026-09-28T23:21:06+00:00,763,9,0,69.5,,0
2026-09-28T23:21:06+00:00,764,4,0,90.0,,0
2026-09-28T23:21:06+00:00,765,7,0,65.0,,0
2026-09-28T23:21:06+00:00,766,3,0,195.0,,0
2026-09-28T23:21:06+00:00,769,5,0,40.0,,0
2026-09-28T23:21:06+00:00,770,3,0,100.0,,0
2026-09-28T23:21:06+00:00,771,2,0,199.99,,0
2026-09-28T23:21:06+00:00,772,5,0,90.0,,0
2026-09-28T23:21:06+00:00,773,2,0,169.99,,0
2026-09-28T23:21:06+00:00,774,4,0,60.0,,0
2026-09-28T23:21:06+00:00,775,4,0,60.0,,0
2026-09-28T23:21:06+00:00,776,2,0,169.99,,0
2026-09-28T23:26:17+00:00,731,562,690,34.97,59.96,0
2026-09-28T23:26:17+00:00,732,278,428,79.98,113.5,0
2026-09-28T23:26:17+00:00,733,181,313,129.98,165.0,0
2026-09-28T23:26:17+00:00,734,266,221,27.99,48.0,0
2026-09-28T23:26:17+00:00,760,36,10,30.0,34.5,0
2026-09-28T23:26:17+00:00,761,12,2,58.99,54.0,0
2026-09-28T23:26:17+00:00,762,9,0,30.0,,0
2026-09-28T23:26:17+00:00,763,9,0,69.5,,0
2026-09-28T23:26:17+00:00,764,4,0,90.0,,0
2026-09-28T23:26:17+00:00,765,7,0,65.0,,0
2026-09-28T23:26:17+00:00,766,3,0,195.0,,0
2026-09-28T23:26:17+00:00,769,5,0,40.0,,0
2026-09-28T23:26:17+00:00,770,3,0,100.0,,0
2026-09-28T23:26:17+00:00,771,2,0,199.99,,0
2026-09-28T23:26:17+00:00,772,5,0,90.0,,0
2026-09-28T23:26:17+00:00,773,2,0,169.99,,0
2026-09-28T23:26:17+00:00,774,4,0,60.0,,0
2026-09-28T23:26:17+00:00,775,4,0,60.0,,0
2026-09-28T23:26:17+00:00,776,2,0,169.99,,0
2026-09-28T23:31:28+00:00,731,562,690,34.97,59.96,0
2026-09-28T23:31:28+00:00,732,278,428,79.98,113.5,0
2026-09-28T23:31:28+00:00,733,181,313,129.98,165.0,0
2026-09-28T23:31:28+00:00,734,266,221,27.99,48.0,0
2026-09-28T23:31:28+00:00,760,36,10,30.0,34.5,0
2026-09-28T23:31:28+00:00,761,12,2,58.99,54.0,0
2026-09-28T23:31:28+00:00,762,9,0,30.0,,0
2026-09-28T23:31:28+00:00,763,9,0,69.5,,0
2026-09-28T23:31:28+00:00,764,4,0,90.0,,0
2026-09-28T23:31:28+00:00,765,7,0,65.0,,0
2026-09-28T23:31:28+00:00,766,3,0,195.0,,0
2026-09-28T23:31:28+00:00,769,5,0,40.0,,0
2026-09-28T23:31:28+00:00,770,3,0,100.0,,0
2026-09-28T23:31:28+00:00,771,2,0,199.99,,0
2026-09-28T23:31:28+00:00,772,5,0,90.0,,0
2026-09-28T23:31:28+00:00,773,2,0,169.99,,0
2026-09-28T23:31:28+00:00,774,4,0,60.0,,0
2026-09-28T23:31:28+00:00,775,4,0,60.0,,0
2026-09-28T23:31:28+00:00,776,2,0,169.99,,0
2026-09-28T23:36:38+00:00,731,562,690,34.97,59.96,0
2026-09-28T23:36:38+00:00,732,278,428,79.98,113.5,0
2026-09-28T23:36:38+00:00,733,181,313,129.98,165.0,0
2026-09-28T23:36:38+00:00,734,266,221,27.99,48.0,0
2026-09-28T23:36:38+00:00,760,35,10,32.0,34.5,0
2026-09-28T23:36:38+00:00,761,12,2,58.99,54.0,0
2026-09-28T23:36:38+00:00,762,9,0,30.0,,0
2026-09-28T23:36:38+00:00,763,9,0,69.5,,0
2026-09-28T23:36:38+00:00,764,4,0,90.0,,0
2026-09-28T23:36:38+00:00,765,7,0,65.0,,0
2026-09-28T23:36:38+00:00,766,3,0,195.0,,0
2026-09-28T23:36:38+00:00,769,5,0,40.0,,0
2026-09-28T23:36:38+00:00,770,3,0,100.0,,0
2026-09-28T23:36:38+00:00,771,2,0,199.99,,0
2026-09-28T23:36:38+00:00,772,5,0,90.0,,0
2026-09-28T23:36:38+00:00,773,2,0,169.99,,0
2026-09-28T23:36:38+00:00,774,4,0,60.0,,0
2026-09-28T23:36:38+00:00,775,4,0,60.0,,0
2026-09-28T23:36:38+00:00,776,2,0,169.99,,0
2026-09-28T23:41:49+00:00,731,562,690,34.97,59.96,0
2026-09-28T23:41:49+00:00,732,278,428,79.98,113.5,0
2026-09-28T23:41:49+00:00,733,181,313,129.98,165.0,0
2026-09-28T23:41:49+00:00,734,265,222,27.99,48.0,0
2026-09-28T23:41:49+00:00,760,37,10,29.99,34.5,0
2026-09-28T23:41:49+00:00,761,12,2,58.99,54.0,0
2026-09-28T23:41:49+00:00,762,10,0,29.99,,0
2026-09-28T23:41:49+00:00,763,10,0,69.49,,0
2026-09-28T23:41:49+00:00,764,4,0,90.0,,0
2026-09-28T23:41:49+00:00,765,7,0,65.0,,0
2026-09-28T23:41:49+00:00,766,3,0,195.0,,0
2026-09-28T23:41:49+00:00,769,5,0,40.0,,0
2026-09-28T23:41:49+00:00,770,3,0,100.0,,0
2026-09-28T23:41:49+00:00,771,2,0,199.99,,0
2026-09-28T23:41:49+00:00,772,5,0,90.0,,0
2026-09-28T23:41:49+00:00,773,2,0,169.99,,0
2026-09-28T23:41:49+00:00,774,4,0,60.0,,0
2026-09-28T23:41:49+00:00,775,4,0,60.0,,0
2026-09-28T23:41:49+00:00,776,2,0,169.99,,0
2026-09-28T23:47:01+00:00,731,562,690,34.97,59.96,0
2026-09-28T23:47:01+00:00,732,279,428,79.98,113.5,0
2026-09-28T23:47:01+00:00,733,182,313,129.98,165.0,0
2026-09-28T23:47:01+00:00,734,266,222,27.99,48.0,0
2026-09-28T23:47:01+00:00,760,38,10,29.99,34.5,0
2026-09-28T23:47:01+00:00,761,12,2,58.99,54.0,0
2026-09-28T23:47:01+00:00,762,10,0,29.99,,0
2026-09-28T23:47:01+00:00,763,10,0,69.49,,0
2026-09-28T23:47:01+00:00,764,4,0,90.0,,0
2026-09-28T23:47:01+00:00,765,7,0,65.0,,0
2026-09-28T23:47:01+00:00,766,3,0,195.0,,0
2026-09-28T23:47:01+00:00,769,5,0,40.0,,0
2026-09-28T23:47:01+00:00,770,3,0,100.0,,0
2026-09-28T23:47:01+00:00,771,2,0,199.99,,0
2026-09-28T23:47:01+00:00,772,5,0,90.0,,0
2026-09-28T23:47:01+00:00,773,2,0,169.99,,0
2026-09-28T23:47:01+00:00,774,4,0,60.0,,0
2026-09-28T23:47:01+00:00,775,4,0,60.0,,0
2026-09-28T23:47:01+00:00,776,2,0,169.99,,0
2026-09-28T23:52:14+00:00,731,562,690,34.96,59.96,0
2026-09-28T23:52:14+00:00,732,279,428,79.98,113.5,0
2026-09-28T23:52:14+00:00,733,182,313,129.98,165.0,0
2026-09-28T23:52:14+00:00,734,266,222,27.99,48.0,0
2026-09-28T23:52:14+00:00,760,40,10,25.0,34.5,0
2026-09-28T23:52:14+00:00,761,13,3,58.99,55.0,0
2026-09-28T23:52:14+00:00,762,10,0,29.99,,0
2026-09-28T23:52:14+00:00,763,10,0,69.49,,0
2026-09-28T23:52:14+00:00,764,4,0,90.0,,0
2026-09-28T23:52:14+00:00,765,7,0,65.0,,0
2026-09-28T23:52:14+00:00,766,3,0,195.0,,0
2026-09-28T23:52:14+00:00,769,5,0,40.0,,0
2026-09-28T23:52:14+00:00,770,3,0,100.0,,0
2026-09-28T23:52:14+00:00,771,2,0,199.99,,0
2026-09-28T23:52:14+00:00,772,5,0,90.0,,0
2026-09-28T23:52:14+00:00,773,2,0,169.99,,0
2026-09-28T23:52:14+00:00,774,4,0,60.0,,0
2026-09-28T23:52:14+00:00,775,4,0,60.0,,0
2026-09-28T23:52:14+00:00,776,2,0,169.99,,0
2026-09-28T23:57:28+00:00,731,562,690,34.96,59.96,0
2026-09-28T23:57:28+00:00,732,279,428,79.98,113.5,0
2026-09-28T23:57:28+00:00,733,182,313,129.98,165.0,0
2026-09-28T23:57:28+00:00,734,266,222,27.99,48.0,0
2026-09-28T23:57:28+00:00,760,40,10,25.0,34.5,0
2026-09-28T23:57:28+00:00,761,13,3,58.99,55.0,0
2026-09-28T23:57:28+00:00,762,10,0,29.99,,0
2026-09-28T23:57:28+00:00,763,10,0,69.49,,0
2026-09-28T23:57:28+00:00,764,4,0,90.0,,0
2026-09-28T23:57:28+00:00,765,7,0,65.0,,0
2026-09-28T23:57:28+00:00,766,3,0,195.0,,0
2026-09-28T23:57:28+00:00,769,5,0,40.0,,0
2026-09-28T23:57:28+00:00,770,3,0,100.0,,0
2026-09-28T23:57:28+00:00,771,2,0,199.99,,0
2026-09-28T23:57:28+00:00,772,5,0,90.0,,0
2026-09-28T23:57:28+00:00,773,2,0,169.99,,0
2026-09-28T23:57:28+00:00,774,4,0,60.0,,0
2026-09-28T23:57:28+00:00,775,4,0,60.0,,0
2026-09-28T23:57:28+00:00,776,2,0,169.99,,0
2026-09-29T00:02:40+00:00,731,562,690,34.96,59.96,0
2026-09-29T00:02:40+00:00,732,279,428,79.98,113.5,0
2026-09-29T00:02:40+00:00,733,182,313,129.98,165.0,0
2026-09-29T00:02:40+00:00,734,266,222,27.99,48.0,0
2026-09-29T00:02:40+00:00,760,40,10,25.0,34.5,0
2026-09-29T00:02:40+00:00,761,13,3,58.99,55.0,0
2026-09-29T00:02:40+00:00,762,10,0,29.99,,0
2026-09-29T00:02:40+00:00,763,10,0,69.49,,0
2026-09-29T00:02:40+00:00,764,4,0,90.0,,0
2026-09-29T00:02:40+00:00,765,7,0,65.0,,0
2026-09-29T00:02:40+00:00,766,3,0,195.0,,0
2026-09-29T00:02:40+00:00,769,5,0,40.0,,0
2026-09-29T00:02:40+00:00,770,3,0,100.0,,0
2026-09-29T00:02:40+00:00,771,2,0,199.99,,0
2026-09-29T00:02:40+00:00,772,5,0,90.0,,0
2026-09-29T00:02:40+00:00,773,2,0,169.99,,0
2026-09-29T00:02:40+00:00,774,4,0,60.0,,0
2026-09-29T00:02:40+00:00,775,4,0,60.0,,0
2026-09-29T00:02:40+00:00,776,2,0,169.99,,0
2026-09-29T00:07:52+00:00,731,563,690,34.96,59.96,0
2026-09-29T00:07:52+00:00,732,279,428,79.98,113.5,0
2026-09-29T00:07:52+00:00,733,182,313,129.98,165.0,0
2026-09-29T00:07:52+00:00,734,266,222,27.99,48.0,0
2026-09-29T00:07:52+00:00,760,40,10,25.0,34.5,0
2026-09-29T00:07:52+00:00,761,13,3,58.99,55.0,0
2026-09-29T00:07:52+00:00,762,10,0,29.99,,0
2026-09-29T00:07:52+00:00,763,10,0,69.49,,0
2026-09-29T00:07:52+00:00,764,4,0,90.0,,0
2026-09-29T00:07:52+00:00,765,7,0,65.0,,0
2026-09-29T00:07:52+00:00,766,3,0,195.0,,0
2026-09-29T00:07:52+00:00,769,5,0,40.0,,0
2026-09-29T00:07:52+00:00,770,3,0,100.0,,0
2026-09-29T00:07:52+00:00,771,2,0,199.99,,0
2026-09-29T00:07:52+00:00,772,5,0,90.0,,0
2026-09-29T00:07:52+00:00,773,2,0,169.99,,0
2026-09-29T00:07:52+00:00,774,4,0,60.0,,0
2026-09-29T00:07:52+00:00,775,4,0,60.0,,0
2026-09-29T00:07:52+00:00,776,2,0,169.99,,0
2026-09-29T00:13:04+00:00,731,563,690,34.96,59.96,0
2026-09-29T00:13:04+00:00,732,279,428,79.98,113.5,0
2026-09-29T00:13:04+00:00,733,182,313,129.98,165.0,0
2026-09-29T00:13:04+00:00,734,266,222,27.99,48.0,0
2026-09-29T00:13:04+00:00,760,39,10,29.98,34.5,0
2026-09-29T00:13:04+00:00,761,13,3,58.99,55.0,0
2026-09-29T00:13:04+00:00,762,11,0,29.99,,0
2026-09-29T00:13:04+00:00,763,10,0,69.49,,0
2026-09-29T00:13:04+00:00,764,4,0,90.0,,0
2026-09-29T00:13:04+00:00,765,7,0,65.0,,0
2026-09-29T00:13:04+00:00,766,3,0,195.0,,0
2026-09-29T00:13:04+00:00,769,5,0,40.0,,0
2026-09-29T00:13:04+00:00,770,3,0,100.0,,0
2026-09-29T00:13:04+00:00,771,2,0,199.99,,0
2026-09-29T00:13:04+00:00,772,5,0,90.0,,0
2026-09-29T00:13:04+00:00,773,2,0,169.99,,0
2026-09-29T00:13:04+00:00,774,4,0,60.0,,0
2026-09-29T00:13:04+00:00,775,4,0,60.0,,0
2026-09-29T00:13:04+00:00,776,2,0,169.99,,0
2026-09-29T00:18:14+00:00,731,563,690,34.96,59.96,0
2026-09-29T00:18:14+00:00,732,279,428,79.98,113.5,0
2026-09-29T00:18:14+00:00,733,182,313,129.98,165.0,0
2026-09-29T00:18:14+00:00,734,266,222,27.99,48.0,0
2026-09-29T00:18:14+00:00,760,39,10,29.98,34.5,0
2026-09-29T00:18:14+00:00,761,13,3,58.99,55.0,0
2026-09-29T00:18:14+00:00,762,12,0,29.99,,0
2026-09-29T00:18:14+00:00,763,10,0,69.49,,0
2026-09-29T00:18:14+00:00,764,4,0,90.0,,0
2026-09-29T00:18:14+00:00,765,7,0,65.0,,0
2026-09-29T00:18:14+00:00,766,3,0,195.0,,0
2026-09-29T00:18:14+00:00,769,5,0,40.0,,0
2026-09-29T00:18:14+00:00,770,3,0,100.0,,0
2026-09-29T00:18:14+00:00,771,2,0,199.99,,0
2026-09-29T00:18:14+00:00,772,5,0,90.0,,0
2026-09-29T00:18:14+00:00,773,2,0,169.99,,0
2026-09-29T00:18:14+00:00,774,4,0,60.0,,0
2026-09-29T00:18:14+00:00,775,4,0,60.0,,0
2026-09-29T00:18:14+00:00,776,2,0,169.99,,0
2026-09-29T00:23:25+00:00,731,564,690,34.84,59.96,0
2026-09-29T00:23:25+00:00,732,279,428,79.98,113.5,0
2026-09-29T00:23:25+00:00,733,182,313,129.98,165.0,0
2026-09-29T00:23:25+00:00,734,266,222,27.99,48.0,0
2026-09-29T00:23:25+00:00,760,37,12,29.99,34.0,0
2026-09-29T00:23:25+00:00,761,14,3,58.0,55.0,0
2026-09-29T00:23:25+00:00,762,12,0,29.99,,0
2026-09-29T00:23:25+00:00,763,10,0,69.49,,0
2026-09-29T00:23:25+00:00,764,4,0,90.0,,0
2026-09-29T00:23:25+00:00,765,7,0,65.0,,0
2026-09-29T00:23:25+00:00,766,3,0,195.0,,0
2026-09-29T00:23:25+00:00,769,5,0,40.0,,0
2026-09-29T00:23:25+00:00,770,3,0,100.0,,0
2026-09-29T00:23:25+00:00,771,2,0,199.99,,0
2026-09-29T00:23:25+00:00,772,5,0,90.0,,0
2026-09-29T00:23:25+00:00,773,2,0,169.99,,0
2026-09-29T00:23:25+00:00,774,4,0,60.0,,0
2026-09-29T00:23:25+00:00,775,4,0,60.0,,0
2026-09-29T00:23:25+00:00,776,2,0,169.99,,0
2026-09-29T00:28:51+00:00,731,564,690,34.84,59.96,0
2026-09-29T00:28:51+00:00,732,279,428,79.98,113.5,0
2026-09-29T00:28:51+00:00,733,182,313,129.98,165.0,0
2026-09-29T00:28:51+00:00,734,266,222,27.99,48.0,0
2026-09-29T00:28:51+00:00,760,37,14,30.0,34.0,0
2026-09-29T00:28:51+00:00,761,14,3,58.0,55.0,0
2026-09-29T00:28:51+00:00,762,12,0,29.99,,0
2026-09-29T00:28:51+00:00,763,10,0,69.49,,0
2026-09-29T00:28:51+00:00,764,4,0,90.0,,0
2026-09-29T00:28:51+00:00,765,7,0,65.0,,0
2026-09-29T00:28:51+00:00,766,3,0,195.0,,0
2026-09-29T00:28:51+00:00,769,5,0,40.0,,0
2026-09-29T00:28:51+00:00,770,3,0,100.0,,0
2026-09-29T00:28:51+00:00,771,2,0,199.99,,0
2026-09-29T00:28:51+00:00,772,5,0,90.0,,0
2026-09-29T00:28:51+00:00,773,2,0,169.99,,0
2026-09-29T00:28:51+00:00,774,4,0,60.0,,0
2026-09-29T00:28:51+00:00,775,4,0,60.0,,0
2026-09-29T00:28:51+00:00,776,2,0,169.99,,0
2026-09-29T00:34:02+00:00,731,564,690,34.84,59.96,0
2026-09-29T00:34:02+00:00,732,279,428,79.98,113.5,0
2026-09-29T00:34:02+00:00,733,182,313,129.98,165.0,0
2026-09-29T00:34:02+00:00,734,266,222,27.99,48.0,0
2026-09-29T00:34:02+00:00,760,38,14,30.0,34.0,0
2026-09-29T00:34:02+00:00,761,14,3,57.99,55.0,0
2026-09-29T00:34:02+00:00,762,12,0,29.99,,0
2026-09-29T00:34:02+00:00,763,10,0,69.49,,0
2026-09-29T00:34:02+00:00,764,4,0,90.0,,0
2026-09-29T00:34:02+00:00,765,7,0,65.0,,0
2026-09-29T00:34:02+00:00,766,3,0,195.0,,0
2026-09-29T00:34:02+00:00,769,5,0,40.0,,0
2026-09-29T00:34:02+00:00,770,3,0,100.0,,0
2026-09-29T00:34:02+00:00,771,2,0,199.99,,0
2026-09-29T00:34:02+00:00,772,5,0,90.0,,0
2026-09-29T00:34:02+00:00,773,2,0,169.99,,0
2026-09-29T00:34:02+00:00,774,4,0,60.0,,0
2026-09-29T00:34:02+00:00,775,4,0,60.0,,0
2026-09-29T00:34:02+00:00,776,2,0,169.99,,0
2026-09-29T00:39:13+00:00,731,564,690,34.84,59.96,0
2026-09-29T00:39:13+00:00,732,279,428,79.98,113.5,0
2026-09-29T00:39:13+00:00,733,181,313,129.98,165.0,0
2026-09-29T00:39:13+00:00,734,266,222,27.99,48.0,0
2026-09-29T00:39:13+00:00,760,37,15,30.0,33.99,0
2026-09-29T00:39:13+00:00,761,14,3,50.0,55.0,0
2026-09-29T00:39:13+00:00,762,12,0,29.99,,0
2026-09-29T00:39:13+00:00,763,10,0,69.49,,0
2026-09-29T00:39:13+00:00,764,4,0,90.0,,0
2026-09-29T00:39:13+00:00,765,7,0,65.0,,0
2026-09-29T00:39:13+00:00,766,3,0,195.0,,0
2026-09-29T00:39:13+00:00,769,5,0,40.0,,0
2026-09-29T00:39:13+00:00,770,3,0,100.0,,0
2026-09-29T00:39:13+00:00,771,2,0,199.99,,0
2026-09-29T00:39:13+00:00,772,5,0,90.0,,0
2026-09-29T00:39:13+00:00,773,2,0,169.99,,0
2026-09-29T00:39:13+00:00,774,4,0,60.0,,0
2026-09-29T00:39:13+00:00,775,4,0,60.0,,0
2026-09-29T00:39:13+00:00,776,2,0,169.99,,0
2026-09-29T00:44:24+00:00,731,564,690,34.84,59.96,0
2026-09-29T00:44:24+00:00,732,279,428,79.98,113.5,0
2026-09-29T00:44:24+00:00,733,181,314,129.98,165.0,0
2026-09-29T00:44:24+00:00,734,266,222,27.99,48.0,0
2026-09-29T00:44:24+00:00,760,38,16,30.0,32.0,0
2026-09-29T00:44:24+00:00,761,14,3,50.0,55.0,0
2026-09-29T00:44:24+00:00,762,13,0,29.99,,0
2026-09-29T00:44:24+00:00,763,11,0,69.49,,0
2026-09-29T00:44:24+00:00,764,4,0,90.0,,0
2026-09-29T00:44:24+00:00,765,8,0,65.0,,0
2026-09-29T00:44:24+00:00,766,3,0,195.0,,0
2026-09-29T00:44:24+00:00,769,5,0,40.0,,0
2026-09-29T00:44:24+00:00,770,3,0,100.0,,0
2026-09-29T00:44:24+00:00,771,2,0,199.99,,0
2026-09-29T00:44:24+00:00,772,5,0,90.0,,0
2026-09-29T00:44:24+00:00,773,2,0,169.99,,0
2026-09-29T00:44:24+00:00,774,4,0,60.0,,0
2026-09-29T00:44:24+00:00,775,4,0,60.0,,0
2026-09-29T00:44:24+00:00,776,2,0,169.99,,0
2026-09-29T00:49:36+00:00,731,564,690,34.84,59.96,0
2026-09-29T00:49:36+00:00,732,279,428,79.98,113.5,0
2026-09-29T00:49:36+00:00,733,181,314,129.98,165.0,0
2026-09-29T00:49:36+00:00,734,266,222,27.99,48.0,0
2026-09-29T00:49:36+00:00,760,38,17,30.0,30.0,0
2026-09-29T00:49:36+00:00,761,14,3,49.99,55.0,0
2026-09-29T00:49:36+00:00,762,13,0,29.99,,0
2026-09-29T00:49:36+00:00,763,11,0,69.49,,0
2026-09-29T00:49:36+00:00,764,4,0,90.0,,0
2026-09-29T00:49:36+00:00,765,8,0,65.0,,0
2026-09-29T00:49:36+00:00,766,3,0,195.0,,0
2026-09-29T00:49:36+00:00,769,5,0,40.0,,0
2026-09-29T00:49:36+00:00,770,3,0,100.0,,0
2026-09-29T00:49:36+00:00,771,2,0,199.99,,0
2026-09-29T00:49:36+00:00,772,6,0,90.0,,0
2026-09-29T00:49:36+00:00,773,2,0,169.99,,0
2026-09-29T00:49:36+00:00,774,5,0,60.0,,0
2026-09-29T00:49:36+00:00,775,5,0,60.0,,0
2026-09-29T00:49:36+00:00,776,2,0,169.99,,0
2026-09-29T00:54:46+00:00,731,564,690,34.84,59.96,0
2026-09-29T00:54:46+00:00,732,279,428,79.98,113.5,0
2026-09-29T00:54:46+00:00,733,181,314,129.98,165.0,0
2026-09-29T00:54:46+00:00,734,267,222,27.99,48.0,0
2026-09-29T00:54:46+00:00,760,38,17,30.0,30.0,0
2026-09-29T00:54:46+00:00,761,14,3,49.99,55.0,0
2026-09-29T00:54:46+00:00,762,13,0,29.99,,0
2026-09-29T00:54:46+00:00,763,11,0,69.49,,0
2026-09-29T00:54:46+00:00,764,4,0,90.0,,0
2026-09-29T00:54:46+00:00,765,8,0,65.0,,0
2026-09-29T00:54:46+00:00,766,3,0,195.0,,0
2026-09-29T00:54:46+00:00,769,5,0,40.0,,0
2026-09-29T00:54:46+00:00,770,3,0,100.0,,0
2026-09-29T00:54:46+00:00,771,2,0,199.99,,0
2026-09-29T00:54:46+00:00,772,6,0,90.0,,0
2026-09-29T00:54:46+00:00,773,2,0,169.99,,0
2026-09-29T00:54:46+00:00,774,5,0,60.0,,0
2026-09-29T00:54:46+00:00,775,5,0,60.0,,0
2026-09-29T00:54:46+00:00,776,2,0,169.99,,0
2026-09-29T00:59:56+00:00,731,564,690,34.84,59.96,0
2026-09-29T00:59:56+00:00,732,278,428,79.98,113.5,0
2026-09-29T00:59:56+00:00,733,181,314,129.98,165.0,0
2026-09-29T00:59:56+00:00,734,267,222,27.99,48.0,0
2026-09-29T00:59:56+00:00,760,37,17,32.0,30.0,0
2026-09-29T00:59:56+00:00,761,14,3,49.99,55.0,0
2026-09-29T00:59:56+00:00,762,13,0,29.99,,0
2026-09-29T00:59:56+00:00,763,11,0,69.49,,0
2026-09-29T00:59:56+00:00,764,4,0,90.0,,0
2026-09-29T00:59:56+00:00,765,8,0,65.0,,0
2026-09-29T00:59:56+00:00,766,3,0,195.0,,0
2026-09-29T00:59:56+00:00,769,5,0,40.0,,0
2026-09-29T00:59:56+00:00,770,3,0,100.0,,0
2026-09-29T00:59:56+00:00,771,2,0,199.99,,0
2026-09-29T00:59:56+00:00,772,6,0,90.0,,0
2026-09-29T00:59:56+00:00,773,2,0,169.99,,0
2026-09-29T00:59:56+00:00,774,5,0,60.0,,0
2026-09-29T00:59:56+00:00,775,5,0,60.0,,0
2026-09-29T00:59:56+00:00,776,2,0,169.99,,0
2026-09-29T01:05:05+00:00,731,562,690,34.96,59.96,0
2026-09-29T01:05:05+00:00,732,279,428,79.98,113.5,0
2026-09-29T01:05:05+00:00,733,181,314,129.98,165.0,0
2026-09-29T01:05:05+00:00,734,267,222,27.99,48.0,0
2026-09-29T01:05:05+00:00,760,38,17,30.0,30.0,0
2026-09-29T01:05:05+00:00,761,14,3,49.99,55.0,0
2026-09-29T01:05:05+00:00,762,13,0,29.99,,0
2026-09-29T01:05:05+00:00,763,11,0,69.49,,0
2026-09-29T01:05:05+00:00,764,4,0,90.0,,0
2026-09-29T01:05:05+00:00,765,8,0,65.0,,0
2026-09-29T01:05:05+00:00,766,3,0,195.0,,0
2026-09-29T01:05:05+00:00,769,5,0,40.0,,0
2026-09-29T01:05:05+00:00,770,3,0,100.0,,0
2026-09-29T01:05:05+00:00,771,2,0,199.99,,0
2026-09-29T01:05:05+00:00,772,6,0,90.0,,0
2026-09-29T01:05:05+00:00,773,2,0,169.99,,0
2026-09-29T01:05:05+00:00,774,5,0,60.0,,0
2026-09-29T01:05:05+00:00,775,5,0,60.0,,0
2026-09-29T01:05:05+00:00,776,2,0,169.99,,0
2026-09-29T01:10:16+00:00,731,562,691,34.97,59.94,0
2026-09-29T01:10:16+00:00,732,279,428,79.98,113.5,0
2026-09-29T01:10:16+00:00,733,181,314,129.98,165.0,0
2026-09-29T01:10:16+00:00,734,267,222,27.99,48.0,0
2026-09-29T01:10:16+00:00,760,37,17,32.0,30.0,0
2026-09-29T01:10:16+00:00,761,14,3,49.99,55.0,0
2026-09-29T01:10:16+00:00,762,13,0,29.99,,0
2026-09-29T01:10:16+00:00,763,11,0,69.49,,0
2026-09-29T01:10:16+00:00,764,4,0,90.0,,0
2026-09-29T01:10:16+00:00,765,8,0,65.0,,0
2026-09-29T01:10:16+00:00,766,3,0,195.0,,0
2026-09-29T01:10:16+00:00,769,5,0,40.0,,0
2026-09-29T01:10:16+00:00,770,3,0,100.0,,0
2026-09-29T01:10:16+00:00,771,2,0,199.99,,0
2026-09-29T01:10:16+00:00,772,6,0,90.0,,0
2026-09-29T01:10:16+00:00,773,2,0,169.99,,0
2026-09-29T01:10:16+00:00,774,5,0,60.0,,0
2026-09-29T01:10:16+00:00,775,5,0,60.0,,0
2026-09-29T01:10:16+00:00,776,2,0,169.99,,0
2026-09-29T01:15:28+00:00,731,562,692,34.97,59.94,0
2026-09-29T01:15:28+00:00,732,279,428,79.98,113.5,0
2026-09-29T01:15:28+00:00,733,181,314,129.98,165.0,0
2026-09-29T01:15:28+00:00,734,267,222,27.99,48.0,0
2026-09-29T01:15:28+00:00,760,38,17,30.0,30.0,0
2026-09-29T01:15:28+00:00,761,14,3,49.99,55.0,0
2026-09-29T01:15:28+00:00,762,13,0,29.99,,0
2026-09-29T01:15:28+00:00,763,11,0,69.49,,0
2026-09-29T01:15:28+00:00,764,4,0,90.0,,0
2026-09-29T01:15:28+00:00,765,8,0,65.0,,0
2026-09-29T01:15:28+00:00,766,3,0,195.0,,0
2026-09-29T01:15:28+00:00,769,5,0,40.0,,0
2026-09-29T01:15:28+00:00,770,3,0,100.0,,0
2026-09-29T01:15:28+00:00,771,2,0,199.99,,0
2026-09-29T01:15:28+00:00,772,6,0,90.0,,0
2026-09-29T01:15:28+00:00,773,2,0,169.99,,0
2026-09-29T01:15:28+00:00,774,5,0,60.0,,0
2026-09-29T01:15:28+00:00,775,5,0,60.0,,0
2026-09-29T01:15:28+00:00,776,2,0,169.99,,0
2026-09-29T01:20:41+00:00,731,560,694,36.0,59.92,0
2026-09-29T01:20:41+00:00,732,279,428,79.98,113.5,0
2026-09-29T01:20:41+00:00,733,182,314,129.98,165.0,0
2026-09-29T01:20:41+00:00,734,267,222,27.99,48.0,0
2026-09-29T01:20:41+00:00,760,38,17,30.0,30.0,0
2026-09-29T01:20:41+00:00,761,14,3,49.99,55.0,0
2026-09-29T01:20:41+00:00,762,13,0,29.99,,0
2026-09-29T01:20:41+00:00,763,11,0,69.49,,0
2026-09-29T01:20:41+00:00,764,4,0,90.0,,0
2026-09-29T01:20:41+00:00,765,8,0,65.0,,0
2026-09-29T01:20:41+00:00,766,3,0,195.0,,0
2026-09-29T01:20:41+00:00,769,5,0,40.0,,0
2026-09-29T01:20:41+00:00,770,3,0,100.0,,0
2026-09-29T01:20:41+00:00,771,2,0,199.99,,0
2026-09-29T01:20:41+00:00,772,6,0,90.0,,0
2026-09-29T01:20:41+00:00,773,2,0,169.99,,0
2026-09-29T01:20:41+00:00,774,5,0,60.0,,0
2026-09-29T01:20:41+00:00,775,5,0,60.0,,0
2026-09-29T01:20:41+00:00,776,2,0,169.99,,0
2026-09-29T01:25:53+00:00,731,560,694,36.0,59.92,0
2026-09-29T01:25:53+00:00,732,279,428,79.98,113.5,0
2026-09-29T01:25:53+00:00,733,182,314,129.98,165.0,0
2026-09-29T01:25:53+00:00,734,267,222,27.99,48.0,0
2026-09-29T01:25:53+00:00,760,38,17,30.0,30.0,0
2026-09-29T01:25:53+00:00,761,14,3,49.99,55.0,0
2026-09-29T01:25:53+00:00,762,13,0,29.99,,0
2026-09-29T01:25:53+00:00,763,11,0,69.49,,0
2026-09-29T01:25:53+00:00,764,4,0,90.0,,0
2026-09-29T01:25:53+00:00,765,8,0,65.0,,0
2026-09-29T01:25:53+00:00,766,3,0,195.0,,0
2026-09-29T01:25:53+00:00,769,5,0,40.0,,0
2026-09-29T01:25:53+00:00,770,3,0,100.0,,0
2026-09-29T01:25:53+00:00,771,2,0,199.99,,0
2026-09-29T01:25:53+00:00,772,6,0,90.0,,0
2026-09-29T01:25:53+00:00,773,2,0,169.99,,0
2026-09-29T01:25:53+00:00,774,5,0,60.0,,0
2026-09-29T01:25:53+00:00,775,5,0,60.0,,0
2026-09-29T01:25:53+00:00,776,2,0,169.99,,0
2026-09-29T01:31:04+00:00,731,560,694,36.0,59.92,0
2026-09-29T01:31:04+00:00,732,279,428,79.98,113.5,0
2026-09-29T01:31:04+00:00,733,182,314,129.98,165.0,0
2026-09-29T01:31:04+00:00,734,267,222,27.99,48.0,0
2026-09-29T01:31:04+00:00,760,38,17,30.0,30.0,0
2026-09-29T01:31:04+00:00,761,14,3,49.99,55.0,0
2026-09-29T01:31:04+00:00,762,13,0,29.99,,0
2026-09-29T01:31:04+00:00,763,11,0,69.49,,0
2026-09-29T01:31:04+00:00,764,4,0,90.0,,0
2026-09-29T01:31:04+00:00,765,8,0,65.0,,0
2026-09-29T01:31:04+00:00,766,3,0,195.0,,0
2026-09-29T01:31:04+00:00,769,5,0,40.0,,0
2026-09-29T01:31:04+00:00,770,3,0,100.0,,0
2026-09-29T01:31:04+00:00,771,2,0,199.99,,0
2026-09-29T01:31:04+00:00,772,6,0,90.0,,0
2026-09-29T01:31:04+00:00,773,2,0,169.99,,0
2026-09-29T01:31:04+00:00,774,5,0,60.0,,0
2026-09-29T01:31:04+00:00,775,5,0,60.0,,0
2026-09-29T01:31:04+00:00,776,2,0,169.99,,0
2026-09-29T01:36:20+00:00,731,560,694,36.0,59.92,0
2026-09-29T01:36:20+00:00,732,279,428,79.98,113.5,0
2026-09-29T01:36:20+00:00,733,182,314,129.98,165.0,0
2026-09-29T01:36:20+00:00,734,267,222,27.99,48.0,0
2026-09-29T01:36:20+00:00,760,38,17,30.0,30.0,0
2026-09-29T01:36:20+00:00,761,14,3,49.99,55.0,0
2026-09-29T01:36:20+00:00,762,13,0,29.99,,0
2026-09-29T01:36:20+00:00,763,11,0,69.49,,0
2026-09-29T01:36:20+00:00,764,5,0,89.99,,0
2026-09-29T01:36:20+00:00,765,8,0,65.0,,0
2026-09-29T01:36:20+00:00,766,3,0,195.0,,0
2026-09-29T01:36:20+00:00,769,5,0,40.0,,0
2026-09-29T01:36:20+00:00,770,3,0,100.0,,0
2026-09-29T01:36:20+00:00,771,2,0,199.99,,0
2026-09-29T01:36:20+00:00,772,6,0,90.0,,0
2026-09-29T01:36:20+00:00,773,2,0,169.99,,0
2026-09-29T01:36:20+00:00,774,5,0,60.0,,0
2026-09-29T01:36:20+00:00,775,5,0,60.0,,0
2026-09-29T01:36:20+00:00,776,2,0,169.99,,0
2026-09-29T01:41:32+00:00,731,560,694,36.0,59.92,0
2026-09-29T01:41:32+00:00,732,278,428,79.98,113.5,0
2026-09-29T01:41:32+00:00,733,182,314,129.98,165.0,0
2026-09-29T01:41:32+00:00,734,267,222,27.99,48.0,0
2026-09-29T01:41:32+00:00,760,38,17,30.0,30.0,0
2026-09-29T01:41:32+00:00,761,14,3,49.99,55.0,0
2026-09-29T01:41:32+00:00,762,13,0,29.99,,0
2026-09-29T01:41:32+00:00,763,11,0,69.49,,0
2026-09-29T01:41:32+00:00,764,5,0,89.99,,0
2026-09-29T01:41:32+00:00,765,8,0,65.0,,0
2026-09-29T01:41:32+00:00,766,3,0,195.0,,0
2026-09-29T01:41:32+00:00,769,5,0,40.0,,0
2026-09-29T01:41:32+00:00,770,3,0,100.0,,0
2026-09-29T01:41:32+00:00,771,2,0,199.99,,0
2026-09-29T01:41:32+00:00,772,6,0,90.0,,0
2026-09-29T01:41:32+00:00,773,2,0,169.99,,0
2026-09-29T01:41:32+00:00,774,5,0,60.0,,0
2026-09-29T01:41:32+00:00,775,5,0,60.0,,0
2026-09-29T01:41:32+00:00,776,2,0,169.99,,0
2026-09-29T01:46:43+00:00,731,560,694,36.0,59.92,0
2026-09-29T01:46:43+00:00,732,278,429,79.98,113.0,0
2026-09-29T01:46:43+00:00,733,182,314,129.98,165.0,0
2026-09-29T01:46:43+00:00,734,267,222,27.99,48.0,0
2026-09-29T01:46:43+00:00,760,37,17,32.0,30.0,0
2026-09-29T01:46:43+00:00,761,14,3,49.99,55.0,0
2026-09-29T01:46:43+00:00,762,13,0,29.99,,0
2026-09-29T01:46:43+00:00,763,11,0,69.49,,0
2026-09-29T01:46:43+00:00,764,5,0,89.99,,0
2026-09-29T01:46:43+00:00,765,8,0,65.0,,0
2026-09-29T01:46:43+00:00,766,3,0,195.0,,0
2026-09-29T01:46:43+00:00,769,5,0,40.0,,0
2026-09-29T01:46:43+00:00,770,3,0,100.0,,0
2026-09-29T01:46:43+00:00,771,2,0,199.99,,0
2026-09-29T01:46:43+00:00,772,6,0,90.0,,0
2026-09-29T01:46:43+00:00,773,2,0,169.99,,0
2026-09-29T01:46:43+00:00,774,5,0,60.0,,0
2026-09-29T01:46:43+00:00,775,5,0,60.0,,0
2026-09-29T01:46:43+00:00,776,2,0,169.99,,0
2026-09-29T01:51:54+00:00,731,560,694,35.0,59.92,0
2026-09-29T01:51:54+00:00,732,277,430,79.99,113.0,0
2026-09-29T01:51:54+00:00,733,182,314,129.98,165.0,0
2026-09-29T01:51:54+00:00,734,267,222,27.99,48.0,0
2026-09-29T01:51:54+00:00,760,38,17,30.0,30.0,0
2026-09-29T01:51:54+00:00,761,14,3,49.99,55.0,0
2026-09-29T01:51:54+00:00,762,13,0,29.99,,0
2026-09-29T01:51:54+00:00,763,11,0,69.49,,0
2026-09-29T01:51:54+00:00,764,5,0,89.99,,0
2026-09-29T01:51:54+00:00,765,8,0,65.0,,0
2026-09-29T01:51:54+00:00,766,3,0,195.0,,0
2026-09-29T01:51:54+00:00,769,5,0,40.0,,0
2026-09-29T01:51:54+00:00,770,3,0,100.0,,0
2026-09-29T01:51:54+00:00,771,2,0,199.99,,0
2026-09-29T01:51:54+00:00,772,6,0,90.0,,0
2026-09-29T01:51:54+00:00,773,2,0,169.99,,0
2026-09-29T01:51:54+00:00,774,5,0,60.0,,0
2026-09-29T01:51:54+00:00,775,5,0,60.0,,0
2026-09-29T01:51:54+00:00,776,2,0,169.99,,0
2026-09-29T01:57:04+00:00,731,560,694,35.0,59.92,0
2026-09-29T01:57:04+00:00,732,277,430,79.99,113.0,0
2026-09-29T01:57:04+00:00,733,182,314,129.98,165.0,0
2026-09-29T01:57:04+00:00,734,267,222,27.99,48.0,0
2026-09-29T01:57:04+00:00,760,36,18,32.0,31.0,0
2026-09-29T01:57:04+00:00,761,13,3,49.99,55.0,0
2026-09-29T01:57:04+00:00,762,14,0,29.99,,0
2026-09-29T01:57:04+00:00,763,11,0,69.49,,0
2026-09-29T01:57:04+00:00,764,5,0,89.99,,0
2026-09-29T01:57:04+00:00,765,8,0,65.0,,0
2026-09-29T01:57:04+00:00,766,3,0,195.0,,0
2026-09-29T01:57:04+00:00,769,5,0,40.0,,0
2026-09-29T01:57:04+00:00,770,3,0,100.0,,0
2026-09-29T01:57:04+00:00,771,2,0,199.99,,0
2026-09-29T01:57:04+00:00,772,6,0,90.0,,0
2026-09-29T01:57:04+00:00,773,2,0,169.99,,0
2026-09-29T01:57:04+00:00,774,5,0,60.0,,0
2026-09-29T01:57:04+00:00,775,5,0,60.0,,0
2026-09-29T01:57:04+00:00,776,2,0,169.99,,0
2026-09-29T02:02:15+00:00,731,559,695,35.0,59.92,0
2026-09-29T02:02:15+00:00,732,277,430,79.99,113.0,0
2026-09-29T02:02:15+00:00,733,182,314,129.98,165.0,0
2026-09-29T02:02:15+00:00,734,267,222,27.99,48.0,0
2026-09-29T02:02:15+00:00,760,37,18,30.0,31.0,0
2026-09-29T02:02:15+00:00,761,14,3,49.99,55.0,0
2026-09-29T02:02:15+00:00,762,14,0,29.99,,0
2026-09-29T02:02:15+00:00,763,11,0,69.49,,0
2026-09-29T02:02:15+00:00,764,5,0,89.99,,0
2026-09-29T02:02:15+00:00,765,8,0,65.0,,0
2026-09-29T02:02:15+00:00,766,3,0,195.0,,0
2026-09-29T02:02:15+00:00,769,5,0,40.0,,0
2026-09-29T02:02:15+00:00,770,3,0,100.0,,0
2026-09-29T02:02:15+00:00,771,2,0,199.99,,0
2026-09-29T02:02:15+00:00,772,6,0,90.0,,0
2026-09-29T02:02:15+00:00,773,2,0,169.99,,0
2026-09-29T02:02:15+00:00,774,5,0,60.0,,0
2026-09-29T02:02:15+00:00,775,5,0,60.0,,0
2026-09-29T02:02:15+00:00,776,2,0,169.99,,0
2026-09-29T02:07:23+00:00,731,557,697,35.0,59.91,0
2026-09-29T02:07:23+00:00,732,277,430,79.99,113.0,0
2026-09-29T02:07:23+00:00,733,182,314,129.98,165.0,0
2026-09-29T02:07:23+00:00,734,267,222,27.99,48.0,0
2026-09-29T02:07:23+00:00,760,37,18,30.0,31.0,0
2026-09-29T02:07:23+00:00,761,14,3,49.99,55.0,0
2026-09-29T02:07:23+00:00,762,14,0,29.99,,0
2026-09-29T02:07:23+00:00,763,11,0,69.49,,0
2026-09-29T02:07:23+00:00,764,5,0,89.99,,0
2026-09-29T02:07:23+00:00,765,8,0,65.0,,0
2026-09-29T02:07:23+00:00,766,3,0,195.0,,0
2026-09-29T02:07:23+00:00,769,5,0,40.0,,0
2026-09-29T02:07:23+00:00,770,3,0,100.0,,0
2026-09-29T02:07:23+00:00,771,2,0,199.99,,0
2026-09-29T02:07:23+00:00,772,6,0,90.0,,0
2026-09-29T02:07:23+00:00,773,2,0,169.99,,0
2026-09-29T02:07:23+00:00,774,5,0,60.0,,0
2026-09-29T02:07:23+00:00,775,5,0,60.0,,0
2026-09-29T02:07:23+00:00,776,2,0,169.99,,0
2026-09-29T02:12:35+00:00,731,558,697,35.0,59.91,0
2026-09-29T02:12:35+00:00,732,277,430,79.99,113.0,0
2026-09-29T02:12:35+00:00,733,181,315,129.98,165.0,0
2026-09-29T02:12:35+00:00,734,267,222,27.99,48.0,0
2026-09-29T02:12:35+00:00,760,37,18,30.0,31.0,0
2026-09-29T02:12:35+00:00,761,14,3,49.99,55.0,0
2026-09-29T02:12:35+00:00,762,14,0,29.99,,0
2026-09-29T02:12:35+00:00,763,11,0,69.49,,0
2026-09-29T02:12:35+00:00,764,5,0,89.99,,0
2026-09-29T02:12:35+00:00,765,8,0,65.0,,0
2026-09-29T02:12:35+00:00,766,3,0,195.0,,0
2026-09-29T02:12:35+00:00,769,5,0,40.0,,0
2026-09-29T02:12:35+00:00,770,3,0,100.0,,0
2026-09-29T02:12:35+00:00,771,2,0,199.99,,0
2026-09-29T02:12:35+00:00,772,6,0,90.0,,0
2026-09-29T02:12:35+00:00,773,2,0,169.99,,0
2026-09-29T02:12:35+00:00,774,5,0,60.0,,0
2026-09-29T02:12:35+00:00,775,5,0,60.0,,0
2026-09-29T02:12:35+00:00,776,2,0,169.99,,0
2026-09-29T02:17:46+00:00,731,558,697,35.0,59.91,0
2026-09-29T02:17:46+00:00,732,277,430,79.99,113.0,0
2026-09-29T02:17:46+00:00,733,181,315,129.98,165.0,0
2026-09-29T02:17:46+00:00,734,267,222,27.99,48.0,0
2026-09-29T02:17:46+00:00,760,38,18,30.0,31.0,0
2026-09-29T02:17:46+00:00,761,14,3,49.99,55.0,0
2026-09-29T02:17:46+00:00,762,14,0,29.99,,0
2026-09-29T02:17:46+00:00,763,11,0,69.49,,0
2026-09-29T02:17:46+00:00,764,5,0,89.99,,0
2026-09-29T02:17:46+00:00,765,8,0,65.0,,0
2026-09-29T02:17:46+00:00,766,3,0,195.0,,0
2026-09-29T02:17:46+00:00,769,5,0,40.0,,0
2026-09-29T02:17:46+00:00,770,3,0,100.0,,0
2026-09-29T02:17:46+00:00,771,2,0,199.99,,0
2026-09-29T02:17:46+00:00,772,6,0,90.0,,0
2026-09-29T02:17:46+00:00,773,2,0,169.99,,0
2026-09-29T02:17:46+00:00,774,5,0,60.0,,0
2026-09-29T02:17:46+00:00,775,5,0,60.0,,0
2026-09-29T02:17:46+00:00,776,2,0,169.99,,0
2026-09-29T02:22:57+00:00,731,559,697,35.0,59.91,0
2026-09-29T02:22:57+00:00,732,277,430,79.99,113.0,0
2026-09-29T02:22:57+00:00,733,180,315,129.98,165.0,0
2026-09-29T02:22:57+00:00,734,267,222,27.99,48.0,0
2026-09-29T02:22:57+00:00,760,38,18,30.0,31.0,0
2026-09-29T02:22:57+00:00,761,14,3,49.99,55.0,0
2026-09-29T02:22:57+00:00,762,14,0,29.99,,0
2026-09-29T02:22:57+00:00,763,11,0,69.49,,0
2026-09-29T02:22:57+00:00,764,5,0,89.99,,0
2026-09-29T02:22:57+00:00,765,8,0,65.0,,0
2026-09-29T02:22:57+00:00,766,3,0,195.0,,0
2026-09-29T02:22:57+00:00,769,5,0,40.0,,0
2026-09-29T02:22:57+00:00,770,3,0,100.0,,0
2026-09-29T02:22:57+00:00,771,2,0,199.99,,0
2026-09-29T02:22:57+00:00,772,6,0,90.0,,0
2026-09-29T02:22:57+00:00,773,2,0,169.99,,0
2026-09-29T02:22:57+00:00,774,5,0,60.0,,0
2026-09-29T02:22:57+00:00,775,5,0,60.0,,0
2026-09-29T02:22:57+00:00,776,2,0,169.99,,0
2026-09-29T02:28:09+00:00,731,559,697,35.0,59.91,0
2026-09-29T02:28:09+00:00,732,277,430,79.99,113.0,0
2026-09-29T02:28:09+00:00,733,180,316,129.98,165.0,0
2026-09-29T02:28:09+00:00,734,267,222,27.99,48.0,0
2026-09-29T02:28:09+00:00,760,38,18,30.0,31.0,0
2026-09-29T02:28:09+00:00,761,14,3,49.99,55.0,0
2026-09-29T02:28:09+00:00,762,14,0,29.99,,0
2026-09-29T02:28:09+00:00,763,11,0,69.49,,0
2026-09-29T02:28:09+00:00,764,5,0,89.99,,0
2026-09-29T02:28:09+00:00,765,8,0,65.0,,0
2026-09-29T02:28:09+00:00,766,3,0,195.0,,0
2026-09-29T02:28:09+00:00,769,5,0,40.0,,0
2026-09-29T02:28:09+00:00,770,3,0,100.0,,0
2026-09-29T02:28:09+00:00,771,2,0,199.99,,0
2026-09-29T02:28:09+00:00,772,6,0,90.0,,0
2026-09-29T02:28:09+00:00,773,2,0,169.99,,0
2026-09-29T02:28:09+00:00,774,5,0,60.0,,0
2026-09-29T02:28:09+00:00,775,5,0,60.0,,0
2026-09-29T02:28:09+00:00,776,2,0,169.99,,0
2026-09-29T02:33:20+00:00,731,560,697,35.0,59.91,0
2026-09-29T02:33:20+00:00,732,277,430,79.99,113.0,0
2026-09-29T02:33:20+00:00,733,180,316,129.98,165.0,0
2026-09-29T02:33:20+00:00,734,267,222,27.99,48.0,0
2026-09-29T02:33:20+00:00,760,38,18,30.0,31.0,0
2026-09-29T02:33:20+00:00,761,14,3,49.99,55.0,0
2026-09-29T02:33:20+00:00,762,14,0,29.99,,0
2026-09-29T02:33:20+00:00,763,11,0,69.49,,0
2026-09-29T02:33:20+00:00,764,5,0,89.99,,0
2026-09-29T02:33:20+00:00,765,8,0,65.0,,0
2026-09-29T02:33:20+00:00,766,3,0,195.0,,0
2026-09-29T02:33:20+00:00,769,5,0,40.0,,0
2026-09-29T02:33:20+00:00,770,3,0,100.0,,0
2026-09-29T02:33:20+00:00,771,2,0,199.99,,0
2026-09-29T02:33:20+00:00,772,6,0,90.0,,0
2026-09-29T02:33:20+00:00,773,2,0,169.99,,0
2026-09-29T02:33:20+00:00,774,5,0,60.0,,0
2026-09-29T02:33:20+00:00,775,5,0,60.0,,0
2026-09-29T02:33:20+00:00,776,2,0,169.99,,0
2026-09-29T02:38:31+00:00,731,560,697,35.0,59.91,0
2026-09-29T02:38:31+00:00,732,277,430,79.99,113.0,0
2026-09-29T02:38:31+00:00,733,180,316,129.98,165.0,0
2026-09-29T02:38:31+00:00,734,267,222,27.99,48.0,0
2026-09-29T02:38:31+00:00,760,38,18,30.0,31.0,0
2026-09-29T02:38:31+00:00,761,14,3,49.99,55.0,0
2026-09-29T02:38:31+00:00,762,14,0,29.99,,0
2026-09-29T02:38:31+00:00,763,11,0,69.49,,0
2026-09-29T02:38:31+00:00,764,5,0,89.99,,0
2026-09-29T02:38:31+00:00,765,8,0,65.0,,0
2026-09-29T02:38:31+00:00,766,3,0,195.0,,0
2026-09-29T02:38:31+00:00,769,5,0,40.0,,0
2026-09-29T02:38:31+00:00,770,3,0,100.0,,0
2026-09-29T02:38:31+00:00,771,2,0,199.99,,0
2026-09-29T02:38:31+00:00,772,6,0,90.0,,0
2026-09-29T02:38:31+00:00,773,2,0,169.99,,0
2026-09-29T02:38:31+00:00,774,5,0,60.0,,0
2026-09-29T02:38:31+00:00,775,5,0,60.0,,0
2026-09-29T02:38:31+00:00,776,2,0,169.99,,0
2026-09-29T02:43:40+00:00,731,561,697,33.0,59.91,0
2026-09-29T02:43:40+00:00,732,276,430,79.99,113.0,0
2026-09-29T02:43:40+00:00,733,179,316,129.98,165.0,0
2026-09-29T02:43:40+00:00,734,267,222,27.99,48.0,0
2026-09-29T02:43:40+00:00,760,38,18,30.0,31.0,0
2026-09-29T02:43:40+00:00,761,14,3,49.99,55.0,0
2026-09-29T02:43:40+00:00,762,14,0,29.99,,0
2026-09-29T02:43:40+00:00,763,11,0,69.49,,0
2026-09-29T02:43:40+00:00,764,5,0,89.99,,0
2026-09-29T02:43:40+00:00,765,8,0,65.0,,0
2026-09-29T02:43:40+00:00,766,3,0,195.0,,0
2026-09-29T02:43:40+00:00,769,5,0,40.0,,0
2026-09-29T02:43:40+00:00,770,3,0,100.0,,0
2026-09-29T02:43:40+00:00,771,2,0,199.99,,0
2026-09-29T02:43:40+00:00,772,6,0,90.0,,0
2026-09-29T02:43:40+00:00,773,2,0,169.99,,0
2026-09-29T02:43:40+00:00,774,5,0,60.0,,0
2026-09-29T02:43:40+00:00,775,5,0,60.0,,0
2026-09-29T02:43:40+00:00,776,2,0,169.99,,0
2026-09-29T02:48:53+00:00,731,561,697,33.0,59.91,0
2026-09-29T02:48:53+00:00,732,276,431,79.99,113.0,0
2026-09-29T02:48:53+00:00,733,179,316,129.98,165.0,0
2026-09-29T02:48:53+00:00,734,267,222,27.99,48.0,0
2026-09-29T02:48:53+00:00,760,38,18,30.0,31.0,0
2026-09-29T02:48:53+00:00,761,14,3,49.99,55.0,0
2026-09-29T02:48:53+00:00,762,14,0,29.99,,0
2026-09-29T02:48:53+00:00,763,11,0,69.49,,0
2026-09-29T02:48:53+00:00,764,5,0,89.99,,0
2026-09-29T02:48:53+00:00,765,8,0,65.0,,0
2026-09-29T02:48:53+00:00,766,3,0,195.0,,0
2026-09-29T02:48:53+00:00,769,5,0,40.0,,0
2026-09-29T02:48:53+00:00,770,3,0,100.0,,0
2026-09-29T02:48:53+00:00,771,2,0,199.99,,0
2026-09-29T02:48:53+00:00,772,6,0,90.0,,0
2026-09-29T02:48:53+00:00,773,2,0,169.99,,0
2026-09-29T02:48:53+00:00,774,5,0,60.0,,0
2026-09-29T02:48:53+00:00,775,5,0,60.0,,0
2026-09-29T02:48:53+00:00,776,2,0,169.99,,0
2026-09-29T02:54:03+00:00,731,562,697,33.0,59.91,0
2026-09-29T02:54:03+00:00,732,274,431,80.0,113.0,0
2026-09-29T02:54:03+00:00,733,179,316,129.98,165.0,0
2026-09-29T02:54:03+00:00,734,267,222,27.99,48.0,0
2026-09-29T02:54:03+00:00,760,38,18,30.0,31.0,0
2026-09-29T02:54:03+00:00,761,14,3,49.99,55.0,0
2026-09-29T02:54:03+00:00,762,14,0,29.99,,0
2026-09-29T02:54:03+00:00,763,11,0,69.49,,0
2026-09-29T02:54:03+00:00,764,5,0,89.99,,0
2026-09-29T02:54:03+00:00,765,8,0,65.0,,0
2026-09-29T02:54:03+00:00,766,3,0,195.0,,0
2026-09-29T02:54:03+00:00,769,5,0,40.0,,0
2026-09-29T02:54:03+00:00,770,3,0,100.0,,0
2026-09-29T02:54:03+00:00,771,2,0,199.99,,0
2026-09-29T02:54:03+00:00,772,6,0,90.0,,0
2026-09-29T02:54:03+00:00,773,2,0,169.99,,0
2026-09-29T02:54:03+00:00,774,5,0,60.0,,0
2026-09-29T02:54:03+00:00,775,5,0,60.0,,0
2026-09-29T02:54:03+00:00,776,2,0,169.99,,0
2026-09-29T02:59:13+00:00,731,562,697,33.0,59.91,0
2026-09-29T02:59:13+00:00,732,275,432,79.99,113.0,0
2026-09-29T02:59:13+00:00,733,179,316,129.98,165.0,0
2026-09-29T02:59:13+00:00,734,267,222,27.99,48.0,0
2026-09-29T02:59:13+00:00,760,38,18,30.0,31.0,0
2026-09-29T02:59:13+00:00,761,14,3,49.99,55.0,0
2026-09-29T02:59:13+00:00,762,14,0,29.99,,0
2026-09-29T02:59:13+00:00,763,11,0,69.49,,0
2026-09-29T02:59:13+00:00,764,5,0,89.99,,0
2026-09-29T02:59:13+00:00,765,8,0,65.0,,0
2026-09-29T02:59:13+00:00,766,3,0,195.0,,0
2026-09-29T02:59:13+00:00,769,5,0,40.0,,0
2026-09-29T02:59:13+00:00,770,3,0,100.0,,0
2026-09-29T02:59:13+00:00,771,2,0,199.99,,0
2026-09-29T02:59:13+00:00,772,6,0,90.0,,0
2026-09-29T02:59:13+00:00,773,2,0,169.99,,0
2026-09-29T02:59:13+00:00,774,5,0,60.0,,0
2026-09-29T02:59:13+00:00,775,5,0,60.0,,0
2026-09-29T02:59:13+00:00,776,2,0,169.99,,0
2026-09-29T03:04:24+00:00,731,563,697,33.0,59.91,0
2026-09-29T03:04:24+00:00,732,276,432,79.99,113.0,0
2026-09-29T03:04:24+00:00,733,179,316,129.98,165.0,0
2026-09-29T03:04:24+00:00,734,267,222,27.99,48.0,0
2026-09-29T03:04:24+00:00,760,38,18,30.0,31.0,0
2026-09-29T03:04:24+00:00,761,14,3,49.99,55.0,0
2026-09-29T03:04:24+00:00,762,14,0,29.99,,0
2026-09-29T03:04:24+00:00,763,11,0,69.49,,0
2026-09-29T03:04:24+00:00,764,5,0,89.99,,0
2026-09-29T03:04:24+00:00,765,8,0,65.0,,0
2026-09-29T03:04:24+00:00,766,3,0,195.0,,0
2026-09-29T03:04:24+00:00,769,5,0,40.0,,0
2026-09-29T03:04:24+00:00,770,3,0,100.0,,0
2026-09-29T03:04:24+00:00,771,2,0,199.99,,0
2026-09-29T03:04:24+00:00,772,6,0,90.0,,0
2026-09-29T03:04:24+00:00,773,2,0,169.99,,0
2026-09-29T03:04:24+00:00,774,5,0,60.0,,0
2026-09-29T03:04:24+00:00,775,5,0,60.0,,0
2026-09-29T03:04:24+00:00,776,2,0,169.99,,0
2026-09-29T03:09:37+00:00,731,564,697,33.0,59.91,0
2026-09-29T03:09:37+00:00,732,276,432,79.99,113.0,0
2026-09-29T03:09:37+00:00,733,178,316,129.98,165.0,0
2026-09-29T03:09:37+00:00,734,267,222,27.99,48.0,0
2026-09-29T03:09:37+00:00,760,40,18,30.0,31.0,0
2026-09-29T03:09:37+00:00,761,14,3,49.99,55.0,0
2026-09-29T03:09:37+00:00,762,14,0,29.99,,0
2026-09-29T03:09:37+00:00,763,11,0,69.49,,0
2026-09-29T03:09:37+00:00,764,5,0,89.99,,0
2026-09-29T03:09:37+00:00,765,8,0,65.0,,0
2026-09-29T03:09:37+00:00,766,3,0,195.0,,0
2026-09-29T03:09:37+00:00,769,5,0,40.0,,0
2026-09-29T03:09:37+00:00,770,3,0,100.0,,0
2026-09-29T03:09:37+00:00,771,2,0,199.99,,0
2026-09-29T03:09:37+00:00,772,6,0,90.0,,0
2026-09-29T03:09:37+00:00,773,2,0,169.99,,0
2026-09-29T03:09:37+00:00,774,5,0,60.0,,0
2026-09-29T03:09:37+00:00,775,5,0,60.0,,0
2026-09-29T03:09:37+00:00,776,2,0,169.99,,0
2026-09-29T03:14:48+00:00,731,562,698,35.0,59.7,0
2026-09-29T03:14:48+00:00,732,277,432,79.99,113.0,0
2026-09-29T03:14:48+00:00,733,179,316,129.98,165.0,0
2026-09-29T03:14:48+00:00,734,267,222,27.99,48.0,0
2026-09-29T03:14:48+00:00,760,40,18,30.0,31.0,0
2026-09-29T03:14:48+00:00,761,14,3,49.99,55.0,0
2026-09-29T03:14:48+00:00,762,14,0,29.99,,0
2026-09-29T03:14:48+00:00,763,11,0,69.49,,0
2026-09-29T03:14:48+00:00,764,5,0,89.99,,0
2026-09-29T03:14:48+00:00,765,8,0,65.0,,0
2026-09-29T03:14:48+00:00,766,3,0,195.0,,0
2026-09-29T03:14:48+00:00,769,5,0,40.0,,0
2026-09-29T03:14:48+00:00,770,3,0,100.0,,0
2026-09-29T03:14:48+00:00,771,2,0,199.99,,0
2026-09-29T03:14:48+00:00,772,6,0,90.0,,0
2026-09-29T03:14:48+00:00,773,2,0,169.99,,0
2026-09-29T03:14:48+00:00,774,5,0,60.0,,0
2026-09-29T03:14:48+00:00,775,5,0,60.0,,0
2026-09-29T03:14:48+00:00,776,2,0,169.99,,0
2026-09-29T03:20:01+00:00,731,563,699,35.0,59.5,0
2026-09-29T03:20:01+00:00,732,277,432,79.99,113.0,0
2026-09-29T03:20:01+00:00,733,178,317,129.98,165.0,0
2026-09-29T03:20:01+00:00,734,267,222,27.99,48.0,0
2026-09-29T03:20:01+00:00,760,40,18,30.0,31.0,0
2026-09-29T03:20:01+00:00,761,14,3,45.0,55.0,0
2026-09-29T03:20:01+00:00,762,15,0,29.99,,0
2026-09-29T03:20:01+00:00,763,11,0,69.49,,0
2026-09-29T03:20:01+00:00,764,5,0,89.99,,0
2026-09-29T03:20:01+00:00,765,8,0,65.0,,0
2026-09-29T03:20:01+00:00,766,3,0,195.0,,0
2026-09-29T03:20:01+00:00,769,5,0,40.0,,0
2026-09-29T03:20:01+00:00,770,3,0,100.0,,0
2026-09-29T03:20:01+00:00,771,2,0,199.99,,0
2026-09-29T03:20:01+00:00,772,6,0,90.0,,0
2026-09-29T03:20:01+00:00,773,2,0,169.99,,0
2026-09-29T03:20:01+00:00,774,5,0,60.0,,0
2026-09-29T03:20:01+00:00,775,5,0,60.0,,0
2026-09-29T03:20:01+00:00,776,2,0,169.99,,0
2026-09-29T03:25:14+00:00,731,563,699,35.0,59.5,0
2026-09-29T03:25:14+00:00,732,277,432,79.99,113.0,0
2026-09-29T03:25:14+00:00,733,178,317,129.98,165.0,0
2026-09-29T03:25:14+00:00,734,267,222,27.99,48.0,0
2026-09-29T03:25:14+00:00,760,41,18,30.0,31.0,0
2026-09-29T03:25:14+00:00,761,14,3,45.0,55.0,0
2026-09-29T03:25:14+00:00,762,15,0,29.99,,0
2026-09-29T03:25:14+00:00,763,11,0,69.49,,0
2026-09-29T03:25:14+00:00,764,6,0,75.0,,0
2026-09-29T03:25:14+00:00,765,8,0,65.0,,0
2026-09-29T03:25:14+00:00,766,3,0,195.0,,0
2026-09-29T03:25:14+00:00,769,5,0,40.0,,0
2026-09-29T03:25:14+00:00,770,3,0,100.0,,0
2026-09-29T03:25:14+00:00,771,2,0,199.99,,0
2026-09-29T03:25:14+00:00,772,6,0,90.0,,0
2026-09-29T03:25:14+00:00,773,2,0,169.99,,0
2026-09-29T03:25:14+00:00,774,5,0,60.0,,0
2026-09-29T03:25:14+00:00,775,5,0,60.0,,0
2026-09-29T03:25:14+00:00,776,2,0,169.99,,0
2026-09-29T03:30:29+00:00,731,564,699,35.0,59.5,0
2026-09-29T03:30:29+00:00,732,277,432,79.99,113.0,0
2026-09-29T03:30:29+00:00,733,178,317,129.98,165.0,0
2026-09-29T03:30:29+00:00,734,267,222,27.99,48.0,0
2026-09-29T03:30:29+00:00,760,42,18,29.0,31.0,0
2026-09-29T03:30:29+00:00,761,14,3,44.99,55.0,0
2026-09-29T03:30:29+00:00,762,15,0,29.99,,0
2026-09-29T03:30:29+00:00,763,11,0,69.49,,0
2026-09-29T03:30:29+00:00,764,6,0,75.0,,0
2026-09-29T03:30:29+00:00,765,8,0,65.0,,0
2026-09-29T03:30:29+00:00,766,3,0,195.0,,0
2026-09-29T03:30:29+00:00,769,5,0,40.0,,0
2026-09-29T03:30:29+00:00,770,3,0,100.0,,0
2026-09-29T03:30:29+00:00,771,2,0,199.99,,0
2026-09-29T03:30:29+00:00,772,6,0,90.0,,0
2026-09-29T03:30:29+00:00,773,2,0,169.99,,0
2026-09-29T03:30:29+00:00,774,5,0,60.0,,0
2026-09-29T03:30:29+00:00,775,5,0,60.0,,0
2026-09-29T03:30:29+00:00,776,2,0,169.99,,0
2026-09-29T03:35:41+00:00,731,564,699,35.0,59.5,0
2026-09-29T03:35:41+00:00,732,277,432,79.99,113.0,0
2026-09-29T03:35:41+00:00,733,178,317,129.98,165.0,0
2026-09-29T03:35:41+00:00,734,267,222,27.99,48.0,0
2026-09-29T03:35:41+00:00,760,42,18,29.0,31.0,0
2026-09-29T03:35:41+00:00,761,15,3,44.99,55.0,0
2026-09-29T03:35:41+00:00,762,15,0,29.99,,0
2026-09-29T03:35:41+00:00,763,11,0,69.49,,0
2026-09-29T03:35:41+00:00,764,6,0,75.0,,0
2026-09-29T03:35:41+00:00,765,8,0,65.0,,0
2026-09-29T03:35:41+00:00,766,3,0,195.0,,0
2026-09-29T03:35:41+00:00,769,5,0,40.0,,0
2026-09-29T03:35:41+00:00,770,3,0,100.0,,0
2026-09-29T03:35:41+00:00,771,2,0,199.99,,0
2026-09-29T03:35:41+00:00,772,6,0,90.0,,0
2026-09-29T03:35:41+00:00,773,2,0,169.99,,0
2026-09-29T03:35:41+00:00,774,5,0,60.0,,0
2026-09-29T03:35:41+00:00,775,5,0,60.0,,0
2026-09-29T03:35:41+00:00,776,2,0,169.99,,0
2026-09-29T03:40:52+00:00,731,564,699,35.0,59.5,0
2026-09-29T03:40:52+00:00,732,277,432,79.99,113.0,0
2026-09-29T03:40:52+00:00,733,178,317,129.98,165.0,0
2026-09-29T03:40:52+00:00,734,267,222,27.99,48.0,0
2026-09-29T03:40:52+00:00,760,42,18,29.0,31.0,0
2026-09-29T03:40:52+00:00,761,15,3,44.99,55.0,0
2026-09-29T03:40:52+00:00,762,15,0,29.99,,0
2026-09-29T03:40:52+00:00,763,11,0,69.49,,0
2026-09-29T03:40:52+00:00,764,6,0,75.0,,0
2026-09-29T03:40:52+00:00,765,8,0,65.0,,0
2026-09-29T03:40:52+00:00,766,3,0,195.0,,0
2026-09-29T03:40:52+00:00,769,5,0,40.0,,0
2026-09-29T03:40:52+00:00,770,3,0,100.0,,0
2026-09-29T03:40:52+00:00,771,2,0,199.99,,0
2026-09-29T03:40:52+00:00,772,6,0,90.0,,0
2026-09-29T03:40:52+00:00,773,2,0,169.99,,0
2026-09-29T03:40:52+00:00,774,5,0,60.0,,0
2026-09-29T03:40:52+00:00,775,5,0,60.0,,0
2026-09-29T03:40:52+00:00,776,2,0,169.99,,0
2026-09-29T03:46:02+00:00,731,565,699,35.0,59.5,0
2026-09-29T03:46:02+00:00,732,277,432,79.99,113.0,0
2026-09-29T03:46:02+00:00,733,175,319,134.0,165.0,0
2026-09-29T03:46:02+00:00,734,267,222,27.99,48.0,0
2026-09-29T03:46:02+00:00,760,42,18,29.0,31.0,0
2026-09-29T03:46:02+00:00,761,15,3,44.99,55.0,0
2026-09-29T03:46:02+00:00,762,15,0,29.99,,0
2026-09-29T03:46:02+00:00,763,11,0,69.49,,0
2026-09-29T03:46:02+00:00,764,6,0,75.0,,0
2026-09-29T03:46:02+00:00,765,8,0,65.0,,0
2026-09-29T03:46:02+00:00,766,3,0,195.0,,0
2026-09-29T03:46:02+00:00,769,5,0,40.0,,0
2026-09-29T03:46:02+00:00,770,3,0,100.0,,0
2026-09-29T03:46:02+00:00,771,2,0,199.99,,0
2026-09-29T03:46:02+00:00,772,6,0,90.0,,0
2026-09-29T03:46:02+00:00,773,2,0,169.99,,0
2026-09-29T03:46:02+00:00,774,5,0,60.0,,0
2026-09-29T03:46:02+00:00,775,5,0,60.0,,0
2026-09-29T03:46:02+00:00,776,2,0,169.99,,0
2026-09-29T03:51:14+00:00,731,565,699,35.0,59.5,0
2026-09-29T03:51:14+00:00,732,277,432,79.99,113.0,0
2026-09-29T03:51:14+00:00,733,175,320,134.0,165.0,0
2026-09-29T03:51:14+00:00,734,267,222,27.99,48.0,0
2026-09-29T03:51:14+00:00,760,42,18,29.0,31.0,0
2026-09-29T03:51:14+00:00,761,15,3,44.99,55.0,0
2026-09-29T03:51:14+00:00,762,15,0,29.99,,0
2026-09-29T03:51:14+00:00,763,11,0,69.49,,0
2026-09-29T03:51:14+00:00,764,6,0,75.0,,0
2026-09-29T03:51:14+00:00,765,8,0,65.0,,0
2026-09-29T03:51:14+00:00,766,3,0,195.0,,0
2026-09-29T03:51:14+00:00,769,5,0,40.0,,0
2026-09-29T03:51:14+00:00,770,3,0,100.0,,0
2026-09-29T03:51:14+00:00,771,2,0,199.99,,0
2026-09-29T03:51:14+00:00,772,6,0,90.0,,0
2026-09-29T03:51:14+00:00,773,2,0,169.99,,0
2026-09-29T03:51:14+00:00,774,5,0,60.0,,0
2026-09-29T03:51:14+00:00,775,5,0,60.0,,0
2026-09-29T03:51:14+00:00,776,2,0,169.99,,0
